{"train_loss": 245.90573120117188, "_timestamp": 1711628689.632062, "_runtime": 5.368185043334961, "_step": 2549, "epoch_train_loss": 24589.71484375, "epoch_val_loss": 26185.931048870087, "gradients/h2o.bias": {"_type": "histogram", "values": [1.0, 0.0, 0.0, 0.0, 0.0, 0.0, 0.0, 0.0, 0.0, 0.0, 0.0, 0.0, 0.0, 0.0, 0.0, 0.0, 0.0, 0.0, 0.0, 0.0, 0.0, 0.0, 0.0, 0.0, 0.0, 0.0, 0.0, 0.0, 0.0, 0.0, 0.0, 0.0, 0.0, 0.0, 0.0, 0.0, 0.0, 0.0, 0.0, 0.0, 0.0, 0.0, 0.0, 0.0, 0.0, 0.0, 0.0, 0.0, 0.0, 0.0, 0.0, 0.0, 0.0, 0.0, 0.0, 0.0, 0.0, 0.0, 0.0, 0.0, 0.0, 0.0, 0.0, 1.0], "bins": [-4.788435935974121, -4.786951541900635, -4.785467147827148, -4.783982753753662, -4.782498359680176, -4.781014442443848, -4.779530048370361, -4.778045654296875, -4.776561260223389, -4.775076866149902, -4.773592472076416, -4.77210807800293, -4.770624160766602, -4.769139766693115, -4.767655372619629, -4.766170978546143, -4.764686584472656, -4.76320219039917, -4.761717796325684, -4.760233402252197, -4.758749008178711, -4.757265090942383, -4.7557806968688965, -4.75429630279541, -4.752811908721924, -4.7513275146484375, -4.749843120574951, -4.748358726501465, -4.746874809265137, -4.74539041519165, -4.743906021118164, -4.742421627044678, -4.740937232971191, -4.739452838897705, -4.737968444824219, -4.736484050750732, -4.734999656677246, -4.733515739440918, -4.732031345367432, -4.730546951293945, -4.729062557220459, -4.727578163146973, -4.726093769073486, -4.724609375, -4.723125457763672, -4.7216410636901855, -4.720156669616699, -4.718672275543213, -4.717187881469727, -4.71570348739624, -4.714219093322754, -4.712734699249268, -4.711250305175781, -4.709766387939453, -4.708281993865967, -4.7067975997924805, -4.705313205718994, -4.703828811645508, -4.7023444175720215, -4.700860023498535, -4.699376106262207, -4.697891712188721, -4.696407318115234, -4.694922924041748, -4.693438529968262]}, "gradients/h2o.weight": {"_type": "histogram", "values": [30.0, 0.0, 0.0, 0.0, 0.0, 0.0, 0.0, 0.0, 0.0, 0.0, 0.0, 0.0, 0.0, 0.0, 0.0, 0.0, 0.0, 0.0, 0.0, 0.0, 0.0, 0.0, 0.0, 0.0, 0.0, 0.0, 0.0, 0.0, 0.0, 0.0, 0.0, 0.0, 0.0, 0.0, 0.0, 0.0, 0.0, 0.0, 0.0, 0.0, 0.0, 0.0, 0.0, 0.0, 0.0, 0.0, 0.0, 0.0, 0.0, 0.0, 0.0, 0.0, 0.0, 0.0, 0.0, 0.0, 0.0, 0.0, 0.0, 0.0, 0.0, 0.0, 0.0, 34.0], "bins": [-4.788435935974121, -4.638797283172607, -4.489158630371094, -4.33951997756958, -4.189881324768066, -4.040242671966553, -3.890604257583618, -3.7409656047821045, -3.591326951980591, -3.441688299179077, -3.2920496463775635, -3.14241099357605, -2.9927725791931152, -2.8431339263916016, -2.693495273590088, -2.543856620788574, -2.3942179679870605, -2.244579315185547, -2.094940662384033, -1.945302128791809, -1.7956634759902954, -1.6460248231887817, -1.4963862895965576, -1.346747636795044, -1.1971089839935303, -1.0474703311920166, -0.8978317379951477, -0.7481931447982788, -0.5985544919967651, -0.44891586899757385, -0.29927724599838257, -0.14963862299919128, 0.0, 0.14963862299919128, 0.29927724599838257, 0.44891586899757385, 0.5985544919967651, 0.7481931447982788, 0.8978317379951477, 1.0474703311920166, 1.1971089839935303, 1.346747636795044, 1.4963862895965576, 1.6460248231887817, 1.7956634759902954, 1.945302128791809, 2.094940662384033, 2.244579315185547, 2.3942179679870605, 2.543856620788574, 2.693495273590088, 2.8431339263916016, 2.9927725791931152, 3.14241099357605, 3.2920496463775635, 3.441688299179077, 3.591326951980591, 3.7409656047821045, 3.890604257583618, 4.040242671966553, 4.189881324768066, 4.33951997756958, 4.489158630371094, 4.638797283172607, 4.788435935974121]}, "gradients/rnn_cell.bias_ih": {"_type": "histogram", "values": [31.0, 0.0, 0.0, 0.0, 0.0, 0.0, 0.0, 0.0, 0.0, 0.0, 0.0, 0.0, 0.0, 0.0, 0.0, 0.0, 0.0, 0.0, 0.0, 0.0, 0.0, 0.0, 0.0, 0.0, 0.0, 0.0, 0.0, 0.0, 0.0, 0.0, 0.0, 0.0, 0.0, 0.0, 0.0, 0.0, 0.0, 0.0, 0.0, 0.0, 0.0, 0.0, 0.0, 0.0, 0.0, 0.0, 0.0, 0.0, 0.0, 0.0, 0.0, 0.0, 0.0, 0.0, 0.0, 0.0, 0.0, 0.0, 0.0, 0.0, 0.0, 0.0, 0.0, 1.0], "bins": [-5.282299389364198e-05, 2.761926589300856e-05, 0.0001080615256796591, 0.00018850379274226725, 0.0002689460525289178, 0.00034938831231556833, 0.00042983057210221887, 0.000510272802785039, 0.0005907150916755199, 0.00067115732235834, 0.000751599611248821, 0.0008320418419316411, 0.0009124841308221221, 0.000992926419712603, 0.0010733685921877623, 0.0011538108810782433, 0.0012342531699687243, 0.0013146954588592052, 0.0013951376313343644, 0.0014755799202248454, 0.0015560222091153264, 0.0016364644980058074, 0.0017169066704809666, 0.0017973489593714476, 0.0018777912482619286, 0.0019582335371524096, 0.0020386758260428905, 0.0021191181149333715, 0.002199560170993209, 0.00228000245988369, 0.002360444748774171, 0.002440887037664652, 0.002521329093724489, 0.00260177138261497, 0.002682213671505451, 0.002762655960395932, 0.002843098249286413, 0.0029235403053462505, 0.0030039825942367315, 0.0030844248831272125, 0.0031648671720176935, 0.0032453094609081745, 0.0033257517497986555, 0.0034061940386891365, 0.003486636094748974, 0.003567078383639455, 0.003647520672529936, 0.003727962961420417, 0.003808405250310898, 0.003888847539201379, 0.00396928982809186, 0.004049731884151697, 0.004130174405872822, 0.004210616461932659, 0.004291058983653784, 0.004371501039713621, 0.004451943561434746, 0.004532385617494583, 0.0046128276735544205, 0.004693270195275545, 0.0047737122513353825, 0.004854154773056507, 0.0049345968291163445, 0.005015039350837469, 0.0050954814068973064]}, "gradients/rnn_cell.weight_ih": {"_type": "histogram", "values": [95.0, 0.0, 0.0, 0.0, 0.0, 0.0, 0.0, 0.0, 0.0, 0.0, 0.0, 0.0, 0.0, 0.0, 0.0, 0.0, 0.0, 0.0, 0.0, 0.0, 0.0, 0.0, 0.0, 0.0, 0.0, 0.0, 0.0, 0.0, 0.0, 0.0, 0.0, 0.0, 0.0, 0.0, 0.0, 0.0, 0.0, 0.0, 0.0, 0.0, 0.0, 0.0, 0.0, 0.0, 0.0, 0.0, 0.0, 0.0, 0.0, 0.0, 0.0, 0.0, 0.0, 0.0, 0.0, 0.0, 0.0, 0.0, 0.0, 0.0, 0.0, 0.0, 0.0, 1.0], "bins": [-0.03534606471657753, 0.01848120242357254, 0.07230846583843231, 0.12613573670387268, 0.17996300756931305, 0.23379027843475342, 0.2876175343990326, 0.34144479036331177, 0.39527207612991333, 0.4490993320941925, 0.5029265880584717, 0.5567538738250732, 0.6105811595916748, 0.6644083857536316, 0.7182356715202332, 0.7720629572868347, 0.8258901834487915, 0.8797174692153931, 0.9335447549819946, 0.9873720407485962, 1.0411993265151978, 1.0950264930725098, 1.1488537788391113, 1.202681064605713, 1.2565083503723145, 1.310335636138916, 1.3641629219055176, 1.4179902076721191, 1.4718173742294312, 1.5256446599960327, 1.5794719457626343, 1.6332992315292358, 1.6871265172958374, 1.740953803062439, 1.7947810888290405, 1.848608374595642, 1.902435541152954, 1.9562628269195557, 2.0100901126861572, 2.063917398452759, 2.1177446842193604, 2.171571969985962, 2.2253992557525635, 2.279226541519165, 2.3330538272857666, 2.386880874633789, 2.4407081604003906, 2.494535446166992, 2.5483627319335938, 2.6021900177001953, 2.656017303466797, 2.7098445892333984, 2.763671875, 2.8174991607666016, 2.871326446533203, 2.9251537322998047, 2.9789810180664062, 3.032808303833008, 3.0866353511810303, 3.140462636947632, 3.1942899227142334, 3.248117208480835, 3.3019444942474365, 3.355771780014038, 3.4095990657806396]}, "gradients/rnn_cell.bias_hh": {"_type": "histogram", "values": [31.0, 0.0, 0.0, 0.0, 0.0, 0.0, 0.0, 0.0, 0.0, 0.0, 0.0, 0.0, 0.0, 0.0, 0.0, 0.0, 0.0, 0.0, 0.0, 0.0, 0.0, 0.0, 0.0, 0.0, 0.0, 0.0, 0.0, 0.0, 0.0, 0.0, 0.0, 0.0, 0.0, 0.0, 0.0, 0.0, 0.0, 0.0, 0.0, 0.0, 0.0, 0.0, 0.0, 0.0, 0.0, 0.0, 0.0, 0.0, 0.0, 0.0, 0.0, 0.0, 0.0, 0.0, 0.0, 0.0, 0.0, 0.0, 0.0, 0.0, 0.0, 0.0, 0.0, 1.0],