{"train_loss": 174.2560577392578, "_timestamp": 1712139439.621665, "_runtime": 26.266206979751587, "_step": 6314, "epoch_train_loss": 112.90784454345703, "epoch_val_loss": 192.0637664794922, "gradients/h2o.bias": {"_type": "histogram", "values": [1.0, 0.0, 0.0, 0.0, 0.0, 0.0, 0.0, 0.0, 0.0, 0.0, 0.0, 0.0, 0.0, 0.0, 0.0, 0.0, 0.0, 0.0, 0.0, 0.0, 0.0, 0.0, 0.0, 0.0, 0.0, 0.0, 0.0, 0.0, 0.0, 0.0, 0.0, 0.0, 0.0, 0.0, 0.0, 0.0, 0.0, 0.0, 0.0, 0.0, 0.0, 0.0, 0.0, 0.0, 0.0, 0.0, 0.0, 0.0, 0.0, 0.0, 0.0, 0.0, 0.0, 0.0, 0.0, 0.0, 0.0, 0.0, 0.0, 0.0, 0.0, 0.0, 0.0, 1.0], "bins": [-42.08731460571289, -41.44076919555664, -40.79422378540039, -40.14767837524414, -39.50113296508789, -38.85458755493164, -38.20804214477539, -37.561492919921875, -36.914947509765625, -36.268402099609375, -35.621856689453125, -34.975311279296875, -34.328765869140625, -33.682220458984375, -33.035675048828125, -32.389129638671875, -31.742584228515625, -31.096038818359375, -30.449493408203125, -29.802947998046875, -29.156402587890625, -28.509857177734375, -27.863309860229492, -27.216764450073242, -26.570219039916992, -25.923673629760742, -25.277128219604492, -24.630582809448242, -23.98403549194336, -23.33749008178711, -22.69094467163086, -22.04439926147461, -21.39785385131836, -20.75130844116211, -20.10476303100586, -19.45821762084961, -18.81167221069336, -18.165124893188477, -17.518579483032227, -16.872034072875977, -16.225488662719727, -15.578943252563477, -14.932397842407227, -14.28585147857666, -13.63930606842041, -12.99276065826416, -12.346214294433594, -11.699668884277344, -11.053123474121094, -10.406578063964844, -9.760032653808594, -9.113486289978027, -8.466940879821777, -7.820395469665527, -7.173849582672119, -6.527303695678711, -5.880758285522461, -5.234212875366211, -4.587666988372803, -3.9411213397979736, -3.2945756912231445, -2.6480300426483154, -2.0014843940734863, -1.3549387454986572, -0.7083930969238281]}, "gradients/h2o.weight": {"_type": "histogram", "values": [1.0, 0.0, 0.0, 0.0, 0.0, 1.0, 0.0, 0.0, 1.0, 1.0, 1.0, 0.0, 2.0, 0.0, 1.0, 2.0, 1.0, 1.0, 0.0, 2.0, 3.0, 2.0, 3.0, 2.0, 7.0, 17.0, 4.0, 5.0, 3.0, 6.0, 11.0, 6.0, 8.0, 8.0, 13.0, 22.0, 11.0, 8.0, 10.0, 7.0, 9.0, 8.0, 5.0, 5.0, 4.0, 16.0, 11.0, 7.0, 6.0, 2.0, 2.0, 0.0, 0.0, 2.0, 2.0, 1.0, 0.0, 3.0, 0.0, 0.0, 0.0, 0.0, 0.0, 3.0], "bins": [-146.52212524414062, -142.3953399658203, -138.26856994628906, -134.14178466796875, -130.0150146484375, -125.88822937011719, -121.7614517211914, -117.63467407226562, -113.50789642333984, -109.38111877441406, -105.25434112548828, -101.1275634765625, -97.00077819824219, -92.87400817871094, -88.74722290039062, -84.62044525146484, -80.49366760253906, -76.36688995361328, -72.2401123046875, -68.11333465576172, -63.98655700683594, -59.859771728515625, -55.732994079589844, -51.60621643066406, -47.47943878173828, -43.3526611328125, -39.22588348388672, -35.09910583496094, -30.972320556640625, -26.845542907714844, -22.718765258789062, -18.59198760986328, -14.465194702148438, -10.338417053222656, -6.211639404296875, -2.0848617553710938, 2.0419158935546875, 6.168701171875, 10.295478820800781, 14.422256469726562, 18.549034118652344, 22.675811767578125, 26.802589416503906, 30.929367065429688, 35.05615234375, 39.18292999267578, 43.30970764160156, 47.436485290527344, 51.563262939453125, 55.690040588378906, 59.81681823730469, 63.943599700927734, 68.07037353515625, 72.19715881347656, 76.32393646240234, 80.45071411132812, 84.5774917602539, 88.70426940917969, 92.83104705810547, 96.95782470703125, 101.08460998535156, 105.21138763427734, 109.33816528320312, 113.4649429321289, 117.59172058105469]}, "gradients/rnn_cell.bias_hh": {"_type": "histogram", "values": [2.0, 1.0, 0.0, 1.0, 0.0, 1.0, 1.0, 0.0, 0.0, 1.0, 0.0, 0.0, 0.0, 0.0, 0.0, 0.0, 0.0, 0.0, 1.0, 1.0, 0.0, 2.0, 2.0, 1.0, 2.0, 4.0, 1.0, 2.0, 4.0, 13.0, 23.0, 279.0, 9.0, 6.0, 2.0, 3.0, 4.0, 3.0, 0.0, 2.0, 1.0, 2.0, 0.0, 0.0, 2.0, 0.0, 0.0, 1.0, 0.0, 0.0, 0.0, 2.0, 0.0, 1.0, 0.0, 1.0, 0.0, 1.0, 0.0, 1.0, 0.0, 0.0, 0.0, 1.0], "bins": [-33.20527267456055, -32.144412994384766, -31.08355712890625, -30.0226993560791, -28.961841583251953, -27.900981903076172, -26.840124130249023, -25.779266357421875, -24.718408584594727, -23.657550811767578, -22.59669303894043, -21.53583526611328, -20.4749755859375, -19.414119720458984, -18.353260040283203, -17.292402267456055, -16.231544494628906, -15.170686721801758, -14.10982894897461, -13.048971176147461, -11.988113403320312, -10.927253723144531, -9.866395950317383, -8.805538177490234, -7.744680404663086, -6.6838226318359375, -5.622964859008789, -4.562107086181641, -3.5012474060058594, -2.440389633178711, -1.3795318603515625, -0.3186759948730469, 0.7421875, 1.8030471801757812, 2.863903045654297, 3.9247608184814453, 4.985618591308594, 6.046478271484375, 7.107336044311523, 8.168193817138672, 9.22905158996582, 10.289909362792969, 11.350767135620117, 12.411624908447266, 13.472484588623047, 14.533342361450195, 15.594200134277344, 16.655057907104492, 17.71591567993164, 18.77677345275879, 19.837631225585938, 20.89849090576172, 21.959346771240234, 23.020206451416016, 24.081064224243164, 25.141921997070312, 26.20277976989746, 27.26363754272461, 28.324495315551758, 29.385353088378906, 30.446212768554688, 31.507070541381836, 32.567928314208984, 33.6287841796875, 34.68964385986328]}, "gradients/rnn_cell.weight_hh": {"_type": "histogram", "values": [1.0, 0.0, 0.0, 1.0, 1.0, 3.0, 2.0, 2.0, 3.0, 3.0, 1.0, 3.0, 7.0, 7.0, 7.0, 14.0, 13.0, 15.0, 31.0, 30.0, 63.0, 79.0, 104.0, 125.0, 155.0, 214.0, 325.0, 411.0, 811.0, 5068.0, 38925.0, 918.0, 495.0, 333.0, 227.0, 190.0, 142.0, 110.0, 81.0, 48.0, 44.0, 30.0, 22.0, 21.0, 11.0, 13.0, 9.0, 8.0, 5.0, 2.0, 2.0, 2.0, 2.0, 0.0, 4.0, 2.0, 1.0, 1.0, 0.0, 0.0, 3.0, 0.0, 1.0, 1.0], "bins": [-102.95368957519531, -99.53077697753906, -96.10785675048828, -92.6849365234375, -89.26202392578125, -85.839111328125, -82.41619110107422, -78.99327087402344, -75.57035827636719, -72.14744567871094, -68.72452545166016, -65.30160522460938, -61.878692626953125, -58.45577621459961, -55.032859802246094, -51.60994338989258, -48.18702697753906, -44.76411056518555, -41.34119415283203, -37.91827392578125, -34.495361328125, -31.07244873046875, -27.64952850341797, -24.226608276367188, -20.803695678710938, -17.380783081054688, -13.957862854003906, -10.534942626953125, -7.112030029296875, -3.689117431640625, -0.26619720458984375, 3.1567230224609375, 6.5796356201171875, 10.002548217773438, 13.425468444824219, 16.848388671875, 20.27130126953125, 23.6942138671875, 27.11713409423828, 30.540054321289062, 33.96296691894531, 37.38587951660156, 40.808799743652344, 44.231719970703125, 47.654632568359375, 51.077545166015625, 54.500465393066406, 57.92338180541992, 61.34629821777344, 64.76921081542969, 68.19213104248047, 71.61505126953125, 75.0379638671875, 78.46087646484375, 81.88379669189453, 85.30671691894531, 88.72962951660156, 92.15254211425781, 95.5754623413086, 98.99838256835938, 102.42129516601562, 105.84420776367188, 109.26712799072266, 112.69004821777344, 116.11296081542969]}, "gradients/rnn_cell.bias_ih": {"_type": "histogram", "values": [2.0, 1.0, 1.0, 1.0, 0.0, 1.0, 0.0, 0.0, 1.0, 0.0, 0.0, 0.0, 0.0, 0.0, 0.0, 1.0, 0.0, 0.0, 0.0, 0.0, 1.0, 1.0, 3.0, 1.0, 1.0, 4.0, 2.0, 1.0, 5.0, 12.0, 37.0, 261.0, 11.0, 8.0, 3.0, 3.0, 3.0, 3.0, 0.0, 1.0, 1.0, 2.0, 1.0, 0.0, 3.0, 0.0, 0.0, 0.0, 1.0, 0.0, 0.0, 0.0, 0.0, 1.0, 0.0, 1.0, 1.0, 2.0, 1.0, 0.0, 0.0, 0.0, 0.0, 1.0],