{"loss": 61.997957966115216, "_timestamp": 1709030552.8245382, "_runtime": 22.627113342285156, "_step": 201, "y loss": 1269.9438283183788}