{"train_loss": 115.70672607421875, "_timestamp": 1711624020.9668055, "_runtime": 20.724342346191406, "_step": 9999, "epoch_train_loss": 596.4637451171875, "epoch_val_loss": 3106.48357963562, "gradients/h2o.bias": {"_type": "histogram", "values": [1.0, 0.0, 0.0, 0.0, 0.0, 0.0, 0.0, 0.0, 0.0, 0.0, 0.0, 0.0, 0.0, 0.0, 0.0, 0.0, 0.0, 0.0, 0.0, 0.0, 0.0, 0.0, 0.0, 0.0, 0.0, 0.0, 0.0, 0.0, 0.0, 0.0, 0.0, 0.0, 0.0, 0.0, 0.0, 0.0, 0.0, 0.0, 0.0, 0.0, 0.0, 0.0, 0.0, 0.0, 0.0, 0.0, 0.0, 0.0, 0.0, 0.0, 0.0, 0.0, 0.0, 0.0, 0.0, 0.0, 0.0, 0.0, 0.0, 0.0, 0.0, 0.0, 0.0, 1.0], "bins": [-0.13760757446289062, -0.1365613341331482, -0.13551509380340576, -0.13446883857250214, -0.1334225982427597, -0.13237635791301727, -0.13133011758327484, -0.1302838772535324, -0.12923762202262878, -0.12819138169288635, -0.12714514136314392, -0.1260989010334015, -0.12505266070365906, -0.12400641292333603, -0.1229601725935936, -0.12191392481327057, -0.12086768448352814, -0.1198214441537857, -0.11877519637346268, -0.11772895604372025, -0.11668270826339722, -0.11563646793365479, -0.11459022760391235, -0.11354397982358932, -0.1124977394938469, -0.11145149916410446, -0.11040525138378143, -0.109359011054039, -0.10831277072429657, -0.10726652294397354, -0.10622028261423111, -0.10517403483390808, -0.10412779450416565, -0.10308155417442322, -0.10203530639410019, -0.10098906606435776, -0.09994281828403473, -0.0988965779542923, -0.09785033762454987, -0.09680408984422684, -0.0957578495144844, -0.09471160918474197, -0.09366536140441895, -0.09261912107467651, -0.09157288074493408, -0.09052663296461105, -0.08948039263486862, -0.0884341448545456, -0.08738790452480316, -0.08634166419506073, -0.0852954164147377, -0.08424917608499527, -0.08320292830467224, -0.08215668797492981, -0.08111044764518738, -0.08006419986486435, -0.07901795953512192, -0.07797171920537949, -0.07692547142505646, -0.07587923109531403, -0.0748329907655716, -0.07378674298524857, -0.07274050265550613, -0.0716942548751831, -0.07064801454544067]}, "gradients/h2o.weight": {"_type": "histogram", "values": [1.0, 0.0, 0.0, 0.0, 0.0, 0.0, 0.0, 0.0, 0.0, 0.0, 0.0, 1.0, 0.0, 1.0, 0.0, 0.0, 1.0, 0.0, 2.0, 1.0, 0.0, 2.0, 2.0, 1.0, 2.0, 7.0, 2.0, 2.0, 3.0, 2.0, 4.0, 5.0, 6.0, 2.0, 3.0, 3.0, 3.0, 8.0, 10.0, 5.0, 3.0, 6.0, 2.0, 5.0, 5.0, 3.0, 4.0, 4.0, 2.0, 1.0, 1.0, 3.0, 1.0, 2.0, 1.0, 0.0, 2.0, 1.0, 1.0, 0.0, 0.0, 0.0, 0.0, 2.0], "bins": [-5.289653301239014, -5.15401029586792, -5.018367290496826, -4.882724285125732, -4.747081279754639, -4.611438274383545, -4.475795269012451, -4.340152263641357, -4.204509258270264, -4.06886625289917, -3.933223247528076, -3.7975802421569824, -3.6619372367858887, -3.526294231414795, -3.390651226043701, -3.2550082206726074, -3.1193652153015137, -2.98372220993042, -2.848079204559326, -2.7124361991882324, -2.5767931938171387, -2.441150188446045, -2.305507183074951, -2.1698641777038574, -2.0342211723327637, -1.89857816696167, -1.7629351615905762, -1.6272921562194824, -1.4916491508483887, -1.356006145477295, -1.2203631401062012, -1.0847201347351074, -0.9490773677825928, -0.813434362411499, -0.6777913570404053, -0.5421483516693115, -0.4065053462982178, -0.270862340927124, -0.13521933555603027, 0.00042366981506347656, 0.13606667518615723, 0.271709680557251, 0.4073526859283447, 0.5429956912994385, 0.6786386966705322, 0.814281702041626, 0.9499247074127197, 1.0855677127838135, 1.2212107181549072, 1.356853723526001, 1.4924967288970947, 1.6281397342681885, 1.7637827396392822, 1.899425745010376, 2.0350687503814697, 2.1707117557525635, 2.3063547611236572, 2.441997766494751, 2.5776407718658447, 2.7132837772369385, 2.8489267826080322, 2.984569787979126, 3.1202127933502197, 3.2558557987213135, 3.3914988040924072]}, "gradients/i2h.bias": {"_type": "histogram", "values": [1.0, 0.0, 0.0, 0.0, 0.0, 1.0, 0.0, 0.0, 0.0, 0.0, 2.0, 0.0, 0.0, 0.0, 1.0, 2.0, 0.0, 1.0, 1.0, 0.0, 2.0, 1.0, 2.0, 0.0, 0.0, 0.0, 4.0, 1.0, 3.0, 2.0, 1.0, 2.0, 2.0, 0.0, 3.0, 0.0, 6.0, 3.0, 2.0, 4.0, 2.0, 1.0, 0.0, 0.0, 0.0, 0.0, 0.0, 0.0, 0.0, 0.0, 1.0, 1.0, 2.0, 1.0, 1.0, 0.0, 2.0, 0.0, 1.0, 1.0, 1.0, 1.0, 0.0, 2.0], "bins": [-0.05279562994837761, -0.05121574178338051, -0.04963585361838341, -0.04805596545338631, -0.046476077288389206, -0.044896189123392105, -0.0433163046836853, -0.0417364165186882, -0.0401565283536911, -0.038576640188694, -0.0369967520236969, -0.0354168638586998, -0.0338369756937027, -0.0322570875287056, -0.030677201226353645, -0.029097313061356544, -0.027517424896359444, -0.025937536731362343, -0.024357648566365242, -0.02277776226401329, -0.02119787409901619, -0.01961798593401909, -0.018038097769021988, -0.016458209604024887, -0.014878322370350361, -0.01329843420535326, -0.011718546971678734, -0.010138658806681633, -0.008558770641684532, -0.006978883408010006, -0.005398995243012905, -0.0038191075436770916, -0.002239219844341278, -0.0006593320285901427, 0.0009205557871609926, 0.00250044371932745, 0.004080331418663263, 0.005660219117999077, 0.007240107282996178, 0.008819994516670704, 0.010399882681667805, 0.011979770846664906, 0.013559658080339432, 0.015139546245336533, 0.016719434410333633, 0.018299322575330734, 0.019879208877682686, 0.021459097042679787, 0.023038985207676888, 0.02461887337267399, 0.02619876153767109, 0.02777864784002304, 0.02935853600502014, 0.030938424170017242, 0.03251831233501434, 0.034098200500011444, 0.035678088665008545, 0.037257976830005646, 0.03883786499500275, 0.04041774943470955, 0.04199763759970665, 0.04357752576470375, 0.04515741392970085, 0.04673730209469795, 0.04831719025969505]}, "gradients/i2h.weight": {"_type": "histogram", "values": [1.0, 0.0, 0.0, 0.0, 0.0, 1.0, 0.0, 0.0, 0.0, 0.0, 2.0, 0.0, 0.0, 0.0, 1.0, 2.0, 0.0, 1.0, 1.0, 0.0, 2.0, 1.0, 2.0, 0.0, 0.0, 0.0, 4.0, 1.0, 4.0, 7.0, 22.0, 149.0, 627.0, 2793.0, 489.0, 111.0, 34.0, 8.0, 4.0, 4.0, 2.0, 1.0, 0.0, 0.0, 0.0, 0.0, 0.0, 0.0, 0.0, 0.0, 1.0, 1.0, 2.0, 1.0, 1.0, 0.0, 2.0, 0.0, 1.0, 1.0, 1.0, 1.0, 0.0, 2.0], "bins": [-12.682272911071777, -12.30276107788086, -11.923249244689941, -11.543737411499023, -11.164225578308105, -10.784713745117188, -10.40520191192627, -10.025690078735352, -9.646177291870117, -9.2666654586792, -8.887153625488281, -8.507641792297363, -8.128129959106445, -7.748618125915527, -7.369106292724609, -6.989594459533691, -6.610082626342773, -6.2305707931518555, -5.8510589599609375, -5.4715471267700195, -5.092035293579102, -4.712522983551025, -4.333011150360107, -3.9534993171691895, -3.5739874839782715, -3.1944756507873535, -2.8149638175964355, -2.4354517459869385, -2.0559399127960205, -1.6764280796051025, -1.296916127204895, -0.9174042344093323, -0.5378913879394531, -0.15837949514389038, 0.22113239765167236, 0.6006442904472351, 0.9801561832427979, 1.3596680164337158, 1.7391799688339233, 2.118691921234131, 2.498203754425049, 2.877715587615967, 3.2572274208068848, 3.636739492416382, 4.016251564025879, 4.395763397216797, 4.775275230407715, 5.154787063598633, 5.534298896789551, 5.913810729980469, 6.293322563171387, 6.672834396362305, 7.052346229553223, 7.431858539581299, 7.811370372772217, 8.190881729125977, 8.570394515991211, 8.949906349182129, 9.329418182373047, 9.708930015563965, 10.088441848754883, 10.4679536819458, 10.847465515136719, 11.226977348327637, 11.606489181518555]}, "_wandb": {"runtime": 29}}