{"train_loss": 41.99615478515625, "_timestamp": 1712154493.89972, "_runtime": 9.07650089263916, "_step": 135, "epoch_train_loss": 420.1639099121094, "epoch_val_loss": 422.04638290405273}