{"loss": 412.7531900405884, "_timestamp": 1709027553.582762, "_runtime": 32.35719609260559, "_step": 329, "y loss": 1280.3216694157297, "avg_loss": 62.25742346048355, "avg_y_loss": 1275.2059774398804, "val_loss": 63.628216865735176}