{"train_loss": 273.4338073730469, "_timestamp": 1711631088.288059, "_runtime": 64.96771192550659, "_step": 457, "epoch_train_loss": 2734.72265625, "epoch_val_loss": 2741.989013671875}