{"loss": 527.0827395818005, "_timestamp": 1709027141.839669, "_runtime": 59.68007707595825, "_step": 661, "y loss": 1232.0524407012847, "avg_loss": 59.60746932029724, "avg_y_loss": 1220.9474091529846, "val_loss": 63.262729400243515}