{"train_loss": 27.979171752929688, "_timestamp": 1712223884.724377, "_runtime": 134.5334370136261, "_step": 6731, "epoch_train_loss": 248.20484924316406, "epoch_val_loss": 247.79399871826172, "gradients/h2o.bias": {"_type": "histogram", "values": [1.0, 0.0, 0.0, 0.0, 0.0, 0.0, 0.0, 0.0, 0.0, 0.0, 0.0, 0.0, 0.0, 1.0, 0.0, 0.0, 0.0, 0.0, 0.0, 0.0, 0.0, 0.0, 0.0, 0.0, 0.0, 0.0, 0.0, 0.0, 0.0, 0.0, 0.0, 0.0, 0.0, 0.0, 0.0, 0.0, 0.0, 0.0, 0.0, 0.0, 0.0, 0.0, 0.0, 0.0, 0.0, 0.0, 0.0, 0.0, 0.0, 0.0, 0.0, 0.0, 0.0, 0.0, 0.0, 0.0, 0.0, 0.0, 0.0, 0.0, 0.0, 0.0, 0.0, 1.0], "bins": [-86.461181640625, -84.36168670654297, -82.26219177246094, -80.1626968383789, -78.06320190429688, -75.96370697021484, -73.86421203613281, -71.76471710205078, -69.66522216796875, -67.56572723388672, -65.46623229980469, -63.366737365722656, -61.267242431640625, -59.167747497558594, -57.06825256347656, -54.96875762939453, -52.8692626953125, -50.76976776123047, -48.67027282714844, -46.570777893066406, -44.471282958984375, -42.371788024902344, -40.27229309082031, -38.17279815673828, -36.07330322265625, -33.97380828857422, -31.874313354492188, -29.774818420410156, -27.675323486328125, -25.575828552246094, -23.476333618164062, -21.37683868408203, -19.277339935302734, -17.177845001220703, -15.078350067138672, -12.97885513305664, -10.87936019897461, -8.779865264892578, -6.680370330810547, -4.580875396728516, -2.4813804626464844, -0.3818855285644531, 1.7176094055175781, 3.8171043395996094, 5.916599273681641, 8.016094207763672, 10.115589141845703, 12.215084075927734, 14.314579010009766, 16.414073944091797, 18.513568878173828, 20.61306381225586, 22.71255874633789, 24.812053680419922, 26.911548614501953, 29.011043548583984, 31.110538482666016, 33.21003341674805, 35.30952835083008, 37.40902328491211, 39.50851821899414, 41.60801315307617, 43.7075080871582, 45.807003021240234, 47.906497955322266]}, "gradients/h2o.weight": {"_type": "histogram", "values": [5.0, 3.0, 0.0, 2.0, 2.0, 3.0, 4.0, 6.0, 9.0, 306.0, 42.0, 15.0, 18.0, 12.0, 18.0, 31.0, 344.0, 59.0, 323.0, 44.0, 20.0, 30.0, 22.0, 36.0, 34.0, 30.0, 35.0, 38.0, 31.0, 33.0, 28.0, 36.0, 33.0, 33.0, 23.0, 35.0, 27.0, 43.0, 27.0, 39.0, 321.0, 71.0, 325.0, 33.0, 27.0, 16.0, 20.0, 17.0, 63.0, 261.0, 9.0, 13.0, 4.0, 4.0, 1.0, 2.0, 1.0, 1.0, 2.0, 0.0, 1.0, 0.0, 0.0, 1.0], "bins": [-129.77838134765625, -125.37164306640625, -120.96489715576172, -116.55815124511719, -112.15141296386719, -107.74467468261719, -103.33792877197266, -98.93118286132812, -94.52444458007812, -90.11770629882812, -85.7109603881836, -81.30421447753906, -76.89747619628906, -72.49073791503906, -68.08399200439453, -63.677249908447266, -59.2705078125, -54.863765716552734, -50.45702362060547, -46.0502815246582, -41.64353942871094, -37.23679733276367, -32.830055236816406, -28.42331314086914, -24.016571044921875, -19.60982894897461, -15.203086853027344, -10.796344757080078, -6.3896026611328125, -1.9828605651855469, 2.4238815307617188, 6.830623626708984, 11.23736572265625, 15.644107818603516, 20.05084991455078, 24.457592010498047, 28.864334106445312, 33.27107620239258, 37.677818298339844, 42.08456039428711, 46.491302490234375, 50.89804458618164, 55.304786682128906, 59.71152877807617, 64.11827087402344, 68.52500915527344, 72.93175506591797, 77.3385009765625, 81.7452392578125, 86.1519775390625, 90.55872344970703, 94.96546936035156, 99.37220764160156, 103.77894592285156, 108.1856918334961, 112.59243774414062, 116.99917602539062, 121.40591430664062, 125.81266021728516, 130.2194061279297, 134.6261444091797, 139.0328826904297, 143.43963623046875, 147.84637451171875, 152.25311279296875]}, "gradients/rnn_cell.bias_ih": {"_type": "histogram", "values": [1.0, 0.0, 0.0, 2.0, 1.0, 0.0, 2.0, 0.0, 6.0, 4.0, 19.0, 2856.0, 139.0, 19.0, 6.0, 5.0, 0.0, 2.0, 3.0, 1.0, 0.0, 1.0, 0.0, 0.0, 0.0, 1.0, 1.0, 0.0, 0.0, 0.0, 0.0, 0.0, 0.0, 1.0, 0.0, 0.0, 0.0, 0.0, 0.0, 0.0, 0.0, 0.0, 0.0, 0.0, 0.0, 0.0, 1.0, 0.0, 0.0, 0.0, 0.0, 0.0, 0.0, 0.0, 0.0, 0.0, 0.0, 0.0, 0.0, 0.0, 0.0, 0.0, 0.0, 1.0], "bins": [-17.87432098388672, -16.372581481933594, -14.870841979980469, -13.369102478027344, -11.867362976074219, -10.365622520446777, -8.863883018493652, -7.362143516540527, -5.860404014587402, -4.358664512634277, -2.8569247722625732, -1.3551851511001587, 0.14655447006225586, 1.6482940912246704, 3.150033712387085, 4.651773452758789, 6.153512954711914, 7.655252456665039, 9.156991958618164, 10.658731460571289, 12.160470962524414, 13.662211418151855, 15.16395092010498, 16.66568946838379, 18.167430877685547, 19.669170379638672, 21.170909881591797, 22.672649383544922, 24.174388885498047, 25.676128387451172, 27.177867889404297, 28.679607391357422, 30.181346893310547, 31.683086395263672, 33.1848258972168, 34.68656539916992, 36.18830490112305, 37.69004440307617, 39.1917839050293, 40.69352340698242, 42.19526290893555, 43.69700241088867, 45.1987419128418, 46.70048141479492, 48.20222091674805, 49.70396041870117, 51.2056999206543, 52.70743942260742, 54.20918273925781, 55.71092224121094, 57.21266174316406, 58.71440124511719, 60.21614074707031, 61.71788024902344, 63.21961975097656, 64.72135925292969, 66.22309875488281, 67.72483825683594, 69.22657775878906, 70.72831726074219, 72.23005676269531, 73.73179626464844, 75.23353576660156, 76.73527526855469, 78.23701477050781]}, "gradients/rnn_cell.bias_hh": {"_type": "histogram", "values": [1.0, 0.0, 0.0, 2.0, 1.0, 0.0, 2.0, 0.0, 5.0, 4.0, 18.0, 2887.0, 118.0, 13.0, 6.0, 4.0, 0.0, 2.0, 2.0, 1.0, 0.0, 1.0, 0.0, 0.0, 0.0, 1.0, 1.0, 0.0, 0.0, 0.0, 0.0, 0.0, 0.0, 1.0, 0.0, 0.0, 0.0, 0.0, 0.0, 0.0, 0.0, 0.0, 0.0, 0.0, 0.0, 0.0, 1.0, 0.0, 0.0, 0.0, 0.0, 0.0, 0.0, 0.0, 0.0, 0.0, 0.0, 0.0, 0.0, 0.0, 0.0, 0.0, 0.0, 1.0], "bins": [-17.87432098388672, -16.372570037841797, -14.870819091796875, -13.369067192077637, -11.867316246032715, -10.365565299987793, -8.863813400268555, -7.362062454223633, -5.860311508178711, -4.358560562133789, -2.856809139251709, -1.355057954788208, 0.14669322967529297, 1.648444414138794, 3.150195598602295, 4.651947021484375, 6.153697967529297, 7.655448913574219, 9.15719985961914, 10.658951759338379, 12.1607027053833, 13.662453651428223, 15.164205551147461, 16.665956497192383, 18.167707443237305, 19.669458389282227, 21.17120933532715, 22.67296028137207, 24.174713134765625, 25.676464080810547, 27.17821502685547, 28.67996597290039, 30.181716918945312, 31.683467864990234, 33.185218811035156, 34.68696975708008, 36.188720703125, 37.69047164916992, 39.192222595214844, 40.693973541259766, 42.19572448730469, 43.697479248046875, 45.1992301940918, 46.70098114013672, 48.20273208618164, 49.70448303222656, 51.206233978271484, 52.707984924316406, 54.20973587036133, 55.71148681640625, 57.21323776245117, 58.714988708496094, 60.216739654541016, 61.71849060058594, 63.22024154663086, 64.72199249267578, 66.22374725341797, 67.72549438476562, 69.22724914550781, 70.72899627685547, 72.23075103759766, 73.73249816894531, 75.2342529296875, 76.73600006103516, 78.23775482177734]}, "gradients/rnn_cell.weight_hh": {"_type": "histogram", "values": [2.0, 0.0, 0.0, 2.0, 1.0, 7.0, 6.0, 15.0, 27.0, 43.0, 65.0, 74.0, 78.0, 94.0, 65.0, 69.0, 76.0, 73.0, 87.0, 138.0, 240.0, 479.0, 440.0, 814.0, 1262.0, 2236.0, 5011.0, 17827.0, 3076030.0, 27658.0, 5847.0, 2548.0, 1305.0, 836.0, 573.0, 475.0, 269.0, 137.0, 107.0, 85.0, 64.0, 65.0, 80.0, 94.0, 83.0, 86.0, 59.0, 50.0, 17.0, 11.0, 9.0, 2.0, 2.0, 2.0, 0.0, 0.0, 2.0, 0.0, 0.0, 0.0, 0.0, 0.0, 0.0, 1.0],