{"train_loss": 30.51393699645996, "_timestamp": 1712223821.3184013, "_runtime": 71.12746143341064, "_step": 3510, "epoch_train_loss": 262.5965270996094, "epoch_val_loss": 261.1994819641113, "gradients/h2o.bias": {"_type": "histogram", "values": [1.0, 0.0, 0.0, 0.0, 0.0, 0.0, 0.0, 0.0, 0.0, 0.0, 0.0, 0.0, 0.0, 0.0, 0.0, 0.0, 0.0, 0.0, 0.0, 0.0, 0.0, 0.0, 0.0, 0.0, 0.0, 0.0, 0.0, 0.0, 0.0, 0.0, 0.0, 0.0, 0.0, 0.0, 0.0, 0.0, 0.0, 0.0, 0.0, 0.0, 0.0, 0.0, 0.0, 0.0, 0.0, 0.0, 0.0, 0.0, 0.0, 0.0, 0.0, 0.0, 1.0, 0.0, 0.0, 0.0, 0.0, 0.0, 0.0, 0.0, 0.0, 0.0, 0.0, 1.0], "bins": [-13.563865661621094, -12.459778785705566, -11.355691909790039, -10.251605987548828, -9.1475191116333, -8.043432235717773, -6.939345836639404, -5.835259437561035, -4.731172561645508, -3.6270859241485596, -2.5229992866516113, -1.418912649154663, -0.31482601165771484, 0.7892606258392334, 1.8933472633361816, 2.99743390083313, 4.101520538330078, 5.2056074142456055, 6.309693813323975, 7.413780212402344, 8.517867088317871, 9.621953964233398, 10.72603988647461, 11.830126762390137, 12.934213638305664, 14.038300514221191, 15.142387390136719, 16.24647331237793, 17.35055923461914, 18.454647064208984, 19.558732986450195, 20.66282081604004, 21.766910552978516, 22.870996475219727, 23.97508430480957, 25.07917022705078, 26.183258056640625, 27.287343978881836, 28.391429901123047, 29.49551773071289, 30.5996036529541, 31.703689575195312, 32.807777404785156, 33.911865234375, 35.01594924926758, 36.12003707885742, 37.224124908447266, 38.328208923339844, 39.43229675292969, 40.53638458251953, 41.64046859741211, 42.74455642700195, 43.8486442565918, 44.952728271484375, 46.05681610107422, 47.16090393066406, 48.264991760253906, 49.369075775146484, 50.47316360473633, 51.57725143432617, 52.68133544921875, 53.785423278808594, 54.88951110839844, 55.993595123291016, 57.09768295288086]}, "gradients/h2o.weight": {"_type": "histogram", "values": [1.0, 1.0, 1.0, 3.0, 1.0, 2.0, 2.0, 3.0, 20.0, 21.0, 35.0, 237.0, 28.0, 35.0, 30.0, 24.0, 232.0, 44.0, 26.0, 17.0, 17.0, 15.0, 27.0, 27.0, 26.0, 26.0, 33.0, 46.0, 286.0, 66.0, 52.0, 45.0, 34.0, 42.0, 30.0, 26.0, 36.0, 51.0, 69.0, 279.0, 41.0, 35.0, 36.0, 33.0, 28.0, 32.0, 32.0, 27.0, 17.0, 29.0, 28.0, 258.0, 42.0, 21.0, 24.0, 27.0, 253.0, 50.0, 19.0, 19.0, 10.0, 6.0, 7.0, 2.0], "bins": [-86.68641662597656, -84.14683532714844, -81.60725402832031, -79.06766510009766, -76.52808380126953, -73.9885025024414, -71.44892120361328, -68.90933990478516, -66.3697509765625, -63.83017349243164, -61.29058837890625, -58.751007080078125, -56.21142578125, -53.67184066772461, -51.132259368896484, -48.592674255371094, -46.05309295654297, -43.513511657714844, -40.97392654418945, -38.43434524536133, -35.89476013183594, -33.35517883300781, -30.815597534179688, -28.27601432800293, -25.736431121826172, -23.196847915649414, -20.657264709472656, -18.11768341064453, -15.578100204467773, -13.038516998291016, -10.498934745788574, -7.959352016448975, -5.419776916503906, -2.8801941871643066, -0.34061145782470703, 2.1989712715148926, 4.738554000854492, 7.278136730194092, 9.817719459533691, 12.357301712036133, 14.89688491821289, 17.43646812438965, 19.976051330566406, 22.51563262939453, 25.05521583557129, 27.594799041748047, 30.134380340576172, 32.67396545410156, 35.21354675292969, 37.75312805175781, 40.2927131652832, 42.83229446411133, 45.37187957763672, 47.911460876464844, 50.45104217529297, 52.99062728881836, 55.530208587646484, 58.06978988647461, 60.609375, 63.148956298828125, 65.68853759765625, 68.22811889648438, 70.76770782470703, 73.30728912353516, 75.84687042236328]}, "gradients/rnn_cell.bias_ih": {"_type": "histogram", "values": [2.0, 0.0, 1.0, 0.0, 0.0, 0.0, 1.0, 0.0, 0.0, 2.0, 0.0, 1.0, 1.0, 2.0, 2.0, 2.0, 1.0, 4.0, 7.0, 8.0, 9.0, 11.0, 27.0, 50.0, 2314.0, 505.0, 45.0, 23.0, 14.0, 3.0, 11.0, 5.0, 4.0, 2.0, 6.0, 0.0, 2.0, 0.0, 0.0, 2.0, 0.0, 1.0, 0.0, 1.0, 0.0, 0.0, 0.0, 0.0, 0.0, 0.0, 0.0, 0.0, 0.0, 0.0, 0.0, 1.0, 1.0, 0.0, 0.0, 0.0, 0.0, 0.0, 0.0, 1.0], "bins": [-5.774097442626953, -5.542992115020752, -5.311886787414551, -5.08078145980835, -4.849676132202148, -4.618570804595947, -4.387465476989746, -4.156360149383545, -3.9252548217773438, -3.6941492557525635, -3.4630439281463623, -3.231938600540161, -3.00083327293396, -2.769727945327759, -2.5386226177215576, -2.3075172901153564, -2.0764119625091553, -1.845306634902954, -1.614201307296753, -1.3830959796905518, -1.1519906520843506, -0.9208852648735046, -0.6897798776626587, -0.4586745500564575, -0.22756922245025635, 0.003536120057106018, 0.23464146256446838, 0.46574681997299194, 0.6968521475791931, 0.9279574751853943, 1.1590628623962402, 1.3901681900024414, 1.6212735176086426, 1.8523788452148438, 2.083484172821045, 2.314589500427246, 2.5456948280334473, 2.7768001556396484, 3.0079054832458496, 3.239010810852051, 3.470116138458252, 3.7012217044830322, 3.9323270320892334, 4.1634321212768555, 4.394537448883057, 4.625642776489258, 4.856748104095459, 5.08785343170166, 5.3189592361450195, 5.550064563751221, 5.781169891357422, 6.012275218963623, 6.243380546569824, 6.474485874176025, 6.705591201782227, 6.936696529388428, 7.167801856994629, 7.39890718460083, 7.630012512207031, 7.861117839813232, 8.092223167419434, 8.323328018188477, 8.554433822631836, 8.785538673400879, 9.016644477844238]}, "gradients/rnn_cell.bias_hh": {"_type": "histogram", "values": [1.0, 1.0, 0.0, 0.0, 1.0, 0.0, 1.0, 0.0, 0.0, 1.0, 1.0, 1.0, 1.0, 2.0, 2.0, 2.0, 1.0, 3.0, 7.0, 7.0, 6.0, 12.0, 25.0, 44.0, 2511.0, 333.0, 37.0, 21.0, 15.0, 0.0, 10.0, 4.0, 4.0, 3.0, 6.0, 0.0, 2.0, 0.0, 0.0, 2.0, 0.0, 1.0, 0.0, 1.0, 0.0, 0.0, 0.0, 0.0, 0.0, 0.0, 0.0, 0.0, 0.0, 1.0, 0.0, 0.0, 1.0, 0.0, 0.0, 0.0, 0.0, 0.0, 0.0, 1.0], "bins": [-5.772761344909668, -5.541553974151611, -5.310346603393555, -5.07913875579834, -4.847931385040283, -4.616724014282227, -4.38551664352417, -4.154308795928955, -3.9231014251708984, -3.691894054412842, -3.460686683654785, -3.2294790744781494, -2.9982717037200928, -2.767064094543457, -2.5358567237854004, -2.3046491146087646, -2.073441743850708, -1.8422342538833618, -1.6110267639160156, -1.3798192739486694, -1.1486117839813232, -0.9174043536186218, -0.6861969232559204, -0.4549894332885742, -0.22378194332122803, 0.00742553174495697, 0.23863300681114197, 0.46984046697616577, 0.701047956943512, 0.9322554469108582, 1.1634628772735596, 1.3946703672409058, 1.625877857208252, 1.8570853471755981, 2.0882928371429443, 2.319500207901001, 2.5507078170776367, 2.7819151878356934, 3.013122797012329, 3.2443301677703857, 3.4755377769470215, 3.706745147705078, 3.9379525184631348, 4.169159889221191, 4.400367736816406, 4.631575107574463, 4.8627824783325195, 5.093989849090576, 5.325197219848633, 5.556405067443848, 5.787612438201904, 6.018819808959961, 6.250027179718018, 6.481235027313232, 6.712442398071289, 6.943649768829346, 7.174857139587402, 7.406064510345459, 7.637272357940674, 7.8684797286987305, 8.099687576293945, 8.330894470214844, 8.562102317810059, 8.793309211730957, 9.024517059326172]}, "gradients/rnn_cell.weight_hh": {"_type": "histogram", "values": [1.0, 0.0, 2.0, 1.0, 4.0, 4.0, 12.0, 15.0, 20.0, 27.0, 25.0, 43.0, 50.0, 74.0, 72.0, 107.0, 127.0, 159.0, 200.0, 301.0, 490.0, 766.0, 948.0, 1345.0, 1430.0, 1781.0, 2844.0, 4722.0, 7083.0, 10550.0, 36368.0, 2918339.0, 108895.0, 20505.0, 8756.0, 6141.0, 3927.0, 2375.0, 1623.0, 1495.0, 1064.0, 920.0, 642.0, 399.0, 247.0, 177.0, 130.0, 113.0, 83.0, 83.0, 45.0, 24.0, 42.0, 34.0, 33.0, 23.0, 18.0, 7.0, 9.0, 5.0, 1.0, 1.0, 0.0, 1.0],