{"loss": 1196.3545173108578, "_timestamp": 1709028227.007381, "_runtime": 200.80210304260254, "_step": 1805, "y loss": 1253.454747063773, "avg_loss": 61.19171264767647, "avg_y_loss": 1253.4117093086243, "val_loss": 63.345364790696365}