{"train_loss": 277.56207275390625, "_timestamp": 1712139722.143809, "_runtime": 59.183375120162964, "_step": 14999, "epoch_train_loss": 272.9067077636719, "epoch_val_loss": 258.514404296875, "gradients/h2o.bias": {"_type": "histogram", "values": [1.0, 0.0, 0.0, 0.0, 0.0, 0.0, 0.0, 0.0, 0.0, 0.0, 0.0, 0.0, 0.0, 0.0, 0.0, 0.0, 0.0, 0.0, 0.0, 0.0, 0.0, 0.0, 0.0, 0.0, 0.0, 0.0, 0.0, 0.0, 0.0, 0.0, 0.0, 0.0, 0.0, 0.0, 0.0, 0.0, 0.0, 0.0, 0.0, 0.0, 0.0, 0.0, 0.0, 0.0, 0.0, 0.0, 0.0, 0.0, 0.0, 0.0, 0.0, 0.0, 0.0, 0.0, 0.0, 0.0, 0.0, 0.0, 0.0, 0.0, 0.0, 0.0, 0.0, 1.0], "bins": [-4.192746162414551, -3.652273416519165, -3.1118006706237793, -2.5713276863098145, -2.0308549404144287, -1.490382194519043, -0.9499092102050781, -0.4094364643096924, 0.13103628158569336, 0.6715092658996582, 1.2119817733764648, 1.7524547576904297, 2.2929277420043945, 2.833400249481201, 3.373873233795166, 3.9143457412719727, 4.4548187255859375, 4.995291709899902, 5.535764694213867, 6.076236724853516, 6.6167097091674805, 7.157182693481445, 7.69765567779541, 8.238128662109375, 8.77860164642334, 9.319073677062988, 9.859546661376953, 10.400019645690918, 10.940492630004883, 11.480965614318848, 12.021437644958496, 12.561911582946777, 13.102384567260742, 13.64285659790039, 14.183330535888672, 14.72380256652832, 15.264275550842285, 15.80474853515625, 16.34522247314453, 16.88569450378418, 17.426166534423828, 17.96664047241211, 18.507112503051758, 19.047584533691406, 19.588058471679688, 20.12853240966797, 20.669002532958984, 21.209476470947266, 21.749950408935547, 22.290422439575195, 22.830894470214844, 23.371368408203125, 23.911840438842773, 24.452312469482422, 24.992786407470703, 25.53325843811035, 26.073732376098633, 26.61420440673828, 27.154678344726562, 27.69515037536621, 28.23562240600586, 28.77609634399414, 29.31656837463379, 29.85704231262207, 30.39751434326172]}, "gradients/h2o.weight": {"_type": "histogram", "values": [1.0, 0.0, 0.0, 0.0, 1.0, 0.0, 0.0, 0.0, 0.0, 1.0, 2.0, 0.0, 1.0, 1.0, 1.0, 0.0, 0.0, 4.0, 2.0, 2.0, 2.0, 1.0, 5.0, 0.0, 2.0, 4.0, 3.0, 2.0, 12.0, 22.0, 5.0, 8.0, 5.0, 0.0, 4.0, 31.0, 12.0, 29.0, 4.0, 5.0, 4.0, 2.0, 5.0, 33.0, 2.0, 4.0, 4.0, 4.0, 2.0, 6.0, 3.0, 1.0, 1.0, 0.0, 4.0, 2.0, 1.0, 0.0, 0.0, 0.0, 1.0, 1.0, 1.0, 3.0], "bins": [-151.98033142089844, -147.7874755859375, -143.59461975097656, -139.40176391601562, -135.2089080810547, -131.01605224609375, -126.82318878173828, -122.63033294677734, -118.4374771118164, -114.24462127685547, -110.05176544189453, -105.85890197753906, -101.66604614257812, -97.47319030761719, -93.28033447265625, -89.08747863769531, -84.89462280273438, -80.70176696777344, -76.5089111328125, -72.31605529785156, -68.12319946289062, -63.930335998535156, -59.73748016357422, -55.54462432861328, -51.351768493652344, -47.158912658691406, -42.96605682373047, -38.77320098876953, -34.58033752441406, -30.387481689453125, -26.194625854492188, -22.00177001953125, -17.80890655517578, -13.616050720214844, -9.423194885253906, -5.230339050292969, -1.0374832153320312, 3.1553802490234375, 7.348236083984375, 11.541091918945312, 15.73394775390625, 19.926803588867188, 24.119659423828125, 28.312515258789062, 32.50537872314453, 36.69823455810547, 40.891090393066406, 45.083946228027344, 49.27680206298828, 53.46965789794922, 57.662513732910156, 61.85537338256836, 66.04823303222656, 70.2410888671875, 74.43394470214844, 78.62680053710938, 82.81965637207031, 87.01251220703125, 91.20536804199219, 95.39822387695312, 99.59107971191406, 103.78394317626953, 107.97679901123047, 112.1696548461914, 116.36251068115234]}, "gradients/rnn_cell.bias_hh": {"_type": "histogram", "values": [1.0, 1.0, 0.0, 0.0, 0.0, 0.0, 0.0, 0.0, 0.0, 0.0, 0.0, 0.0, 0.0, 0.0, 0.0, 0.0, 1.0, 0.0, 0.0, 0.0, 0.0, 0.0, 0.0, 2.0, 0.0, 1.0, 0.0, 1.0, 0.0, 3.0, 6.0, 348.0, 10.0, 2.0, 0.0, 0.0, 0.0, 1.0, 1.0, 1.0, 1.0, 0.0, 0.0, 0.0, 0.0, 1.0, 0.0, 0.0, 0.0, 0.0, 1.0, 0.0, 0.0, 0.0, 0.0, 0.0, 0.0, 1.0, 0.0, 0.0, 0.0, 0.0, 0.0, 1.0], "bins": [-1.944197654724121, -1.8827033042907715, -1.8212089538574219, -1.7597146034240723, -1.6982202529907227, -1.636725902557373, -1.575231671333313, -1.5137373208999634, -1.4522429704666138, -1.3907486200332642, -1.3292542695999146, -1.2677600383758545, -1.2062656879425049, -1.1447713375091553, -1.0832769870758057, -1.021782636642456, -0.9602882862091064, -0.8987939357757568, -0.8372995853424072, -0.7758052349090576, -0.714310884475708, -0.652816653251648, -0.5913223028182983, -0.5298279523849487, -0.4683336019515991, -0.4068392515182495, -0.3453449010848999, -0.2838505506515503, -0.22235631942749023, -0.16086196899414062, -0.09936761856079102, -0.037873268127441406, 0.023621201515197754, 0.08511555194854736, 0.14660990238189697, 0.20810425281524658, 0.2695986032485962, 0.33109283447265625, 0.39258718490600586, 0.45408153533935547, 0.5155758857727051, 0.5770702362060547, 0.6385645866394043, 0.7000589370727539, 0.761553168296814, 0.8230475187301636, 0.8845418691635132, 0.9460362195968628, 1.0075305700302124, 1.069024920463562, 1.1305192708969116, 1.1920135021209717, 1.2535078525543213, 1.315002202987671, 1.3764965534210205, 1.4379909038543701, 1.4994852542877197, 1.5609796047210693, 1.622473955154419, 1.6839683055877686, 1.7454626560211182, 1.8069568872451782, 1.8684512376785278, 1.9299455881118774, 1.991439938545227]}, "gradients/rnn_cell.weight_hh": {"_type": "histogram", "values": [1.0, 1.0, 1.0, 2.0, 3.0, 1.0, 3.0, 1.0, 0.0, 0.0, 0.0, 3.0, 4.0, 1.0, 3.0, 7.0, 4.0, 8.0, 10.0, 98.0, 66.0, 65.0, 81.0, 258.0, 7989.0, 39864.0, 268.0, 102.0, 68.0, 60.0, 111.0, 14.0, 10.0, 6.0, 4.0, 5.0, 6.0, 2.0, 2.0, 3.0, 4.0, 1.0, 2.0, 2.0, 3.0, 0.0, 0.0, 1.0, 2.0, 0.0, 0.0, 0.0, 0.0, 0.0, 0.0, 0.0, 0.0, 0.0, 0.0, 1.0, 0.0, 0.0, 0.0, 1.0], "bins": [-8.952587127685547, -8.594534873962402, -8.236481666564941, -7.878428936004639, -7.520376205444336, -7.162323474884033, -6.8042707443237305, -6.446218490600586, -6.088165283203125, -5.7301130294799805, -5.3720598220825195, -5.014007568359375, -4.655954837799072, -4.2979021072387695, -3.939849376678467, -3.581796646118164, -3.2237439155578613, -2.8656911849975586, -2.507638454437256, -2.149585723876953, -1.7915329933166504, -1.4334802627563477, -1.075427532196045, -0.7173748016357422, -0.35932254791259766, -0.0012693405151367188, 0.3567829132080078, 0.7148361206054688, 1.0728883743286133, 1.4309415817260742, 1.7889938354492188, 2.1470470428466797, 2.505099296569824, 2.8631515502929688, 3.2212047576904297, 3.579257011413574, 3.937310218811035, 4.29536247253418, 4.653415679931641, 5.011467933654785, 5.369521141052246, 5.727573394775391, 6.085626125335693, 6.443678855895996, 6.801731586456299, 7.159784317016602, 7.517837047576904, 7.875889778137207, 8.233942031860352, 8.591995239257812, 8.950048446655273, 9.308100700378418, 9.666152954101562, 10.024206161499023, 10.382258415222168, 10.740311622619629, 11.098363876342773, 11.456417083740234, 11.814469337463379, 12.17252254486084, 12.530574798583984, 12.888628005981445, 13.24668025970459, 13.60473346710205, 13.962785720825195]}, "gradients/rnn_cell.bias_ih": {"_type": "histogram", "values": [2.0, 1.0, 11.0, 364.0, 2.0, 1.0, 2.0, 0.0, 0.0, 0.0, 0.0, 0.0, 0.0, 0.0, 0.0, 0.0, 0.0, 0.0, 0.0, 0.0, 0.0, 0.0, 0.0, 0.0, 0.0, 0.0, 0.0, 0.0, 0.0, 0.0, 0.0, 0.0, 0.0, 0.0, 0.0, 0.0, 0.0, 0.0, 0.0, 0.0, 0.0, 0.0, 0.0, 0.0, 0.0, 0.0, 0.0, 0.0, 0.0, 0.0, 0.0, 0.0, 0.0, 0.0, 0.0, 0.0, 0.0, 0.0, 0.0, 0.0, 0.0, 0.0, 0.0, 1.0],