{"loss": 61.323770892025266, "_timestamp": 1709031479.769388, "_runtime": 230.9015338420868, "_step": 2947, "y loss": 1256.1281270192083, "avg_loss": 61.695333272218704, "avg_y_loss": 1263.715404033661, "val_loss": 62.56540063711313}