{"train_loss": 144.8301239013672, "_timestamp": 1711622258.4750423, "_runtime": 14.183210372924805, "_step": 4659, "epoch_train_loss": 1127.0936279296875, "epoch_val_loss": 1350.3036212921143, "gradients/h2o.bias": {"_type": "histogram", "values": [1.0, 0.0, 0.0, 0.0, 0.0, 0.0, 0.0, 0.0, 0.0, 0.0, 0.0, 0.0, 0.0, 0.0, 0.0, 0.0, 0.0, 0.0, 0.0, 0.0, 0.0, 0.0, 0.0, 0.0, 0.0, 0.0, 0.0, 0.0, 0.0, 0.0, 0.0, 0.0, 0.0, 0.0, 0.0, 0.0, 0.0, 0.0, 0.0, 0.0, 0.0, 0.0, 0.0, 0.0, 0.0, 0.0, 0.0, 0.0, 0.0, 0.0, 0.0, 0.0, 0.0, 0.0, 0.0, 0.0, 0.0, 0.0, 0.0, 0.0, 0.0, 0.0, 0.0, 1.0], "bins": [-1.7187680006027222, -1.7182825803756714, -1.7177972793579102, -1.7173118591308594, -1.7168264389038086, -1.7163410186767578, -1.7158557176589966, -1.7153702974319458, -1.714884877204895, -1.7143995761871338, -1.713914155960083, -1.7134287357330322, -1.712943434715271, -1.7124580144882202, -1.7119725942611694, -1.7114871740341187, -1.7110018730163574, -1.7105164527893066, -1.7100310325622559, -1.7095457315444946, -1.7090603113174438, -1.708574891090393, -1.7080895900726318, -1.707604169845581, -1.7071187496185303, -1.7066333293914795, -1.7061480283737183, -1.7056626081466675, -1.7051771879196167, -1.7046918869018555, -1.7042064666748047, -1.703721046447754, -1.7032356262207031, -1.702750325202942, -1.7022649049758911, -1.7017794847488403, -1.701294183731079, -1.7008087635040283, -1.7003233432769775, -1.6998380422592163, -1.6993526220321655, -1.6988672018051147, -1.698381781578064, -1.6978964805603027, -1.697411060333252, -1.6969256401062012, -1.69644033908844, -1.6959549188613892, -1.6954694986343384, -1.6949841976165771, -1.6944987773895264, -1.6940133571624756, -1.6935279369354248, -1.6930426359176636, -1.6925572156906128, -1.692071795463562, -1.6915864944458008, -1.69110107421875, -1.6906156539916992, -1.690130352973938, -1.6896449327468872, -1.6891595125198364, -1.6886740922927856, -1.6881887912750244, -1.6877033710479736]}, "gradients/h2o.weight": {"_type": "histogram", "values": [16.0, 0.0, 0.0, 0.0, 0.0, 0.0, 0.0, 0.0, 0.0, 0.0, 0.0, 0.0, 0.0, 0.0, 0.0, 0.0, 0.0, 0.0, 0.0, 0.0, 0.0, 0.0, 0.0, 0.0, 0.0, 0.0, 0.0, 0.0, 0.0, 0.0, 0.0, 0.0, 0.0, 0.0, 0.0, 0.0, 0.0, 0.0, 0.0, 0.0, 0.0, 0.0, 0.0, 0.0, 0.0, 0.0, 0.0, 0.0, 0.0, 0.0, 0.0, 0.0, 0.0, 0.0, 0.0, 0.0, 0.0, 0.0, 0.0, 0.0, 0.0, 0.0, 0.0, 16.0], "bins": [-1.7187680006027222, -1.6650564670562744, -1.6113450527191162, -1.5576335191726685, -1.5039219856262207, -1.450210452079773, -1.3964990377426147, -1.342787504196167, -1.2890759706497192, -1.235364556312561, -1.1816530227661133, -1.1279414892196655, -1.0742299556732178, -1.0205185413360596, -0.9668070077896118, -0.9130954742431641, -0.8593840003013611, -0.8056725263595581, -0.7519609928131104, -0.6982495188713074, -0.6445379853248596, -0.5908265113830566, -0.5371149778366089, -0.4834035038948059, -0.42969200015068054, -0.3759804964065552, -0.3222689926624298, -0.26855748891830444, -0.21484600007534027, -0.1611344963312149, -0.10742300003767014, -0.05371150001883507, 0.0, 0.05371150001883507, 0.10742300003767014, 0.1611344963312149, 0.21484600007534027, 0.26855748891830444, 0.3222689926624298, 0.3759804964065552, 0.42969200015068054, 0.4834035038948059, 0.5371149778366089, 0.5908265113830566, 0.6445379853248596, 0.6982495188713074, 0.7519609928131104, 0.8056725263595581, 0.8593840003013611, 0.9130954742431641, 0.9668070077896118, 1.0205185413360596, 1.0742299556732178, 1.1279414892196655, 1.1816530227661133, 1.235364556312561, 1.2890759706497192, 1.342787504196167, 1.3964990377426147, 1.450210452079773, 1.5039219856262207, 1.5576335191726685, 1.6113450527191162, 1.6650564670562744, 1.7187680006027222]}, "gradients/rnn_cell.bias_ih": {"_type": "histogram", "values": [1.0, 0.0, 0.0, 0.0, 0.0, 0.0, 0.0, 0.0, 0.0, 0.0, 0.0, 0.0, 1.0, 0.0, 0.0, 0.0, 0.0, 0.0, 0.0, 0.0, 0.0, 0.0, 0.0, 0.0, 0.0, 0.0, 0.0, 0.0, 0.0, 0.0, 0.0, 0.0, 0.0, 0.0, 0.0, 0.0, 0.0, 0.0, 0.0, 0.0, 1.0, 0.0, 0.0, 0.0, 0.0, 0.0, 0.0, 0.0, 0.0, 0.0, 0.0, 0.0, 0.0, 0.0, 0.0, 0.0, 0.0, 0.0, 0.0, 0.0, 0.0, 0.0, 0.0, 13.0], "bins": [-0.006722032092511654, -0.006617000326514244, -0.006511968560516834, -0.0064069367945194244, -0.006301905028522015, -0.006196873262524605, -0.006091841496527195, -0.005986809730529785, -0.005881777964532375, -0.0057767461985349655, -0.005671714432537556, -0.005566682666540146, -0.005461650900542736, -0.005356619134545326, -0.005251587368547916, -0.005146555602550507, -0.005041523836553097, -0.004936492536216974, -0.0048314607702195644, -0.004726429004222155, -0.004621397238224745, -0.004516365472227335, -0.004411333706229925, -0.004306301940232515, -0.0042012701742351055, -0.004096238408237696, -0.003991206642240286, -0.003886174876242876, -0.0037811431102454662, -0.0036761113442480564, -0.0035710795782506466, -0.0034660478122532368, -0.003361016046255827, -0.003255984280258417, -0.0031509525142610073, -0.0030459207482635975, -0.0029408889822661877, -0.002835857216268778, -0.002730825450271368, -0.002625793684273958, -0.0025207619182765484, -0.0024157303851097822, -0.0023106986191123724, -0.0022056668531149626, -0.0021006350871175528, -0.001995603321120143, -0.0018905715551227331, -0.0017855397891253233, -0.0016805080231279135, -0.0015754762571305037, -0.0014704444911330938, -0.001365412725135684, -0.0012603809591382742, -0.0011553493095561862, -0.0010503175435587764, -0.0009452857775613666, -0.0008402540115639567, -0.0007352222455665469, -0.0006301904795691371, -0.0005251587717793882, -0.00042012700578197837, -0.00031509523978456855, -0.00021006350289098918, -0.00010503175144549459, 0.0]}, "gradients/rnn_cell.weight_ih": {"_type": "histogram", "values": [1.0, 0.0, 0.0, 0.0, 0.0, 0.0, 0.0, 0.0, 0.0, 0.0, 0.0, 0.0, 1.0, 0.0, 0.0, 0.0, 0.0, 0.0, 0.0, 0.0, 0.0, 0.0, 0.0, 0.0, 0.0, 0.0, 0.0, 0.0, 0.0, 0.0, 0.0, 0.0, 0.0, 0.0, 0.0, 0.0, 0.0, 0.0, 0.0, 0.0, 1.0, 0.0, 0.0, 0.0, 0.0, 0.0, 0.0, 0.0, 0.0, 0.0, 0.0, 0.0, 0.0, 0.0, 0.0, 0.0, 0.0, 0.0, 0.0, 0.0, 0.0, 0.0, 0.0, 45.0], "bins": [-6.695923328399658, -6.591299533843994, -6.48667573928833, -6.382051944732666, -6.277428150177002, -6.172804355621338, -6.068180561065674, -5.96355676651001, -5.858932971954346, -5.754309177398682, -5.649685382843018, -5.5450615882873535, -5.4404377937316895, -5.335813999176025, -5.231190204620361, -5.126566410064697, -5.021942615509033, -4.917318820953369, -4.812695026397705, -4.708071231842041, -4.603447437286377, -4.498823642730713, -4.394199848175049, -4.289576053619385, -4.184952259063721, -4.080328464508057, -3.9757044315338135, -3.8710806369781494, -3.7664568424224854, -3.6618330478668213, -3.5572092533111572, -3.452585458755493, -3.347961664199829, -3.243337869644165, -3.138714075088501, -3.034090280532837, -2.929466485977173, -2.824842691421509, -2.7202188968658447, -2.6155951023101807, -2.5109713077545166, -2.4063475131988525, -2.3017237186431885, -2.1970999240875244, -2.0924761295318604, -1.9878522157669067, -1.8832284212112427, -1.7786046266555786, -1.6739808320999146, -1.5693570375442505, -1.4647332429885864, -1.3601094484329224, -1.2554856538772583, -1.1508618593215942, -1.0462380647659302, -0.9416142106056213, -0.8369904160499573, -0.7323666214942932, -0.6277428269386292, -0.5231190323829651, -0.41849520802497864, -0.3138714134693146, -0.20924760401248932, -0.10462380200624466, 0.0]}, "gradients/rnn_cell.bias_hh": {"_type": "histogram", "values": [1.0, 0.0, 0.0, 0.0, 0.0, 0.0, 0.0, 0.0, 0.0, 0.0, 0.0, 0.0, 1.0, 0.0, 0.0, 0.0, 0.0, 0.0, 0.0, 0.0, 0.0, 0.0, 0.0, 0.0, 0.0, 0.0, 0.0, 0.0, 0.0, 0.0, 0.0, 0.0, 0.0, 0.0, 0.0, 0.0, 0.0, 0.0, 0.0, 0.0, 1.0, 0.0, 0.0, 0.0, 0.0, 0.0, 0.0, 0.0, 0.0, 0.0, 0.0, 0.0, 0.0, 0.0, 0.0, 0.0, 0.0, 0.0, 0.0, 0.0, 0.0, 0.0, 0.0, 13.0],