{"train_loss": 257.8326110839844, "_timestamp": 1711628643.2145002, "_runtime": 13.734345197677612, "_step": 7853, "epoch_train_loss": 25781.439453125, "epoch_val_loss": 26201.7722492218, "gradients/h2o.bias": {"_type": "histogram", "values": [1.0, 0.0, 0.0, 0.0, 0.0, 0.0, 0.0, 0.0, 0.0, 0.0, 0.0, 0.0, 0.0, 0.0, 0.0, 0.0, 0.0, 0.0, 0.0, 0.0, 0.0, 0.0, 0.0, 0.0, 0.0, 0.0, 0.0, 0.0, 0.0, 0.0, 0.0, 0.0, 0.0, 0.0, 0.0, 0.0, 0.0, 0.0, 0.0, 0.0, 0.0, 0.0, 0.0, 0.0, 0.0, 0.0, 0.0, 0.0, 0.0, 0.0, 0.0, 0.0, 0.0, 0.0, 0.0, 0.0, 0.0, 0.0, 0.0, 0.0, 0.0, 0.0, 0.0, 1.0], "bins": [-8.98527717590332, -8.985236167907715, -8.98519515991211, -8.985154151916504, -8.985112190246582, -8.985071182250977, -8.985030174255371, -8.984989166259766, -8.98494815826416, -8.984907150268555, -8.98486614227295, -8.984824180603027, -8.984783172607422, -8.984742164611816, -8.984701156616211, -8.984660148620605, -8.984619140625, -8.984578132629395, -8.984536170959473, -8.984495162963867, -8.984454154968262, -8.984413146972656, -8.98437213897705, -8.984331130981445, -8.98429012298584, -8.984248161315918, -8.984207153320312, -8.984166145324707, -8.984125137329102, -8.984084129333496, -8.98404312133789, -8.984002113342285, -8.98396110534668, -8.983919143676758, -8.983878135681152, -8.983837127685547, -8.983796119689941, -8.983755111694336, -8.98371410369873, -8.983673095703125, -8.983631134033203, -8.983590126037598, -8.983549118041992, -8.983508110046387, -8.983467102050781, -8.983426094055176, -8.98338508605957, -8.983343124389648, -8.983302116394043, -8.983261108398438, -8.983220100402832, -8.983179092407227, -8.983138084411621, -8.983097076416016, -8.983055114746094, -8.983014106750488, -8.982973098754883, -8.982932090759277, -8.982891082763672, -8.982850074768066, -8.982809066772461, -8.982767105102539, -8.982726097106934, -8.982685089111328, -8.982644081115723]}, "gradients/h2o.weight": {"_type": "histogram", "values": [40.0, 0.0, 0.0, 0.0, 0.0, 0.0, 0.0, 0.0, 0.0, 0.0, 0.0, 0.0, 0.0, 0.0, 0.0, 0.0, 0.0, 0.0, 0.0, 0.0, 0.0, 0.0, 0.0, 0.0, 0.0, 0.0, 0.0, 0.0, 0.0, 0.0, 0.0, 0.0, 0.0, 0.0, 0.0, 0.0, 0.0, 0.0, 0.0, 0.0, 0.0, 0.0, 0.0, 0.0, 0.0, 0.0, 0.0, 0.0, 0.0, 0.0, 0.0, 0.0, 0.0, 0.0, 0.0, 0.0, 0.0, 0.0, 0.0, 0.0, 0.0, 0.0, 0.0, 24.0], "bins": [-8.98527717590332, -8.704486846923828, -8.423697471618652, -8.14290714263916, -7.862117767333984, -7.581327438354492, -7.300537586212158, -7.019747734069824, -6.73895788192749, -6.458168029785156, -6.177378177642822, -5.896588325500488, -5.615797996520996, -5.335008144378662, -5.054218292236328, -4.773428440093994, -4.49263858795166, -4.211848735809326, -3.931058883666992, -3.650268793106079, -3.369478940963745, -3.088689088821411, -2.807898998260498, -2.527109146118164, -2.24631929397583, -1.965529441833496, -1.6847394704818726, -1.403949499130249, -1.123159646987915, -0.8423697352409363, -0.5615798234939575, -0.28078991174697876, 0.0, 0.28078991174697876, 0.5615798234939575, 0.8423697352409363, 1.123159646987915, 1.403949499130249, 1.6847394704818726, 1.965529441833496, 2.24631929397583, 2.527109146118164, 2.807898998260498, 3.088689088821411, 3.369478940963745, 3.650268793106079, 3.931058883666992, 4.211848735809326, 4.49263858795166, 4.773428440093994, 5.054218292236328, 5.335008144378662, 5.615797996520996, 5.896588325500488, 6.177378177642822, 6.458168029785156, 6.73895788192749, 7.019747734069824, 7.300537586212158, 7.581327438354492, 7.862117767333984, 8.14290714263916, 8.423697471618652, 8.704486846923828, 8.98527717590332]}, "gradients/rnn_cell.bias_ih": {"_type": "histogram", "values": [32.0], "bins": [0.0, 0.0]}, "gradients/rnn_cell.weight_ih": {"_type": "histogram", "values": [96.0], "bins": [0.0, 0.0]}, "gradients/rnn_cell.bias_hh": {"_type": "histogram", "values": [32.0], "bins": [0.0, 0.0]}, "gradients/rnn_cell.weight_hh": {"_type": "histogram", "values": [1024.0], "bins": [0.0, 0.0]}, "_wandb": {"runtime": 27}}