{"train_loss": 29.471492767333984, "_timestamp": 1712139268.801599, "_runtime": 9.155112028121948, "_step": 130, "epoch_train_loss": 294.66497802734375, "epoch_val_loss": 296.78061294555664}