{"train_loss": 98.36637878417969, "_timestamp": 1712227344.3098192, "_runtime": 125.72544717788696, "_step": 17087, "epoch_train_loss": 983.6034545898438, "epoch_val_loss": 974.5957794189453, "gradients/h2o.bias": {"_type": "histogram", "values": [1.0, 0.0, 0.0, 0.0, 0.0, 0.0, 0.0, 0.0, 0.0, 0.0, 0.0, 0.0, 0.0, 0.0, 0.0, 0.0, 0.0, 0.0, 0.0, 0.0, 0.0, 0.0, 0.0, 0.0, 1.0, 0.0, 0.0, 0.0, 0.0, 0.0, 0.0, 0.0, 0.0, 0.0, 0.0, 1.0, 0.0, 0.0, 0.0, 0.0, 0.0, 0.0, 0.0, 0.0, 0.0, 0.0, 0.0, 0.0, 0.0, 0.0, 0.0, 0.0, 0.0, 0.0, 0.0, 0.0, 0.0, 0.0, 0.0, 0.0, 0.0, 0.0, 0.0, 1.0], "bins": [-38.48056411743164, -36.54224395751953, -34.60392379760742, -32.66560363769531, -30.72728157043457, -28.78896141052246, -26.85063934326172, -24.91231918334961, -22.9739990234375, -21.03567886352539, -19.09735870361328, -17.15903663635254, -15.22071647644043, -13.28239631652832, -11.344075202941895, -9.405754089355469, -7.467433929443359, -5.529113292694092, -3.590792655944824, -1.6524720191955566, 0.28584861755371094, 2.2241692543029785, 4.162489891052246, 6.100810527801514, 8.039131164550781, 9.97745132446289, 11.915772438049316, 13.854093551635742, 15.792413711547852, 17.73073387145996, 19.669055938720703, 21.607376098632812, 23.545700073242188, 25.484020233154297, 27.422340393066406, 29.36066246032715, 31.298982620239258, 33.2373046875, 35.17562484741211, 37.11394500732422, 39.05226516723633, 40.99058532714844, 42.92890548706055, 44.867225646972656, 46.80554962158203, 48.74386978149414, 50.68218994140625, 52.62051010131836, 54.55883026123047, 56.49715042114258, 58.43547058105469, 60.3737907409668, 62.312110900878906, 64.25043487548828, 66.18875122070312, 68.1270751953125, 70.06539916992188, 72.00371551513672, 73.9420394897461, 75.88035583496094, 77.81867980957031, 79.75699615478516, 81.69532012939453, 83.63363647460938, 85.57196044921875]}, "gradients/h2o.weight": {"_type": "histogram", "values": [1.0, 1.0, 0.0, 0.0, 37.0, 0.0, 0.0, 0.0, 0.0, 32.0, 11.0, 1.0, 2.0, 0.0, 2.0, 3.0, 3.0, 32.0, 2.0, 75.0, 3.0, 44.0, 6.0, 1.0, 5.0, 38.0, 43.0, 55.0, 559.0, 42.0, 35.0, 4.0, 2.0, 3.0, 43.0, 6.0, 72.0, 2.0, 33.0, 5.0, 5.0, 1.0, 0.0, 1.0, 0.0, 1.0, 39.0, 0.0, 1.0, 0.0, 0.0, 5.0, 27.0, 0.0, 0.0, 0.0, 2.0, 1.0, 0.0, 1.0, 0.0, 0.0, 0.0, 1.0], "bins": [-100.24666595458984, -96.68231964111328, -93.11797332763672, -89.55362701416016, -85.98927307128906, -82.4249267578125, -78.86058044433594, -75.29623413085938, -71.73188781738281, -68.16754150390625, -64.60319519042969, -61.03884506225586, -57.4744987487793, -53.910152435302734, -50.345802307128906, -46.781455993652344, -43.21710968017578, -39.65276336669922, -36.088417053222656, -32.52406692504883, -28.959720611572266, -25.395374298095703, -21.831026077270508, -18.266677856445312, -14.70233154296875, -11.137984275817871, -7.573637008666992, -4.009289741516113, -0.4449424743652344, 3.1194047927856445, 6.683752059936523, 10.248099327087402, 13.81243896484375, 17.376785278320312, 20.941133499145508, 24.505481719970703, 28.069828033447266, 31.634174346923828, 35.198524475097656, 38.76287078857422, 42.32721710205078, 45.891563415527344, 49.455909729003906, 53.020259857177734, 56.5846061706543, 60.14895248413086, 63.71330261230469, 67.27764892578125, 70.84199523925781, 74.40634155273438, 77.97068786621094, 81.5350341796875, 85.09938049316406, 88.66373443603516, 92.22808074951172, 95.79242706298828, 99.35677337646484, 102.9211196899414, 106.48546600341797, 110.04981231689453, 113.61416625976562, 117.17851257324219, 120.74285888671875, 124.30720520019531, 127.87155151367188]}, "gradients/lstm_cell.bias_ih": {"_type": "histogram", "values": [1.0, 1.0, 1.0, 0.0, 1.0, 0.0, 0.0, 0.0, 0.0, 0.0, 1.0, 0.0, 0.0, 0.0, 0.0, 1.0, 0.0, 3.0, 0.0, 2.0, 5.0, 6.0, 7.0, 30.0, 1173.0, 31.0, 9.0, 2.0, 5.0, 1.0, 1.0, 1.0, 1.0, 1.0, 1.0, 1.0, 0.0, 1.0, 0.0, 0.0, 0.0, 0.0, 0.0, 0.0, 0.0, 0.0, 0.0, 0.0, 0.0, 0.0, 0.0, 0.0, 0.0, 0.0, 0.0, 0.0, 0.0, 0.0, 0.0, 0.0, 0.0, 0.0, 0.0, 1.0], "bins": [-0.5075133442878723, -0.48670682311058044, -0.4659003019332886, -0.4450937807559967, -0.42428725957870483, -0.4034807085990906, -0.3826741874217987, -0.36186766624450684, -0.34106114506721497, -0.3202546238899231, -0.2994481027126312, -0.27864158153533936, -0.2578350305557251, -0.23702852427959442, -0.21622198820114136, -0.1954154670238495, -0.17460894584655762, -0.15380242466926575, -0.13299590349197388, -0.11218936741352081, -0.09138284623622894, -0.07057632505893707, -0.049769796431064606, -0.028963271528482437, -0.008156746625900269, 0.0126497782766819, 0.03345630317926407, 0.05426282808184624, 0.0750693529844284, 0.09587587416172028, 0.11668240278959274, 0.1374889314174652, 0.1582953929901123, 0.17910191416740417, 0.19990843534469604, 0.2207149714231491, 0.24152149260044098, 0.26232802867889404, 0.2831345498561859, 0.3039410710334778, 0.32474759221076965, 0.3455541133880615, 0.3663606345653534, 0.38716715574264526, 0.4079737067222595, 0.4287802278995514, 0.44958674907684326, 0.47039327025413513, 0.491199791431427, 0.5120063424110413, 0.5328128337860107, 0.553619384765625, 0.5744258761405945, 0.5952324271202087, 0.6160389184951782, 0.6368454694747925, 0.6576520204544067, 0.6784585118293762, 0.6992650628089905, 0.72007155418396, 0.7408781051635742, 0.7616845965385437, 0.782491147518158, 0.8032976388931274, 0.8241041898727417]}, "gradients/lstm_cell.bias_hh": {"_type": "histogram", "values": [1.0, 1.0, 1.0, 0.0, 1.0, 0.0, 0.0, 0.0, 0.0, 0.0, 1.0, 0.0, 0.0, 0.0, 0.0, 1.0, 0.0, 3.0, 0.0, 2.0, 5.0, 6.0, 7.0, 30.0, 1173.0, 31.0, 9.0, 2.0, 5.0, 1.0, 1.0, 1.0, 1.0, 1.0, 1.0, 1.0, 0.0, 1.0, 0.0, 0.0, 0.0, 0.0, 0.0, 0.0, 0.0, 0.0, 0.0, 0.0, 0.0, 0.0, 0.0, 0.0, 0.0, 0.0, 0.0, 0.0, 0.0, 0.0, 0.0, 0.0, 0.0, 0.0, 0.0, 1.0], "bins": [-0.5075133442878723, -0.48670682311058044, -0.4659003019332886, -0.4450937807559967, -0.42428725957870483, -0.4034807085990906, -0.3826741874217987, -0.36186766624450684, -0.34106114506721497, -0.3202546238899231, -0.2994481027126312, -0.27864158153533936, -0.2578350305557251, -0.23702852427959442, -0.21622198820114136, -0.1954154670238495, -0.17460894584655762, -0.15380242466926575, -0.13299590349197388, -0.11218936741352081, -0.09138284623622894, -0.07057632505893707, -0.049769796431064606, -0.028963271528482437, -0.008156746625900269, 0.0126497782766819, 0.03345630317926407, 0.05426282808184624, 0.0750693529844284, 0.09587587416172028, 0.11668240278959274, 0.1374889314174652, 0.1582953929901123, 0.17910191416740417, 0.19990843534469604, 0.2207149714231491, 0.24152149260044098, 0.26232802867889404, 0.2831345498561859, 0.3039410710334778, 0.32474759221076965, 0.3455541133880615, 0.3663606345653534, 0.38716715574264526, 0.4079737067222595, 0.4287802278995514, 0.44958674907684326, 0.47039327025413513, 0.491199791431427, 0.5120063424110413, 0.5328128337860107, 0.553619384765625, 0.5744258761405945, 0.5952324271202087, 0.6160389184951782, 0.6368454694747925, 0.6576520204544067, 0.6784585118293762, 0.6992650628089905, 0.72007155418396, 0.7408781051635742, 0.7616845965385437, 0.782491147518158, 0.8032976388931274, 0.8241041898727417]}, "gradients/lstm_cell.weight_hh": {"_type": "histogram", "values": [1.0, 7.0, 26.0, 3.0, 0.0, 1.0, 4.0, 2.0, 28.0, 7.0, 4.0, 6.0, 8.0, 35.0, 41.0, 44.0, 52.0, 46.0, 47.0, 42.0, 73.0, 48.0, 142.0, 125.0, 153.0, 336.0, 489.0, 1181.0, 3376.0, 397943.0, 6841.0, 1353.0, 794.0, 330.0, 286.0, 194.0, 119.0, 45.0, 60.0, 44.0, 61.0, 69.0, 46.0, 36.0, 49.0, 45.0, 17.0, 0.0, 3.0, 0.0, 36.0, 1.0, 2.0, 1.0, 0.0, 3.0, 2.0, 27.0, 0.0, 0.0, 0.0, 0.0, 1.0, 1.0],