{"train_loss": 0.3894553482532501, "_timestamp": 1711629777.7590346, "_runtime": 28.898367643356323, "_step": 2543, "epoch_train_loss": 3.8866751194000244, "epoch_val_loss": 3.9013032615184784, "gradients/h2o.bias": {"_type": "histogram", "values": [1.0, 0.0, 0.0, 0.0, 0.0, 0.0, 0.0, 0.0, 0.0, 0.0, 0.0, 0.0, 0.0, 0.0, 0.0, 0.0, 0.0, 0.0, 0.0, 0.0, 0.0, 0.0, 0.0, 0.0, 0.0, 0.0, 0.0, 0.0, 0.0, 0.0, 0.0, 0.0, 0.0, 0.0, 0.0, 0.0, 0.0, 0.0, 0.0, 0.0, 0.0, 0.0, 0.0, 0.0, 0.0, 0.0, 0.0, 0.0, 0.0, 0.0, 0.0, 0.0, 0.0, 0.0, 0.0, 0.0, 0.0, 0.0, 0.0, 0.0, 0.0, 0.0, 0.0, 1.0], "bins": [0.025476664304733276, 0.02605113573372364, 0.026625607162714005, 0.02720007859170437, 0.027774550020694733, 0.028349023312330246, 0.02892349474132061, 0.029497966170310974, 0.030072437599301338, 0.030646909028291702, 0.031221380457282066, 0.03179585188627243, 0.032370325177907944, 0.03294479474425316, 0.03351926803588867, 0.03409373760223389, 0.0346682108938694, 0.03524268418550491, 0.03581715375185013, 0.03639162704348564, 0.036966096609830856, 0.03754056990146637, 0.038115039467811584, 0.0386895127594471, 0.03926398605108261, 0.039838455617427826, 0.04041292890906334, 0.040987398475408554, 0.04156187176704407, 0.04213634133338928, 0.042710814625024796, 0.04328528419137001, 0.043859757483005524, 0.04443423077464104, 0.04500870034098625, 0.045583173632621765, 0.04615764319896698, 0.04673211649060249, 0.04730658605694771, 0.04788105934858322, 0.048455528914928436, 0.04903000220656395, 0.04960447549819946, 0.05017894506454468, 0.05075341835618019, 0.051327887922525406, 0.05190236121416092, 0.052476830780506134, 0.05305130407214165, 0.05362577736377716, 0.054200246930122375, 0.05477472022175789, 0.055349189788103104, 0.05592366307973862, 0.05649813264608383, 0.057072605937719345, 0.05764707922935486, 0.05822154879570007, 0.05879602208733559, 0.0593704916536808, 0.059944964945316315, 0.06051943451166153, 0.06109390780329704, 0.06166837736964226, 0.06224285066127777]}, "gradients/h2o.weight": {"_type": "histogram", "values": [1.0, 0.0, 0.0, 0.0, 0.0, 1.0, 0.0, 0.0, 0.0, 0.0, 0.0, 1.0, 0.0, 0.0, 0.0, 1.0, 1.0, 1.0, 0.0, 0.0, 2.0, 1.0, 0.0, 0.0, 2.0, 1.0, 0.0, 0.0, 1.0, 2.0, 3.0, 2.0, 23.0, 19.0, 9.0, 3.0, 9.0, 11.0, 3.0, 3.0, 1.0, 1.0, 0.0, 3.0, 4.0, 2.0, 3.0, 4.0, 3.0, 3.0, 1.0, 0.0, 0.0, 0.0, 0.0, 1.0, 0.0, 1.0, 0.0, 0.0, 0.0, 0.0, 0.0, 1.0], "bins": [-0.8113712072372437, -0.788171112537384, -0.7649710774421692, -0.7417709827423096, -0.7185709476470947, -0.6953708529472351, -0.6721708178520203, -0.6489707231521606, -0.6257706880569458, -0.6025705933570862, -0.5793704986572266, -0.5561704635620117, -0.5329703688621521, -0.5097703337669373, -0.48657023906707764, -0.4633701741695404, -0.4401701092720032, -0.41697004437446594, -0.3937699794769287, -0.3705699145793915, -0.34736984968185425, -0.32416975498199463, -0.3009696900844574, -0.27776962518692017, -0.25456956028938293, -0.2313694953918457, -0.20816943049430847, -0.18496935069561005, -0.16176928579807281, -0.13856922090053558, -0.11536914855241776, -0.09216907620429993, -0.0689690113067627, -0.045768942683935165, -0.022568874061107635, 0.0006311945617198944, 0.023831263184547424, 0.047031331807374954, 0.07023140043020248, 0.09343147277832031, 0.11663153767585754, 0.13983160257339478, 0.163031667470932, 0.18623174726963043, 0.20943181216716766, 0.2326318770647049, 0.2558319568634033, 0.27903202176094055, 0.3022320866584778, 0.325432151556015, 0.34863221645355225, 0.3718322813510895, 0.3950323462486267, 0.41823244094848633, 0.44143250584602356, 0.4646325707435608, 0.487832635641098, 0.5110327005386353, 0.5342327952384949, 0.5574328303337097, 0.5806329250335693, 0.6038329601287842, 0.6270330548286438, 0.6502330899238586, 0.6734331846237183]}, "gradients/rnn_cell.bias_hh": {"_type": "histogram", "values": [1.0, 0.0, 0.0, 0.0, 0.0, 0.0, 0.0, 0.0, 0.0, 0.0, 0.0, 0.0, 0.0, 0.0, 0.0, 0.0, 0.0, 0.0, 0.0, 1.0, 0.0, 0.0, 0.0, 0.0, 0.0, 0.0, 0.0, 0.0, 0.0, 0.0, 0.0, 0.0, 1.0, 0.0, 0.0, 0.0, 0.0, 0.0, 0.0, 0.0, 0.0, 0.0, 0.0, 0.0, 1.0, 0.0, 0.0, 8.0, 173.0, 2.0, 2.0, 0.0, 1.0, 0.0, 0.0, 1.0, 0.0, 0.0, 0.0, 0.0, 0.0, 0.0, 0.0, 1.0], "bins": [-0.05736347287893295, -0.0561736598610878, -0.054983850568532944, -0.05379403755068779, -0.052604224532842636, -0.05141441524028778, -0.05022460222244263, -0.04903478920459747, -0.04784497991204262, -0.046655166894197464, -0.04546535387635231, -0.044275544583797455, -0.0430857315659523, -0.04189591854810715, -0.04070610925555229, -0.03951629623770714, -0.03832648694515228, -0.03713667392730713, -0.035946860909461975, -0.03475705161690712, -0.033567238599061966, -0.03237742558121681, -0.031187614426016808, -0.029997803270816803, -0.02880799025297165, -0.027618179097771645, -0.02642836794257164, -0.025238556787371635, -0.02404874376952648, -0.022858932614326477, -0.021669121459126472, -0.02047930844128132, -0.019289499148726463, -0.01809968799352646, -0.016909874975681305, -0.0157200638204813, -0.014530252665281296, -0.013340440578758717, -0.012150628492236137, -0.010960817337036133, -0.009771005250513554, -0.008581193163990974, -0.00739138200879097, -0.006201569922268391, -0.005011758301407099, -0.003821946680545807, -0.0026321348268538713, -0.0014423230895772576, -0.0002525113523006439, 0.0009373003849759698, 0.0021271121222525835, 0.003316923975944519, 0.004506735596805811, 0.005696547217667103, 0.006886359304189682, 0.008076170459389687, 0.009265982545912266, 0.010455794632434845, 0.01164560578763485, 0.012835417874157429, 0.014025229960680008, 0.015215041115880013, 0.016404852271080017, 0.01759466528892517, 0.018784476444125175]}, "gradients/rnn_cell.weight_hh": {"_type": "histogram", "values": [1.0, 0.0, 0.0, 0.0, 0.0, 0.0, 0.0, 0.0, 0.0, 0.0, 0.0, 0.0, 0.0, 0.0, 0.0, 0.0, 0.0, 0.0, 0.0, 3.0, 1.0, 2.0, 3.0, 0.0, 1.0, 2.0, 4.0, 4.0, 5.0, 7.0, 24.0, 10.0, 22.0, 44.0, 80.0, 11921.0, 53.0, 6.0, 30.0, 28.0, 5.0, 5.0, 2.0, 1.0, 6.0, 2.0, 2.0, 3.0, 1.0, 2.0, 0.0, 2.0, 1.0, 0.0, 1.0, 0.0, 0.0, 1.0, 0.0, 1.0, 1.0, 0.0, 0.0, 1.0], "bins": [-0.4483868479728699, -0.4357035756111145, -0.42302030324935913, -0.41033706068992615, -0.3976537883281708, -0.3849705159664154, -0.37228724360466003, -0.35960397124290466, -0.3469207286834717, -0.3342374563217163, -0.32155418395996094, -0.30887091159820557, -0.2961876392364502, -0.2835043668746948, -0.27082112431526184, -0.25813785195350647, -0.2454545795917511, -0.23277130722999573, -0.22008804976940155, -0.20740477740764618, -0.194721519947052, -0.18203824758529663, -0.16935497522354126, -0.15667171776294708, -0.1439884454011917, -0.13130517303943634, -0.11862191557884216, -0.10593864321708679, -0.09325537830591202, -0.08057211339473724, -0.06788884103298187, -0.0552055761218071, -0.04252234101295471, -0.02983907423913479, -0.017155807465314865, -0.004472540691494942, 0.008210726082324982, 0.020893992856144905, 0.03357725962996483, 0.0462605282664299, 0.058943793177604675, 0.07162705808877945, 0.08431032299995422, 0.0969935953617096, 0.10967686027288437, 0.12236012518405914, 0.13504339754581451, 0.1477266550064087, 0.16040992736816406, 0.17309319972991943, 0.1857764571905136, 0.19845972955226898, 0.21114298701286316, 0.22382625937461853, 0.2365095317363739, 0.24919278919696808, 0.26187604665756226, 0.2745593190193176, 0.287242591381073, 0.29992586374282837, 0.31260913610458374, 0.3252924084663391, 0.3379756510257721, 0.35065892338752747, 0.36334219574928284]}, "gradients/rnn_cell.bias_ih": {"_type": "histogram", "values": [1.0, 0.0, 0.0, 0.0, 0.0, 0.0, 0.0, 0.0, 0.0, 0.0, 0.0, 0.0, 0.0, 0.0, 0.0, 0.0, 0.0, 0.0, 0.0, 1.0, 0.0, 0.0, 0.0, 0.0, 0.0, 0.0, 0.0, 0.0, 0.0, 0.0, 0.0, 0.0, 1.0, 0.0, 0.0, 0.0, 0.0, 0.0, 0.0, 0.0, 0.0, 0.0, 0.0, 0.0, 1.0, 0.0, 1.0, 8.0, 172.0, 2.0, 0.0, 2.0, 1.0, 0.0, 0.0, 1.0, 0.0, 0.0, 0.0, 0.0, 0.0, 0.0, 0.0, 1.0],