{"train_loss": 602.5762939453125, "_timestamp": 1712139017.415553, "_runtime": 82.57669305801392, "_step": 13655, "epoch_train_loss": 594.3311767578125, "epoch_val_loss": 632.042724609375, "gradients/h2o.bias": {"_type": "histogram", "values": [1.0, 0.0, 0.0, 0.0, 0.0, 0.0, 0.0, 0.0, 0.0, 0.0, 0.0, 0.0, 0.0, 0.0, 0.0, 0.0, 0.0, 0.0, 0.0, 0.0, 0.0, 0.0, 0.0, 0.0, 0.0, 0.0, 0.0, 0.0, 0.0, 0.0, 0.0, 1.0, 0.0, 0.0, 0.0, 0.0, 1.0, 0.0, 0.0, 0.0, 0.0, 0.0, 0.0, 0.0, 0.0, 0.0, 0.0, 0.0, 0.0, 0.0, 0.0, 0.0, 0.0, 0.0, 0.0, 0.0, 0.0, 0.0, 0.0, 0.0, 0.0, 0.0, 0.0, 1.0], "bins": [13.481986999511719, 13.801461219787598, 14.120936393737793, 14.440410614013672, 14.75988483428955, 15.07935905456543, 15.398834228515625, 15.718308448791504, 16.037782669067383, 16.357257843017578, 16.67673110961914, 16.996206283569336, 17.31568145751953, 17.635154724121094, 17.95462989807129, 18.274105072021484, 18.593578338623047, 18.913053512573242, 19.232528686523438, 19.552001953125, 19.871477127075195, 20.19095230102539, 20.510425567626953, 20.82990074157715, 21.149375915527344, 21.468849182128906, 21.7883243560791, 22.107799530029297, 22.42727279663086, 22.746747970581055, 23.06622314453125, 23.385696411132812, 23.705171585083008, 24.024646759033203, 24.344120025634766, 24.66359519958496, 24.983070373535156, 25.30254364013672, 25.622018814086914, 25.94149398803711, 26.260967254638672, 26.580442428588867, 26.899917602539062, 27.219390869140625, 27.53886604309082, 27.858341217041016, 28.177814483642578, 28.497289657592773, 28.81676483154297, 29.13623809814453, 29.455713272094727, 29.775188446044922, 30.094661712646484, 30.41413688659668, 30.733612060546875, 31.053085327148438, 31.372560501098633, 31.692033767700195, 32.01150894165039, 32.33098220825195, 32.65045928955078, 32.969932556152344, 33.289405822753906, 33.608882904052734, 33.9283561706543]}, "gradients/h2o.weight": {"_type": "histogram", "values": [1.0, 0.0, 0.0, 0.0, 0.0, 0.0, 1.0, 0.0, 0.0, 1.0, 0.0, 0.0, 1.0, 0.0, 4.0, 2.0, 1.0, 1.0, 1.0, 2.0, 2.0, 6.0, 5.0, 4.0, 7.0, 2.0, 5.0, 8.0, 10.0, 11.0, 16.0, 44.0, 74.0, 8.0, 46.0, 15.0, 8.0, 36.0, 12.0, 62.0, 39.0, 6.0, 7.0, 4.0, 4.0, 6.0, 6.0, 7.0, 5.0, 9.0, 3.0, 2.0, 2.0, 2.0, 2.0, 2.0, 1.0, 3.0, 1.0, 0.0, 1.0, 0.0, 3.0, 1.0], "bins": [-259.3572082519531, -252.1674346923828, -244.9776611328125, -237.78787231445312, -230.5980987548828, -223.4083251953125, -216.2185516357422, -209.02877807617188, -201.8389892578125, -194.64923095703125, -187.45944213867188, -180.26966857910156, -173.07989501953125, -165.89010620117188, -158.70034790039062, -151.51055908203125, -144.32078552246094, -137.13101196289062, -129.9412384033203, -122.75144958496094, -115.56167602539062, -108.37190246582031, -101.18212890625, -93.99235534667969, -86.80258178710938, -79.61279296875, -72.42301940917969, -65.23324584960938, -58.04347229003906, -50.85369873046875, -43.663909912109375, -36.47413635253906, -29.284347534179688, -22.094573974609375, -14.904800415039062, -7.7150115966796875, -0.525238037109375, 6.6645355224609375, 13.85430908203125, 21.044082641601562, 28.233871459960938, 35.42364501953125, 42.61341857910156, 49.803192138671875, 56.99296569824219, 64.1827392578125, 71.37252807617188, 78.56230163574219, 85.7520751953125, 92.94184875488281, 100.13162994384766, 107.32140350341797, 114.51118469238281, 121.70095825195312, 128.89073181152344, 136.08050537109375, 143.27029418945312, 150.46006774902344, 157.64984130859375, 164.83961486816406, 172.02938842773438, 179.21917724609375, 186.40895080566406, 193.59872436523438, 200.7884979248047]}, "gradients/rnn_cell.bias_hh": {"_type": "histogram", "values": [1.0, 0.0, 0.0, 0.0, 0.0, 0.0, 0.0, 0.0, 0.0, 0.0, 0.0, 0.0, 0.0, 0.0, 0.0, 0.0, 0.0, 0.0, 0.0, 1.0, 0.0, 0.0, 0.0, 0.0, 0.0, 4.0, 371.0, 2.0, 1.0, 1.0, 1.0, 0.0, 0.0, 0.0, 0.0, 0.0, 0.0, 0.0, 0.0, 0.0, 0.0, 0.0, 0.0, 0.0, 0.0, 0.0, 0.0, 0.0, 0.0, 0.0, 1.0, 0.0, 0.0, 0.0, 0.0, 0.0, 0.0, 0.0, 0.0, 0.0, 0.0, 0.0, 0.0, 1.0], "bins": [-1.4426387548446655, -1.3886582851409912, -1.3346776962280273, -1.2806971073150635, -1.2267166376113892, -1.1727361679077148, -1.118755578994751, -1.064774990081787, -1.0107945203781128, -0.9568139910697937, -0.9028334617614746, -0.8488529324531555, -0.7948724031448364, -0.7408918738365173, -0.6869113445281982, -0.6329308152198792, -0.5789502859115601, -0.524969756603241, -0.4709892272949219, -0.41700875759124756, -0.3630281686782837, -0.3090475797653198, -0.2550671100616455, -0.2010866403579712, -0.14710605144500732, -0.09312546253204346, -0.03914499282836914, 0.014835476875305176, 0.06881606578826904, 0.12279665470123291, 0.17677712440490723, 0.23075759410858154, 0.28473806381225586, 0.3387186527252197, 0.39269912242889404, 0.44667959213256836, 0.5006601810455322, 0.5546407699584961, 0.6086212396621704, 0.6626017093658447, 0.7165822982788086, 0.7705628871917725, 0.8245433568954468, 0.8785238265991211, 0.932504415512085, 0.9864850044250488, 1.0404654741287231, 1.0944459438323975, 1.1484265327453613, 1.2024071216583252, 1.2563875913619995, 1.3103680610656738, 1.3643486499786377, 1.4183292388916016, 1.4723097085952759, 1.5262901782989502, 1.580270767211914, 1.634251356124878, 1.6882318258285522, 1.7422122955322266, 1.7961928844451904, 1.8501734733581543, 1.9041539430618286, 1.958134412765503, 2.012115001678467]}, "gradients/rnn_cell.weight_hh": {"_type": "histogram", "values": [1.0, 0.0, 1.0, 0.0, 0.0, 0.0, 0.0, 0.0, 0.0, 0.0, 1.0, 0.0, 1.0, 1.0, 4.0, 0.0, 2.0, 2.0, 5.0, 5.0, 37.0, 8.0, 33.0, 45.0, 17.0, 21.0, 60.0, 416.0, 48232.0, 79.0, 22.0, 12.0, 11.0, 77.0, 5.0, 2.0, 34.0, 1.0, 3.0, 1.0, 2.0, 3.0, 0.0, 0.0, 3.0, 0.0, 2.0, 1.0, 0.0, 0.0, 1.0, 0.0, 0.0, 0.0, 0.0, 0.0, 0.0, 0.0, 0.0, 0.0, 0.0, 0.0, 0.0, 1.0], "bins": [-7.030533790588379, -6.7810163497924805, -6.531498432159424, -6.281980991363525, -6.032463073730469, -5.78294563293457, -5.533428192138672, -5.283910274505615, -5.034392833709717, -4.78487491607666, -4.535357475280762, -4.285840034484863, -4.036322116851807, -3.786804437637329, -3.5372869968414307, -3.287769317626953, -3.0382516384124756, -2.788733959197998, -2.5392165184020996, -2.289698600769043, -2.0401811599731445, -1.790663242340088, -1.5411458015441895, -1.291628360748291, -1.0421104431152344, -0.7925930023193359, -0.5430750846862793, -0.29355764389038086, -0.04404020309448242, 0.20547771453857422, 0.45499515533447266, 0.7045130729675293, 0.9540305137634277, 1.2035479545593262, 1.4530658721923828, 1.7025833129882812, 1.952101230621338, 2.2016186714172363, 2.4511361122131348, 2.7006540298461914, 2.95017147064209, 3.1996893882751465, 3.449206829071045, 3.6987242698669434, 3.9482421875, 4.197759628295898, 4.447277545928955, 4.6967949867248535, 4.94631290435791, 5.195830345153809, 5.445347785949707, 5.6948652267456055, 5.944383144378662, 6.193901062011719, 6.443418502807617, 6.692935943603516, 6.942453861236572, 7.191971302032471, 7.441489219665527, 7.691006660461426, 7.940524101257324, 8.190041542053223, 8.439559936523438, 8.689077377319336, 8.938594818115234]}, "gradients/rnn_cell.bias_ih": {"_type": "histogram", "values": [1.0, 4.0, 376.0, 1.0, 1.0, 0.0, 0.0, 0.0, 0.0, 0.0, 0.0, 0.0, 0.0, 0.0, 0.0, 0.0, 0.0, 0.0, 0.0, 0.0, 0.0, 0.0, 0.0, 0.0, 0.0, 0.0, 0.0, 0.0, 0.0, 0.0, 0.0, 0.0, 0.0, 0.0, 0.0, 0.0, 0.0, 0.0, 0.0, 0.0, 0.0, 0.0, 0.0, 0.0, 0.0, 0.0, 0.0, 0.0, 0.0, 0.0, 0.0, 0.0, 0.0, 0.0, 0.0, 0.0, 0.0, 0.0, 0.0, 0.0, 0.0, 0.0, 0.0, 1.0],