{"loss": 449.85473087855746, "_timestamp": 1709024845.9175282, "_runtime": 66.24915719032288, "_step": 753, "y loss": 1260.0800708007812, "avg_loss": 61.6840241253376, "avg_y_loss": 1263.519679069519, "val_loss": 63.42191329369178}