{"loss": 1416.7004010999526, "_timestamp": 1709029705.8851311, "_runtime": 94.95973110198975, "_step": 1105, "y loss": 1248.9466562740138, "avg_loss": 60.90311351418495, "avg_y_loss": 1247.470353603363, "val_loss": 63.63411639286922}