{"train_loss": 9.598270416259766, "_timestamp": 1712226967.9980388, "_runtime": 20.231645822525024, "_step": 5867, "epoch_train_loss": 35.73389434814453, "epoch_val_loss": 38.33765530586243, "gradients/h2o.bias": {"_type": "histogram", "values": [1.0], "bins": [-122.96973419189453, -122.96973419189453]}, "gradients/h2o.weight": {"_type": "histogram", "values": [1.0, 1.0, 0.0, 2.0, 0.0, 0.0, 1.0, 1.0, 1.0, 0.0, 0.0, 0.0, 0.0, 2.0, 3.0, 2.0, 4.0, 4.0, 4.0, 2.0, 1.0, 1.0, 2.0, 2.0, 4.0, 1.0, 0.0, 2.0, 0.0, 1.0, 1.0, 5.0, 21.0, 4.0, 0.0, 2.0, 1.0, 0.0, 0.0, 2.0, 0.0, 0.0, 3.0, 5.0, 4.0, 6.0, 3.0, 5.0, 4.0, 5.0, 0.0, 3.0, 0.0, 4.0, 1.0, 2.0, 0.0, 2.0, 0.0, 0.0, 1.0, 0.0, 1.0, 1.0], "bins": [-195.92831420898438, -189.8887176513672, -183.84913635253906, -177.80953979492188, -171.76995849609375, -165.73036193847656, -159.69078063964844, -153.65118408203125, -147.61160278320312, -141.57200622558594, -135.5324249267578, -129.49282836914062, -123.45323944091797, -117.41365051269531, -111.37406158447266, -105.33447265625, -99.29488372802734, -93.25529479980469, -87.21570587158203, -81.17611694335938, -75.13652801513672, -69.09693908691406, -63.05734634399414, -57.017757415771484, -50.97816848754883, -44.93857955932617, -38.898990631103516, -32.85940170288086, -26.81981086730957, -20.780221939086914, -14.740632057189941, -8.701042175292969, -2.6614532470703125, 3.378136157989502, 9.417725563049316, 15.457315444946289, 21.496904373168945, 27.5364933013916, 33.57608413696289, 39.61567306518555, 45.6552619934082, 51.69485092163086, 57.734439849853516, 63.77402877807617, 69.8136215209961, 75.85321044921875, 81.8927993774414, 87.93238830566406, 93.97197723388672, 100.01156616210938, 106.05115509033203, 112.09074401855469, 118.13033294677734, 124.169921875, 130.2095184326172, 136.2490997314453, 142.2886962890625, 148.32827758789062, 154.3678741455078, 160.40745544433594, 166.44705200195312, 172.48663330078125, 178.52622985839844, 184.56581115722656, 190.60540771484375]}, "gradients/lstm_cell.bias_ih": {"_type": "histogram", "values": [1.0, 0.0, 0.0, 0.0, 0.0, 0.0, 1.0, 0.0, 0.0, 0.0, 0.0, 0.0, 0.0, 0.0, 1.0, 0.0, 1.0, 0.0, 1.0, 0.0, 1.0, 1.0, 1.0, 1.0, 3.0, 2.0, 4.0, 3.0, 5.0, 6.0, 9.0, 20.0, 351.0, 50.0, 22.0, 7.0, 6.0, 1.0, 2.0, 3.0, 1.0, 0.0, 1.0, 1.0, 1.0, 0.0, 1.0, 0.0, 2.0, 0.0, 0.0, 0.0, 0.0, 0.0, 0.0, 0.0, 0.0, 1.0, 0.0, 0.0, 0.0, 0.0, 0.0, 1.0], "bins": [-120.57659912109375, -116.86624908447266, -113.15589904785156, -109.44554901123047, -105.73519134521484, -102.02484130859375, -98.31449127197266, -94.60414123535156, -90.89379119873047, -87.18344116210938, -83.47308349609375, -79.76273345947266, -76.05238342285156, -72.34203338623047, -68.63168334960938, -64.92133331298828, -61.21097946166992, -57.50062942504883, -53.79027557373047, -50.079925537109375, -46.36957550048828, -42.65922164916992, -38.94887161254883, -35.238521575927734, -31.528169631958008, -27.81781768798828, -24.107467651367188, -20.39711570739746, -16.686763763427734, -12.97641372680664, -9.266061782836914, -5.555710792541504, -1.8453598022460938, 1.8649914264678955, 5.575342655181885, 9.285694122314453, 12.996045112609863, 16.706396102905273, 20.416748046875, 24.127098083496094, 27.83745002746582, 31.547801971435547, 35.25815200805664, 38.968502044677734, 42.678855895996094, 46.38920593261719, 50.09955596923828, 53.80990982055664, 57.520259857177734, 61.23060989379883, 64.94096374511719, 68.65131378173828, 72.36166381835938, 76.07201385498047, 79.78236389160156, 83.49272155761719, 87.20307159423828, 90.91342163085938, 94.62377166748047, 98.33412170410156, 102.04447174072266, 105.75482940673828, 109.46517944335938, 113.17552947998047, 116.88587951660156]}, "gradients/lstm_cell.bias_hh": {"_type": "histogram", "values": [1.0, 0.0, 0.0, 0.0, 0.0, 0.0, 1.0, 0.0, 0.0, 0.0, 0.0, 0.0, 0.0, 0.0, 1.0, 0.0, 1.0, 0.0, 1.0, 0.0, 1.0, 1.0, 1.0, 1.0, 3.0, 2.0, 4.0, 3.0, 5.0, 6.0, 9.0, 20.0, 351.0, 50.0, 22.0, 7.0, 6.0, 1.0, 2.0, 3.0, 1.0, 0.0, 1.0, 1.0, 1.0, 0.0, 1.0, 0.0, 2.0, 0.0, 0.0, 0.0, 0.0, 0.0, 0.0, 0.0, 0.0, 1.0, 0.0, 0.0, 0.0, 0.0, 0.0, 1.0], "bins": [-120.57659912109375, -116.86624908447266, -113.15589904785156, -109.44554901123047, -105.73519134521484, -102.02484130859375, -98.31449127197266, -94.60414123535156, -90.89379119873047, -87.18344116210938, -83.47308349609375, -79.76273345947266, -76.05238342285156, -72.34203338623047, -68.63168334960938, -64.92133331298828, -61.21097946166992, -57.50062942504883, -53.79027557373047, -50.079925537109375, -46.36957550048828, -42.65922164916992, -38.94887161254883, -35.238521575927734, -31.528169631958008, -27.81781768798828, -24.107467651367188, -20.39711570739746, -16.686763763427734, -12.97641372680664, -9.266061782836914, -5.555710792541504, -1.8453598022460938, 1.8649914264678955, 5.575342655181885, 9.285694122314453, 12.996045112609863, 16.706396102905273, 20.416748046875, 24.127098083496094, 27.83745002746582, 31.547801971435547, 35.25815200805664, 38.968502044677734, 42.678855895996094, 46.38920593261719, 50.09955596923828, 53.80990982055664, 57.520259857177734, 61.23060989379883, 64.94096374511719, 68.65131378173828, 72.36166381835938, 76.07201385498047, 79.78236389160156, 83.49272155761719, 87.20307159423828, 90.91342163085938, 94.62377166748047, 98.33412170410156, 102.04447174072266, 105.75482940673828, 109.46517944335938, 113.17552947998047, 116.88587951660156]}, "gradients/lstm_cell.weight_hh": {"_type": "histogram", "values": [1.0, 1.0, 1.0, 2.0, 1.0, 0.0, 1.0, 2.0, 4.0, 3.0, 4.0, 3.0, 7.0, 6.0, 8.0, 5.0, 12.0, 12.0, 29.0, 33.0, 51.0, 66.0, 89.0, 116.0, 175.0, 275.0, 511.0, 1426.0, 53427.0, 7060.0, 1013.0, 398.0, 236.0, 129.0, 112.0, 86.0, 65.0, 39.0, 30.0, 15.0, 14.0, 17.0, 7.0, 5.0, 8.0, 5.0, 6.0, 1.0, 5.0, 3.0, 5.0, 2.0, 2.0, 1.0, 0.0, 0.0, 0.0, 0.0, 0.0, 0.0, 0.0, 0.0, 0.0, 1.0], "bins": [-269.25347900390625, -259.9258728027344, -250.59828186035156, -241.27069091796875, -231.94308471679688, -222.615478515625, -213.2878875732422, -203.96029663085938, -194.6326904296875, -185.30508422851562, -175.9774932861328, -166.64990234375, -157.32229614257812, -147.99468994140625, -138.66709899902344, -129.33950805664062, -120.01190185546875, -110.6843032836914, -101.35670471191406, -92.02910614013672, -82.70150756835938, -73.37390899658203, -64.04631042480469, -54.718711853027344, -45.39111328125, -36.063514709472656, -26.735916137695312, -17.40831756591797, -8.080718994140625, 1.2468795776367188, 10.574478149414062, 19.902076721191406, 29.229644775390625, 38.55724334716797, 47.88484191894531, 57.212440490722656, 66.5400390625, 75.86763763427734, 85.19523620605469, 94.52283477783203, 103.85043334960938, 113.17803192138672, 122.50563049316406, 131.83322143554688, 141.16082763671875, 150.48843383789062, 159.81602478027344, 169.14361572265625, 178.47122192382812, 187.798828125, 197.1264190673828, 206.45401000976562, 215.7816162109375, 225.10922241210938, 234.4368133544922, 243.764404296875, 253.09201049804688, 262.41961669921875, 271.7471923828125, 281.0747985839844, 290.40240478515625, 299.7300109863281, 309.0576171875, 318.38519287109375, 327.7127990722656]}, "gradients/lstm_cell.weight_ih": {"_type": "histogram", "values": [1.0, 0.0, 0.0, 0.0, 0.0, 0.0, 0.0, 1.0, 0.0, 0.0, 0.0, 0.0, 0.0, 0.0, 0.0, 0.0, 0.0, 2.0, 0.0, 0.0, 0.0, 1.0, 0.0, 0.0, 2.0, 2.0, 2.0, 4.0, 2.0, 5.0, 10.0, 15.0, 890.0, 43.0, 15.0, 10.0, 7.0, 3.0, 2.0, 1.0, 0.0, 1.0, 0.0, 1.0, 0.0, 0.0, 0.0, 0.0, 0.0, 1.0, 0.0, 0.0, 0.0, 0.0, 0.0, 1.0, 0.0, 0.0, 1.0, 0.0, 0.0, 0.0, 0.0, 1.0],