{"train_loss": 29.22746467590332, "_timestamp": 1712137927.9237351, "_runtime": 29.30527925491333, "_step": 459, "epoch_train_loss": 292.26885986328125, "epoch_val_loss": 293.53002548217773}