{"train_loss": 209.2030792236328, "_timestamp": 1712139133.6357, "_runtime": 63.21058797836304, "_step": 14999, "epoch_train_loss": 181.26239013671875, "epoch_val_loss": 214.0508270263672, "gradients/h2o.bias": {"_type": "histogram", "values": [1.0, 0.0, 0.0, 0.0, 0.0, 0.0, 0.0, 0.0, 0.0, 0.0, 0.0, 0.0, 0.0, 0.0, 0.0, 0.0, 0.0, 0.0, 0.0, 0.0, 0.0, 0.0, 0.0, 0.0, 0.0, 0.0, 0.0, 0.0, 0.0, 0.0, 0.0, 0.0, 0.0, 0.0, 0.0, 0.0, 0.0, 0.0, 0.0, 0.0, 0.0, 0.0, 0.0, 0.0, 0.0, 0.0, 0.0, 0.0, 0.0, 0.0, 0.0, 0.0, 0.0, 0.0, 0.0, 0.0, 0.0, 0.0, 0.0, 0.0, 0.0, 0.0, 0.0, 1.0], "bins": [-14.837437629699707, -14.042444229125977, -13.24744987487793, -12.4524564743042, -11.657463073730469, -10.862469673156738, -10.067476272583008, -9.272481918334961, -8.47748851776123, -7.6824951171875, -6.887501239776611, -6.092507362365723, -5.297513961791992, -4.502520561218262, -3.707526206970215, -2.9125328063964844, -2.117539405822754, -1.3225460052490234, -0.527552604675293, 0.2674417495727539, 1.0624351501464844, 1.8574285507202148, 2.6524229049682617, 3.447415351867676, 4.242409706115723, 5.0374040603637695, 5.832396507263184, 6.6273908615112305, 7.422385215759277, 8.217377662658691, 9.012372016906738, 9.807364463806152, 10.602359771728516, 11.397354125976562, 12.192346572875977, 12.987340927124023, 13.782333374023438, 14.577327728271484, 15.372322082519531, 16.167314529418945, 16.962308883666992, 17.75730323791504, 18.552295684814453, 19.3472900390625, 20.142284393310547, 20.93727684020996, 21.732271194458008, 22.527263641357422, 23.32225799560547, 24.117252349853516, 24.91224479675293, 25.707239151000977, 26.50223159790039, 27.297225952148438, 28.092220306396484, 28.88721466064453, 29.682207107543945, 30.47719955444336, 31.272193908691406, 32.06718826293945, 32.8621826171875, 33.65717697143555, 34.45216751098633, 35.247161865234375, 36.04215621948242]}, "gradients/h2o.weight": {"_type": "histogram", "values": [2.0, 0.0, 0.0, 0.0, 0.0, 1.0, 0.0, 0.0, 0.0, 0.0, 2.0, 1.0, 0.0, 1.0, 0.0, 0.0, 1.0, 1.0, 1.0, 0.0, 0.0, 0.0, 5.0, 5.0, 0.0, 4.0, 3.0, 4.0, 38.0, 2.0, 6.0, 6.0, 4.0, 5.0, 31.0, 4.0, 4.0, 4.0, 3.0, 2.0, 6.0, 4.0, 39.0, 4.0, 3.0, 2.0, 2.0, 4.0, 24.0, 6.0, 5.0, 4.0, 0.0, 2.0, 3.0, 2.0, 2.0, 0.0, 2.0, 1.0, 0.0, 0.0, 0.0, 1.0], "bins": [-140.30621337890625, -136.6378173828125, -132.9694366455078, -129.30104064941406, -125.63265228271484, -121.9642562866211, -118.29586791992188, -114.62747192382812, -110.9590835571289, -107.29069519042969, -103.62229919433594, -99.95391082763672, -96.2855224609375, -92.61712646484375, -88.94873809814453, -85.28034973144531, -81.61195373535156, -77.94356536865234, -74.27517700195312, -70.60678100585938, -66.93839263916016, -63.27000427246094, -59.60160827636719, -55.93321990966797, -52.26483154296875, -48.596435546875, -44.92804718017578, -41.25965881347656, -37.59126281738281, -33.922874450683594, -30.254486083984375, -26.586090087890625, -22.917701721191406, -19.249313354492188, -15.580917358398438, -11.912528991699219, -8.244140625, -4.57574462890625, -0.9073562622070312, 2.7610321044921875, 6.4294281005859375, 10.097816467285156, 13.766204833984375, 17.434600830078125, 21.102989196777344, 24.771377563476562, 28.439773559570312, 32.10816192626953, 35.776554107666016, 39.4449462890625, 43.11333465576172, 46.7817268371582, 50.45011901855469, 54.118507385253906, 57.78689956665039, 61.455291748046875, 65.1236801147461, 68.79206848144531, 72.46046447753906, 76.12885284423828, 79.79724884033203, 83.46563720703125, 87.13402557373047, 90.80242156982422, 94.47080993652344]}, "gradients/rnn_cell.bias_hh": {"_type": "histogram", "values": [1.0, 0.0, 0.0, 0.0, 0.0, 0.0, 0.0, 0.0, 0.0, 0.0, 0.0, 0.0, 0.0, 1.0, 0.0, 0.0, 0.0, 0.0, 0.0, 0.0, 0.0, 0.0, 0.0, 0.0, 0.0, 0.0, 0.0, 0.0, 0.0, 0.0, 0.0, 0.0, 0.0, 0.0, 0.0, 0.0, 0.0, 0.0, 0.0, 0.0, 1.0, 0.0, 0.0, 1.0, 1.0, 1.0, 1.0, 6.0, 10.0, 350.0, 6.0, 3.0, 0.0, 0.0, 0.0, 0.0, 0.0, 0.0, 0.0, 0.0, 0.0, 1.0, 0.0, 1.0], "bins": [-31.926864624023438, -31.278305053710938, -30.62974739074707, -29.981189727783203, -29.332630157470703, -28.684070587158203, -28.035512924194336, -27.38695526123047, -26.73839569091797, -26.08983612060547, -25.4412784576416, -24.792720794677734, -24.144161224365234, -23.495601654052734, -22.847043991088867, -22.198486328125, -21.5499267578125, -20.9013671875, -20.252809524536133, -19.604251861572266, -18.955692291259766, -18.307132720947266, -17.6585750579834, -17.01001739501953, -16.36145782470703, -15.712898254394531, -15.064340591430664, -14.415782928466797, -13.767223358154297, -13.118663787841797, -12.47010612487793, -11.821548461914062, -11.172988891601562, -10.524429321289062, -9.875871658325195, -9.227313995361328, -8.578754425048828, -7.930194854736328, -7.281637191772461, -6.633079528808594, -5.984519958496094, -5.33596134185791, -4.687402725219727, -4.038844108581543, -3.3902854919433594, -2.741726875305176, -2.093168258666992, -1.4446096420288086, -0.796051025390625, -0.1474924087524414, 0.5010662078857422, 1.1496248245239258, 1.7981834411621094, 2.446742057800293, 3.0953006744384766, 3.74385929107666, 4.392417907714844, 5.040976524353027, 5.689535140991211, 6.3380937576293945, 6.986652374267578, 7.635210990905762, 8.283769607543945, 8.932328224182129, 9.580886840820312]}, "gradients/rnn_cell.weight_hh": {"_type": "histogram", "values": [1.0, 0.0, 0.0, 0.0, 0.0, 0.0, 0.0, 0.0, 0.0, 0.0, 0.0, 1.0, 2.0, 1.0, 2.0, 0.0, 0.0, 1.0, 1.0, 2.0, 10.0, 24.0, 3.0, 4.0, 30.0, 5.0, 8.0, 9.0, 22.0, 47.0, 31.0, 65.0, 86.0, 624.0, 47354.0, 403.0, 99.0, 62.0, 22.0, 36.0, 25.0, 14.0, 16.0, 7.0, 46.0, 10.0, 5.0, 39.0, 6.0, 5.0, 7.0, 0.0, 1.0, 1.0, 2.0, 2.0, 2.0, 2.0, 1.0, 2.0, 0.0, 2.0, 0.0, 2.0], "bins": [-82.81805419921875, -80.41268920898438, -78.00732421875, -75.6019515991211, -73.19658660888672, -70.79122161865234, -68.38585662841797, -65.9804916381836, -63.57512283325195, -61.16975402832031, -58.76438903808594, -56.35902404785156, -53.95365905761719, -51.54829025268555, -49.14292526245117, -46.73755645751953, -44.332191467285156, -41.92682647705078, -39.52145767211914, -37.116092681884766, -34.710723876953125, -32.30535888671875, -29.899993896484375, -27.494625091552734, -25.08926010131836, -22.683895111083984, -20.278526306152344, -17.87316131591797, -15.467796325683594, -13.062431335449219, -10.657058715820312, -8.251693725585938, -5.8463287353515625, -3.4409637451171875, -1.0355987548828125, 1.3697738647460938, 3.7751388549804688, 6.180503845214844, 8.585868835449219, 10.99123764038086, 13.396602630615234, 15.80196762084961, 18.20733642578125, 20.612701416015625, 23.01806640625, 25.42343521118164, 27.828800201416016, 30.234169006347656, 32.63953399658203, 35.044898986816406, 37.45026779174805, 39.85563278198242, 42.26100158691406, 44.66636657714844, 47.07173156738281, 49.47709655761719, 51.88246536254883, 54.28783416748047, 56.693199157714844, 59.09856414794922, 61.503929138183594, 63.909297943115234, 66.31466674804688, 68.72003173828125, 71.12539672851562]}, "gradients/rnn_cell.bias_ih": {"_type": "histogram", "values": [1.0, 0.0, 0.0, 0.0, 0.0, 0.0, 0.0, 0.0, 0.0, 0.0, 0.0, 0.0, 0.0, 0.0, 1.0, 0.0, 0.0, 0.0, 0.0, 0.0, 0.0, 0.0, 0.0, 0.0, 0.0, 0.0, 1.0, 0.0, 0.0, 0.0, 0.0, 0.0, 0.0, 0.0, 0.0, 0.0, 0.0, 0.0, 1.0, 0.0, 0.0, 1.0, 0.0, 1.0, 1.0, 1.0, 0.0, 6.0, 10.0, 347.0, 7.0, 3.0, 0.0, 0.0, 0.0, 0.0, 0.0, 0.0, 0.0, 0.0, 1.0, 1.0, 0.0, 1.0],