{"loss": 69.23788452148438, "_timestamp": 1709025124.458849, "_runtime": 223.79753994941711, "_step": 1, "y loss": 1418.7144775390625}