{"train_loss": 272.2790222167969, "_timestamp": 1711629120.4793293, "_runtime": 17.804389238357544, "_step": 8340, "epoch_train_loss": 27230.8046875, "epoch_val_loss": 22938.63156056404, "gradients/h2o.bias": {"_type": "histogram", "values": [1.0, 0.0, 0.0, 0.0, 0.0, 0.0, 0.0, 0.0, 0.0, 0.0, 0.0, 0.0, 0.0, 0.0, 0.0, 0.0, 0.0, 0.0, 0.0, 0.0, 0.0, 0.0, 0.0, 0.0, 0.0, 0.0, 0.0, 0.0, 0.0, 0.0, 0.0, 0.0, 0.0, 0.0, 0.0, 0.0, 0.0, 0.0, 0.0, 0.0, 0.0, 0.0, 0.0, 0.0, 0.0, 0.0, 0.0, 0.0, 0.0, 0.0, 0.0, 0.0, 0.0, 0.0, 0.0, 0.0, 0.0, 0.0, 0.0, 0.0, 0.0, 0.0, 0.0, 1.0], "bins": [-1.0034785270690918, -0.9980652332305908, -0.9926519393920898, -0.9872386455535889, -0.9818253517150879, -0.9764120578765869, -0.9709987640380859, -0.965585470199585, -0.960172176361084, -0.954758882522583, -0.949345588684082, -0.943932294845581, -0.9385190010070801, -0.9331057071685791, -0.9276924133300781, -0.9222791194915771, -0.9168658256530762, -0.9114525318145752, -0.9060392379760742, -0.9006259441375732, -0.8952126502990723, -0.8897993564605713, -0.8843860626220703, -0.8789727687835693, -0.8735594749450684, -0.8681461811065674, -0.8627328872680664, -0.8573195934295654, -0.8519062995910645, -0.8464930057525635, -0.8410797119140625, -0.8356664180755615, -0.8302531242370605, -0.8248397707939148, -0.8194264769554138, -0.8140131831169128, -0.8085998892784119, -0.8031865954399109, -0.7977733016014099, -0.7923600077629089, -0.786946713924408, -0.781533420085907, -0.776120126247406, -0.770706832408905, -0.765293538570404, -0.7598802447319031, -0.7544669508934021, -0.7490536570549011, -0.7436403632164001, -0.7382270693778992, -0.7328137755393982, -0.7274004817008972, -0.7219871878623962, -0.7165738940238953, -0.7111606001853943, -0.7057473063468933, -0.7003340125083923, -0.6949207186698914, -0.6895074248313904, -0.6840941309928894, -0.6786808371543884, -0.6732675433158875, -0.6678542494773865, -0.6624409556388855, -0.6570276618003845]}, "gradients/h2o.weight": {"_type": "histogram", "values": [1.0, 0.0, 0.0, 0.0, 0.0, 0.0, 0.0, 0.0, 0.0, 0.0, 0.0, 1.0, 0.0, 0.0, 0.0, 0.0, 1.0, 0.0, 0.0, 0.0, 0.0, 1.0, 0.0, 0.0, 0.0, 0.0, 0.0, 0.0, 0.0, 0.0, 0.0, 0.0, 0.0, 0.0, 0.0, 0.0, 0.0, 0.0, 0.0, 0.0, 0.0, 0.0, 0.0, 0.0, 0.0, 0.0, 0.0, 0.0, 0.0, 0.0, 0.0, 0.0, 1.0, 0.0, 0.0, 0.0, 0.0, 0.0, 0.0, 0.0, 0.0, 0.0, 0.0, 1.0], "bins": [-1.0034785270690918, -0.9721198081970215, -0.9407610893249512, -0.9094024300575256, -0.8780437111854553, -0.846684992313385, -0.8153263330459595, -0.7839676141738892, -0.7526088953018188, -0.7212501764297485, -0.6898914575576782, -0.6585327982902527, -0.6271740794181824, -0.5958153605461121, -0.5644567012786865, -0.5330979824066162, -0.5017392635345459, -0.4703805446624756, -0.43902185559272766, -0.40766316652297974, -0.3763044476509094, -0.3449457287788391, -0.3135870397090912, -0.28222835063934326, -0.25086963176727295, -0.21951092779636383, -0.1881522238254547, -0.1567935198545456, -0.12543481588363647, -0.09407611191272736, -0.06271740794181824, -0.03135870397090912, 0.0, 0.03135870397090912, 0.06271740794181824, 0.09407611191272736, 0.12543481588363647, 0.1567935198545456, 0.1881522238254547, 0.21951092779636383, 0.25086963176727295, 0.28222835063934326, 0.3135870397090912, 0.3449457287788391, 0.3763044476509094, 0.40766316652297974, 0.43902185559272766, 0.4703805446624756, 0.5017392635345459, 0.5330979824066162, 0.5644567012786865, 0.5958153605461121, 0.6271740794181824, 0.6585327982902527, 0.6898914575576782, 0.7212501764297485, 0.7526088953018188, 0.7839676141738892, 0.8153263330459595, 0.846684992313385, 0.8780437111854553, 0.9094024300575256, 0.9407610893249512, 0.9721198081970215, 1.0034785270690918]}, "gradients/rnn_cell.bias_hh": {"_type": "histogram", "values": [9.0], "bins": [0.0, 0.0]}, "gradients/rnn_cell.weight_hh": {"_type": "histogram", "values": [27.0], "bins": [0.0, 0.0]}, "gradients/rnn_cell.bias_ih": {"_type": "histogram", "values": [9.0], "bins": [0.0, 0.0]}, "gradients/rnn_cell.weight_ih": {"_type": "histogram", "values": [27.0], "bins": [0.0, 0.0]}, "_wandb": {"runtime": 16}}