{"train_loss": 2737.94921875, "_timestamp": 1711631006.479479, "_runtime": 18.81468915939331, "_step": 533, "epoch_train_loss": 273759.71875, "epoch_val_loss": 275281.7849121094}