{"train_loss": 5580.455078125, "_timestamp": 1711623429.6133037, "_runtime": 19.00627875328064, "_step": 9999, "epoch_train_loss": 272.1763610839844, "epoch_val_loss": 919.963526725769, "gradients/h2o.bias": {"_type": "histogram", "values": [1.0, 0.0, 0.0, 0.0, 0.0, 0.0, 0.0, 0.0, 0.0, 0.0, 0.0, 0.0, 0.0, 0.0, 0.0, 0.0, 0.0, 0.0, 0.0, 0.0, 0.0, 0.0, 0.0, 0.0, 0.0, 0.0, 0.0, 0.0, 0.0, 0.0, 0.0, 0.0, 0.0, 0.0, 0.0, 0.0, 0.0, 0.0, 0.0, 0.0, 0.0, 0.0, 0.0, 0.0, 0.0, 0.0, 0.0, 0.0, 0.0, 0.0, 0.0, 0.0, 0.0, 0.0, 0.0, 0.0, 0.0, 0.0, 0.0, 0.0, 0.0, 0.0, 0.0, 1.0], "bins": [0.05021834373474121, 0.050623297691345215, 0.05102825164794922, 0.05143320560455322, 0.05183815956115723, 0.05224311351776123, 0.052648067474365234, 0.05305302143096924, 0.05345797538757324, 0.053862929344177246, 0.05426788330078125, 0.054672837257385254, 0.05507779121398926, 0.05548274517059326, 0.055887699127197266, 0.05629265308380127, 0.05669760704040527, 0.05710256099700928, 0.05750751495361328, 0.057912468910217285, 0.05831742286682129, 0.05872237682342529, 0.0591273307800293, 0.0595322847366333, 0.059937238693237305, 0.06034219264984131, 0.06074714660644531, 0.061152100563049316, 0.06155705451965332, 0.061962008476257324, 0.06236696243286133, 0.06277191638946533, 0.06317687034606934, 0.06358182430267334, 0.06398677825927734, 0.06439173221588135, 0.06479668617248535, 0.06520164012908936, 0.06560659408569336, 0.06601154804229736, 0.06641650199890137, 0.06682145595550537, 0.06722640991210938, 0.06763136386871338, 0.06803631782531738, 0.06844127178192139, 0.06884622573852539, 0.0692511796951294, 0.0696561336517334, 0.0700610876083374, 0.0704660415649414, 0.07087099552154541, 0.07127594947814941, 0.07168090343475342, 0.07208585739135742, 0.07249081134796143, 0.07289576530456543, 0.07330071926116943, 0.07370567321777344, 0.07411062717437744, 0.07451558113098145, 0.07492053508758545, 0.07532548904418945, 0.07573044300079346, 0.07613539695739746]}, "gradients/h2o.weight": {"_type": "histogram", "values": [1.0, 1.0, 0.0, 0.0, 1.0, 1.0, 0.0, 0.0, 0.0, 2.0, 1.0, 0.0, 2.0, 1.0, 0.0, 1.0, 1.0, 1.0, 0.0, 1.0, 0.0, 0.0, 0.0, 0.0, 0.0, 2.0, 0.0, 0.0, 1.0, 0.0, 1.0, 1.0, 0.0, 0.0, 1.0, 0.0, 1.0, 0.0, 1.0, 0.0, 0.0, 0.0, 2.0, 0.0, 1.0, 1.0, 0.0, 1.0, 0.0, 0.0, 0.0, 2.0, 0.0, 0.0, 0.0, 1.0, 0.0, 0.0, 1.0, 0.0, 0.0, 0.0, 0.0, 1.0], "bins": [-82.23263549804688, -79.158447265625, -76.08425903320312, -73.01007843017578, -69.9358901977539, -66.86170196533203, -63.787513732910156, -60.71332931518555, -57.63914108276367, -54.5649528503418, -51.49076843261719, -48.41658020019531, -45.34239196777344, -42.26820755004883, -39.19401931762695, -36.119834899902344, -33.04564666748047, -29.971460342407227, -26.897274017333984, -23.82308578491211, -20.748899459838867, -17.674713134765625, -14.600525856018066, -11.526338577270508, -8.452152252197266, -5.377965450286865, -2.303778648376465, 0.7704081535339355, 3.844594955444336, 6.918781757354736, 9.992968559265137, 13.067155838012695, 16.141334533691406, 19.21552085876465, 22.28970718383789, 25.363895416259766, 28.438081741333008, 31.51226806640625, 34.586456298828125, 37.660640716552734, 40.73482894897461, 43.809017181396484, 46.883201599121094, 49.95738983154297, 53.031578063964844, 56.10576248168945, 59.17995071411133, 62.25413513183594, 65.32832336425781, 68.40251159667969, 71.47669982910156, 74.5508804321289, 77.62506866455078, 80.69925689697266, 83.77344512939453, 86.8476333618164, 89.92181396484375, 92.99600219726562, 96.0701904296875, 99.14437866210938, 102.21856689453125, 105.29275512695312, 108.36693572998047, 111.44112396240234, 114.51531219482422]}, "gradients/i2h.bias": {"_type": "histogram", "values": [1.0, 0.0, 0.0, 0.0, 0.0, 1.0, 0.0, 1.0, 0.0, 0.0, 0.0, 0.0, 1.0, 0.0, 1.0, 1.0, 0.0, 0.0, 0.0, 0.0, 0.0, 1.0, 0.0, 0.0, 0.0, 0.0, 0.0, 0.0, 0.0, 0.0, 1.0, 1.0, 1.0, 0.0, 0.0, 0.0, 0.0, 0.0, 1.0, 0.0, 2.0, 0.0, 0.0, 0.0, 0.0, 0.0, 0.0, 0.0, 0.0, 0.0, 0.0, 0.0, 0.0, 1.0, 0.0, 0.0, 1.0, 0.0, 0.0, 0.0, 0.0, 0.0, 0.0, 1.0], "bins": [-0.04262062907218933, -0.04117198660969734, -0.039723340421915054, -0.038274697959423065, -0.03682605177164078, -0.03537740930914879, -0.0339287668466568, -0.03248012065887451, -0.031031478196382523, -0.029582833871245384, -0.028134189546108246, -0.026685547083616257, -0.02523690275847912, -0.02378825843334198, -0.02233961597084999, -0.020890971645712852, -0.019442327320575714, -0.017993682995438576, -0.016545038670301437, -0.015096396207809448, -0.01364775188267231, -0.012199107557535172, -0.010750464163720608, -0.009301820769906044, -0.007853176444768906, -0.006404532585293055, -0.0049558887258172035, -0.0035072448663413525, -0.0020586010068655014, -0.0006099571473896503, 0.0008386867120862007, 0.0022873305715620518, 0.003735974431037903, 0.005184618290513754, 0.006633262149989605, 0.008081905543804169, 0.009530549868941307, 0.010979194194078445, 0.01242783758789301, 0.013876480981707573, 0.015325125306844711, 0.01677376963198185, 0.018222413957118988, 0.019671056419610977, 0.021119700744748116, 0.022568345069885254, 0.024016987532377243, 0.02546563185751438, 0.02691427618265152, 0.028362920507788658, 0.029811564832925797, 0.031260207295417786, 0.03270885348320007, 0.03415749594569206, 0.03560613840818405, 0.03705478459596634, 0.03850342705845833, 0.03995206952095032, 0.041400715708732605, 0.042849358171224594, 0.04429800063371658, 0.04574664682149887, 0.04719528928399086, 0.04864393547177315, 0.05009257793426514]}, "gradients/i2h.weight": {"_type": "histogram", "values": [1.0, 0.0, 0.0, 0.0, 0.0, 1.0, 0.0, 1.0, 0.0, 0.0, 0.0, 0.0, 1.0, 0.0, 1.0, 1.0, 0.0, 0.0, 0.0, 0.0, 0.0, 1.0, 0.0, 0.0, 0.0, 0.0, 0.0, 0.0, 0.0, 32.0, 1.0, 1.0, 1.0, 0.0, 0.0, 0.0, 0.0, 0.0, 1.0, 0.0, 2.0, 0.0, 0.0, 0.0, 0.0, 0.0, 0.0, 0.0, 0.0, 0.0, 0.0, 0.0, 0.0, 1.0, 0.0, 0.0, 1.0, 0.0, 0.0, 0.0, 0.0, 0.0, 0.0, 1.0], "bins": [-106.80018615722656, -103.17012786865234, -99.54006958007812, -95.91000366210938, -92.27994537353516, -88.64988708496094, -85.01982879638672, -81.38976287841797, -77.75970458984375, -74.12964630126953, -70.49958801269531, -66.8695297241211, -63.23946762084961, -59.609405517578125, -55.979347229003906, -52.34928512573242, -48.7192268371582, -45.089168548583984, -41.4591064453125, -37.82904815673828, -34.1989860534668, -30.568927764892578, -26.938867568969727, -23.308807373046875, -19.678747177124023, -16.048686981201172, -12.41862678527832, -8.788567543029785, -5.158507347106934, -1.5284473896026611, 2.1016125679016113, 5.731672286987305, 9.361732482910156, 12.991792678833008, 16.62185287475586, 20.25191307067871, 23.881973266601562, 27.51203155517578, 31.142091751098633, 34.772151947021484, 38.40221405029297, 42.03227233886719, 45.662330627441406, 49.29239273071289, 52.92245101928711, 56.552513122558594, 60.18257141113281, 63.8126335144043, 67.44268798828125, 71.07275390625, 74.70281219482422, 78.33287048339844, 81.96292877197266, 85.5929946899414, 89.22305297851562, 92.85311126708984, 96.48316955566406, 100.11322784423828, 103.74329376220703, 107.37335205078125, 111.00341033935547, 114.63346862792969, 118.26353454589844, 121.89359283447266, 125.52365112304688]}, "_wandb": {"runtime": 30}}