{"train_loss": 0.38808611035346985, "_timestamp": 1711629849.4909456, "_runtime": 50.518412590026855, "_step": 2759, "epoch_train_loss": 3.8765063285827637, "epoch_val_loss": 3.901492476463318, "gradients/h2o.bias": {"_type": "histogram", "values": [1.0, 0.0, 0.0, 0.0, 0.0, 0.0, 0.0, 0.0, 0.0, 0.0, 0.0, 0.0, 0.0, 0.0, 0.0, 0.0, 0.0, 0.0, 0.0, 0.0, 0.0, 0.0, 0.0, 0.0, 0.0, 0.0, 0.0, 0.0, 0.0, 0.0, 0.0, 0.0, 0.0, 0.0, 0.0, 0.0, 0.0, 0.0, 0.0, 0.0, 0.0, 0.0, 0.0, 0.0, 0.0, 0.0, 0.0, 0.0, 0.0, 0.0, 0.0, 0.0, 0.0, 0.0, 0.0, 0.0, 0.0, 0.0, 0.0, 0.0, 0.0, 0.0, 0.0, 1.0], "bins": [-0.17560449242591858, -0.17419254779815674, -0.1727806031703949, -0.17136865854263306, -0.16995669901371002, -0.16854475438594818, -0.16713280975818634, -0.1657208651304245, -0.16430892050266266, -0.16289697587490082, -0.16148501634597778, -0.16007307171821594, -0.1586611270904541, -0.15724918246269226, -0.15583723783493042, -0.15442529320716858, -0.15301333367824554, -0.1516013890504837, -0.15018944442272186, -0.14877749979496002, -0.14736555516719818, -0.14595361053943634, -0.1445416510105133, -0.14312970638275146, -0.14171776175498962, -0.14030581712722778, -0.13889387249946594, -0.1374819278717041, -0.13606996834278107, -0.13465802371501923, -0.13324607908725739, -0.13183413445949554, -0.1304221898317337, -0.12901024520397186, -0.12759828567504883, -0.126186341047287, -0.12477439641952515, -0.1233624517917633, -0.12195050716400146, -0.12053855508565903, -0.11912661045789719, -0.11771466583013535, -0.11630271375179291, -0.11489076912403107, -0.11347882449626923, -0.11206687241792679, -0.11065492779016495, -0.1092429831624031, -0.10783103108406067, -0.10641908645629883, -0.10500714182853699, -0.10359518975019455, -0.10218324512243271, -0.10077130049467087, -0.09935934841632843, -0.09794740378856659, -0.09653545916080475, -0.09512350708246231, -0.09371156245470047, -0.09229961782693863, -0.09088766574859619, -0.08947572112083435, -0.08806377649307251, -0.08665182441473007, -0.08523987978696823]}, "gradients/h2o.weight": {"_type": "histogram", "values": [1.0, 0.0, 0.0, 0.0, 1.0, 0.0, 0.0, 2.0, 0.0, 2.0, 0.0, 0.0, 1.0, 0.0, 0.0, 1.0, 2.0, 0.0, 0.0, 1.0, 0.0, 22.0, 0.0, 3.0, 2.0, 7.0, 18.0, 0.0, 0.0, 2.0, 1.0, 0.0, 6.0, 2.0, 1.0, 16.0, 1.0, 1.0, 1.0, 18.0, 0.0, 0.0, 1.0, 1.0, 0.0, 2.0, 1.0, 0.0, 0.0, 1.0, 0.0, 1.0, 3.0, 1.0, 0.0, 1.0, 0.0, 2.0, 0.0, 0.0, 1.0, 0.0, 0.0, 1.0], "bins": [-0.6090400218963623, -0.5892418026924133, -0.5694435834884644, -0.5496453642845154, -0.5298471450805664, -0.5100489854812622, -0.49025076627731323, -0.47045254707336426, -0.4506543278694153, -0.4308561086654663, -0.41105788946151733, -0.39125970005989075, -0.3714614808559418, -0.3516632616519928, -0.3318650722503662, -0.31206685304641724, -0.29226863384246826, -0.2724704146385193, -0.2526721954345703, -0.23287400603294373, -0.21307578682899475, -0.19327756762504578, -0.173479363322258, -0.15368115901947021, -0.13388293981552124, -0.11408472806215286, -0.09428651630878448, -0.07448830455541611, -0.05469009280204773, -0.03489188104867935, -0.015093669295310974, 0.0047045424580574036, 0.02450275421142578, 0.04430096596479416, 0.06409917771816254, 0.08389738947153091, 0.10369560122489929, 0.12349381297826767, 0.14329202473163605, 0.16309022903442383, 0.1828884482383728, 0.20268666744232178, 0.22248487174510956, 0.24228307604789734, 0.2620812952518463, 0.2818795144557953, 0.3016777038574219, 0.32147592306137085, 0.3412741422653198, 0.3610723614692688, 0.3808705806732178, 0.40066877007484436, 0.42046698927879333, 0.4402652084827423, 0.4600633978843689, 0.47986161708831787, 0.49965983629226685, 0.5194580554962158, 0.5392562747001648, 0.5590544939041138, 0.578852653503418, 0.5986508727073669, 0.6184490919113159, 0.6382473111152649, 0.6580455303192139]}, "gradients/rnn_cell.bias_hh": {"_type": "histogram", "values": [1.0, 0.0, 0.0, 0.0, 0.0, 0.0, 0.0, 0.0, 0.0, 0.0, 1.0, 0.0, 0.0, 0.0, 0.0, 0.0, 0.0, 0.0, 0.0, 0.0, 0.0, 1.0, 0.0, 0.0, 0.0, 0.0, 0.0, 0.0, 0.0, 0.0, 0.0, 0.0, 0.0, 0.0, 0.0, 1.0, 183.0, 2.0, 0.0, 0.0, 0.0, 0.0, 0.0, 0.0, 0.0, 1.0, 0.0, 1.0, 0.0, 0.0, 0.0, 0.0, 0.0, 0.0, 0.0, 0.0, 0.0, 0.0, 0.0, 0.0, 0.0, 0.0, 0.0, 1.0], "bins": [-0.0858646035194397, -0.083522267639637, -0.08117993921041489, -0.07883760333061218, -0.07649527490139008, -0.07415293902158737, -0.07181060314178467, -0.06946827471256256, -0.06712593883275986, -0.06478360295295715, -0.062441274523735046, -0.06009893864393234, -0.05775660648941994, -0.05541427433490753, -0.05307193845510483, -0.05072960630059242, -0.04838727414608002, -0.04604494199156761, -0.043702609837055206, -0.0413602739572525, -0.0390179418027401, -0.03667560964822769, -0.03433327376842499, -0.03199094161391258, -0.029648609459400177, -0.02730627730488777, -0.024963943287730217, -0.022621609270572662, -0.020279277116060257, -0.01793694496154785, -0.015594610944390297, -0.013252277858555317, -0.010909952223300934, -0.008567619137465954, -0.006225286051630974, -0.003882952965795994, -0.0015406198799610138, 0.0008017132058739662, 0.0031440462917089462, 0.005486379377543926, 0.007828712463378906, 0.010171045549213886, 0.012513378635048866, 0.014855711720883846, 0.017198044806718826, 0.01954037696123123, 0.021882710978388786, 0.02422504499554634, 0.026567377150058746, 0.02890970930457115, 0.03125204145908356, 0.03359437733888626, 0.035936709493398666, 0.03827904164791107, 0.040621377527713776, 0.04296370968222618, 0.045306041836738586, 0.04764837399125099, 0.0499907061457634, 0.0523330420255661, 0.054675374180078506, 0.05701770633459091, 0.059360042214393616, 0.06170237436890602, 0.06404470652341843]}, "gradients/rnn_cell.weight_hh": {"_type": "histogram", "values": [1.0, 0.0, 1.0, 1.0, 0.0, 0.0, 0.0, 0.0, 1.0, 1.0, 0.0, 0.0, 0.0, 0.0, 1.0, 0.0, 0.0, 1.0, 3.0, 1.0, 4.0, 0.0, 23.0, 2.0, 0.0, 37.0, 2.0, 6.0, 24.0, 6.0, 35.0, 13.0, 12.0, 11915.0, 17.0, 31.0, 30.0, 23.0, 4.0, 2.0, 4.0, 37.0, 3.0, 1.0, 14.0, 4.0, 1.0, 1.0, 4.0, 2.0, 4.0, 2.0, 0.0, 2.0, 1.0, 2.0, 2.0, 2.0, 1.0, 1.0, 2.0, 0.0, 0.0, 1.0], "bins": [-0.2639795243740082, -0.2560785710811615, -0.248177632689476, -0.24027669429779053, -0.23237574100494385, -0.22447480261325836, -0.21657386422157288, -0.2086729109287262, -0.2007719725370407, -0.19287103414535522, -0.18497008085250854, -0.17706914246082306, -0.16916820406913757, -0.1612672507762909, -0.1533663123846054, -0.14546535909175873, -0.13756442070007324, -0.12966348230838776, -0.12176252901554108, -0.11386159062385559, -0.10596064478158951, -0.09805969893932343, -0.09015876054763794, -0.08225781470537186, -0.07435686886310577, -0.06645592302083969, -0.05855498090386391, -0.05065403878688812, -0.04275309294462204, -0.03485214710235596, -0.026951204985380173, -0.01905026100575924, -0.011149287223815918, -0.0032483432441949844, 0.004652600735425949, 0.012553544715046883, 0.020454488694667816, 0.02835543267428875, 0.03625637665390968, 0.04415731877088547, 0.05205826461315155, 0.05995921045541763, 0.06786015629768372, 0.0757610946893692, 0.08366204053163528, 0.09156298637390137, 0.09946392476558685, 0.10736487060785294, 0.11526581645011902, 0.1231667622923851, 0.13106770813465118, 0.13896864652633667, 0.14686959981918335, 0.15477053821086884, 0.16267147660255432, 0.170572429895401, 0.1784733682870865, 0.18637430667877197, 0.19427525997161865, 0.20217619836330414, 0.21007713675498962, 0.2179780900478363, 0.2258790284395218, 0.23377998173236847, 0.24168092012405396]}, "gradients/rnn_cell.bias_ih": {"_type": "histogram", "values": [1.0, 0.0, 0.0, 0.0, 0.0, 0.0, 0.0, 0.0, 0.0, 1.0, 0.0, 0.0, 0.0, 0.0, 0.0, 0.0, 0.0, 0.0, 1.0, 0.0, 0.0, 0.0, 0.0, 0.0, 0.0, 0.0, 0.0, 0.0, 0.0, 0.0, 4.0, 181.0, 0.0, 0.0, 1.0, 0.0, 0.0, 0.0, 1.0, 0.0, 1.0, 0.0, 0.0, 0.0, 0.0, 0.0, 0.0, 0.0, 0.0, 0.0, 0.0, 0.0, 0.0, 0.0, 0.0, 0.0, 0.0, 0.0, 0.0, 0.0, 0.0, 0.0, 0.0, 1.0],