{"train_loss": 170.85154724121094, "_timestamp": 1711622584.0582974, "_runtime": 8.112901449203491, "_step": 2039, "epoch_train_loss": 1361.8052978515625, "epoch_val_loss": 1269.852798461914, "gradients/h2o.bias": {"_type": "histogram", "values": [1.0, 0.0, 0.0, 0.0, 0.0, 0.0, 0.0, 0.0, 0.0, 0.0, 0.0, 0.0, 0.0, 0.0, 0.0, 0.0, 0.0, 0.0, 0.0, 0.0, 0.0, 0.0, 0.0, 0.0, 0.0, 0.0, 0.0, 0.0, 0.0, 0.0, 0.0, 0.0, 0.0, 0.0, 0.0, 0.0, 0.0, 0.0, 0.0, 0.0, 0.0, 0.0, 0.0, 0.0, 0.0, 0.0, 0.0, 0.0, 0.0, 0.0, 0.0, 0.0, 0.0, 0.0, 0.0, 0.0, 0.0, 0.0, 0.0, 0.0, 0.0, 0.0, 0.0, 1.0], "bins": [-5.605583190917969, -5.603611946105957, -5.6016411781311035, -5.599669933319092, -5.59769868850708, -5.595727920532227, -5.593756675720215, -5.591785430908203, -5.589814186096191, -5.587843418121338, -5.585872173309326, -5.5839009284973145, -5.581930160522461, -5.579958915710449, -5.5779876708984375, -5.576016902923584, -5.574045658111572, -5.5720744132995605, -5.570103645324707, -5.568132400512695, -5.566161155700684, -5.56419038772583, -5.562219142913818, -5.560247898101807, -5.558277130126953, -5.556305885314941, -5.55433464050293, -5.552363395690918, -5.5503926277160645, -5.548421382904053, -5.546450138092041, -5.5444793701171875, -5.542508125305176, -5.540536880493164, -5.5385661125183105, -5.536594867706299, -5.534623622894287, -5.532652854919434, -5.530681610107422, -5.52871036529541, -5.526739120483398, -5.524768352508545, -5.522797107696533, -5.5208258628845215, -5.518855094909668, -5.516883850097656, -5.5149126052856445, -5.512941837310791, -5.510970592498779, -5.508999347686768, -5.507028579711914, -5.505057334899902, -5.503086090087891, -5.501115322113037, -5.499144077301025, -5.497172832489014, -5.49520206451416, -5.493230819702148, -5.491259574890137, -5.489288330078125, -5.4873175621032715, -5.48534631729126, -5.483375072479248, -5.4814043045043945, -5.479433059692383]}, "gradients/h2o.weight": {"_type": "histogram", "values": [20.0, 0.0, 0.0, 0.0, 0.0, 0.0, 0.0, 0.0, 0.0, 0.0, 0.0, 0.0, 0.0, 0.0, 0.0, 0.0, 0.0, 0.0, 0.0, 0.0, 0.0, 0.0, 0.0, 0.0, 0.0, 0.0, 0.0, 0.0, 0.0, 0.0, 0.0, 0.0, 0.0, 0.0, 0.0, 0.0, 0.0, 0.0, 0.0, 0.0, 0.0, 0.0, 0.0, 0.0, 0.0, 0.0, 0.0, 0.0, 0.0, 0.0, 0.0, 0.0, 0.0, 0.0, 0.0, 0.0, 0.0, 0.0, 0.0, 0.0, 0.0, 0.0, 0.0, 12.0], "bins": [-5.605583190917969, -5.430408477783203, -5.255234241485596, -5.080060005187988, -4.904885292053223, -4.729710578918457, -4.55453634262085, -4.379362106323242, -4.204187393188477, -4.029012680053711, -3.8538384437561035, -3.678663969039917, -3.5034894943237305, -3.328315019607544, -3.1531405448913574, -2.977966070175171, -2.8027915954589844, -2.627617120742798, -2.4524426460266113, -2.277268171310425, -2.1020936965942383, -1.9269192218780518, -1.7517447471618652, -1.5765702724456787, -1.4013957977294922, -1.2262213230133057, -1.0510468482971191, -0.8758723735809326, -0.7006978988647461, -0.5255234241485596, -0.35034894943237305, -0.17517447471618652, 0.0, 0.17517447471618652, 0.35034894943237305, 0.5255234241485596, 0.7006978988647461, 0.8758723735809326, 1.0510468482971191, 1.2262213230133057, 1.4013957977294922, 1.5765702724456787, 1.7517447471618652, 1.9269192218780518, 2.1020936965942383, 2.277268171310425, 2.4524426460266113, 2.627617120742798, 2.8027915954589844, 2.977966070175171, 3.1531405448913574, 3.328315019607544, 3.5034894943237305, 3.678663969039917, 3.8538384437561035, 4.029012680053711, 4.204187393188477, 4.379362106323242, 4.55453634262085, 4.729710578918457, 4.904885292053223, 5.080060005187988, 5.255234241485596, 5.430408477783203, 5.605583190917969]}, "gradients/rnn_cell.bias_ih": {"_type": "histogram", "values": [16.0], "bins": [0.0, 0.0]}, "gradients/rnn_cell.weight_ih": {"_type": "histogram", "values": [48.0], "bins": [0.0, 0.0]}, "gradients/rnn_cell.bias_hh": {"_type": "histogram", "values": [16.0], "bins": [0.0, 0.0]}, "gradients/rnn_cell.weight_hh": {"_type": "histogram", "values": [256.0], "bins": [0.0, 0.0]}, "_wandb": {"runtime": 12}}