{"train_loss": 129.66087341308594, "_timestamp": 1711622490.4978402, "_runtime": 23.17054009437561, "_step": 8419, "epoch_train_loss": 958.5797729492188, "epoch_val_loss": 1110.9794292449951, "gradients/h2o.bias": {"_type": "histogram", "values": [1.0, 0.0, 0.0, 0.0, 0.0, 0.0, 0.0, 0.0, 0.0, 0.0, 0.0, 0.0, 0.0, 0.0, 0.0, 0.0, 0.0, 0.0, 0.0, 0.0, 0.0, 0.0, 0.0, 0.0, 0.0, 0.0, 0.0, 0.0, 0.0, 0.0, 0.0, 0.0, 0.0, 0.0, 0.0, 0.0, 0.0, 0.0, 0.0, 0.0, 0.0, 0.0, 0.0, 0.0, 0.0, 0.0, 0.0, 0.0, 0.0, 0.0, 0.0, 0.0, 0.0, 0.0, 0.0, 0.0, 0.0, 0.0, 0.0, 0.0, 0.0, 0.0, 0.0, 1.0], "bins": [2.4605350494384766, 2.461284637451172, 2.462034225463867, 2.4627838134765625, 2.463533401489258, 2.464282989501953, 2.4650325775146484, 2.4657821655273438, 2.466531753540039, 2.4672813415527344, 2.4680309295654297, 2.468780755996704, 2.4695303440093994, 2.4702799320220947, 2.47102952003479, 2.4717791080474854, 2.4725286960601807, 2.473278284072876, 2.4740278720855713, 2.4747774600982666, 2.475527048110962, 2.4762766361236572, 2.4770262241363525, 2.477775812149048, 2.478525400161743, 2.4792749881744385, 2.480024576187134, 2.480774164199829, 2.4815237522125244, 2.4822733402252197, 2.483022928237915, 2.4837725162506104, 2.4845223426818848, 2.48527193069458, 2.4860215187072754, 2.4867711067199707, 2.487520694732666, 2.4882702827453613, 2.4890198707580566, 2.489769458770752, 2.4905190467834473, 2.4912686347961426, 2.492018222808838, 2.492767810821533, 2.4935173988342285, 2.494266986846924, 2.495016574859619, 2.4957661628723145, 2.4965157508850098, 2.497265338897705, 2.4980149269104004, 2.4987645149230957, 2.499514102935791, 2.5002636909484863, 2.5010135173797607, 2.501763105392456, 2.5025126934051514, 2.5032622814178467, 2.504011869430542, 2.5047614574432373, 2.5055110454559326, 2.506260633468628, 2.5070102214813232, 2.5077598094940186, 2.508509397506714]}, "gradients/h2o.weight": {"_type": "histogram", "values": [14.0, 0.0, 0.0, 0.0, 0.0, 0.0, 0.0, 0.0, 0.0, 0.0, 0.0, 0.0, 0.0, 0.0, 0.0, 0.0, 0.0, 0.0, 0.0, 0.0, 0.0, 0.0, 0.0, 0.0, 0.0, 0.0, 0.0, 2.0, 0.0, 0.0, 0.0, 0.0, 0.0, 0.0, 0.0, 0.0, 0.0, 0.0, 0.0, 0.0, 0.0, 0.0, 0.0, 0.0, 0.0, 0.0, 0.0, 0.0, 0.0, 0.0, 0.0, 0.0, 0.0, 0.0, 0.0, 0.0, 0.0, 0.0, 0.0, 0.0, 0.0, 0.0, 0.0, 16.0], "bins": [-2.508509397506714, -2.4301185607910156, -2.3517274856567383, -2.27333664894104, -2.194945812225342, -2.1165547370910645, -2.038163900375366, -1.9597729444503784, -1.8813819885253906, -1.8029911518096924, -1.7246001958847046, -1.6462092399597168, -1.5678184032440186, -1.4894274473190308, -1.411036491394043, -1.3326456546783447, -1.254254698753357, -1.1758637428283691, -1.097472906112671, -1.019081950187683, -0.9406909942626953, -0.8623000979423523, -0.7839092016220093, -0.7055182456970215, -0.6271273493766785, -0.5487364530563354, -0.47034549713134766, -0.39195460081100464, -0.31356367468833923, -0.23517274856567383, -0.15678183734416962, -0.07839091867208481, 0.0, 0.07839091867208481, 0.15678183734416962, 0.23517274856567383, 0.31356367468833923, 0.39195460081100464, 0.47034549713134766, 0.5487364530563354, 0.6271273493766785, 0.7055182456970215, 0.7839092016220093, 0.8623000979423523, 0.9406909942626953, 1.019081950187683, 1.097472906112671, 1.1758637428283691, 1.254254698753357, 1.3326456546783447, 1.411036491394043, 1.4894274473190308, 1.5678184032440186, 1.6462092399597168, 1.7246001958847046, 1.8029911518096924, 1.8813819885253906, 1.9597729444503784, 2.038163900375366, 2.1165547370910645, 2.194945812225342, 2.27333664894104, 2.3517274856567383, 2.4301185607910156, 2.508509397506714]}, "gradients/rnn_cell.bias_ih": {"_type": "histogram", "values": [15.0, 0.0, 0.0, 0.0, 0.0, 0.0, 0.0, 0.0, 0.0, 0.0, 0.0, 0.0, 0.0, 0.0, 0.0, 0.0, 0.0, 0.0, 0.0, 0.0, 0.0, 0.0, 0.0, 0.0, 0.0, 0.0, 0.0, 0.0, 0.0, 0.0, 0.0, 0.0, 0.0, 0.0, 0.0, 0.0, 0.0, 0.0, 0.0, 0.0, 0.0, 0.0, 0.0, 0.0, 0.0, 0.0, 0.0, 0.0, 0.0, 0.0, 0.0, 0.0, 0.0, 0.0, 0.0, 0.0, 0.0, 0.0, 0.0, 0.0, 0.0, 0.0, 0.0, 1.0], "bins": [-0.0013647604500874877, 0.002073612529784441, 0.0055119856260716915, 0.00895035918802023, 0.01238873228430748, 0.015827104449272156, 0.01926547847688198, 0.022703850641846657, 0.026142224669456482, 0.029580596834421158, 0.033018968999385834, 0.03645734488964081, 0.039895717054605484, 0.04333408921957016, 0.046772461384534836, 0.05021083727478981, 0.053649209439754486, 0.05708758160471916, 0.06052595376968384, 0.06396432965993881, 0.06740269809961319, 0.07084107398986816, 0.07427944988012314, 0.07771781831979752, 0.08115619421005249, 0.08459457010030746, 0.08803293853998184, 0.09147131443023682, 0.0949096828699112, 0.09834805876016617, 0.10178643465042114, 0.10522480309009552, 0.1086631715297699, 0.11210154742002487, 0.11553991585969925, 0.11897829174995422, 0.1224166601896286, 0.12585504353046417, 0.12929341197013855, 0.13273178040981293, 0.1361701488494873, 0.13960853219032288, 0.14304690062999725, 0.14648526906967163, 0.1499236524105072, 0.15336202085018158, 0.15680038928985596, 0.16023877263069153, 0.1636771410703659, 0.16711550951004028, 0.17055389285087585, 0.17399226129055023, 0.1774306297302246, 0.18086901307106018, 0.18430738151073456, 0.18774574995040894, 0.1911841332912445, 0.19462250173091888, 0.19806087017059326, 0.20149923861026764, 0.2049376219511032, 0.2083759903907776, 0.21181435883045197, 0.21525274217128754, 0.21869111061096191]}, "gradients/rnn_cell.weight_ih": {"_type": "histogram", "values": [47.0, 0.0, 0.0, 0.0, 0.0, 0.0, 0.0, 0.0, 0.0, 0.0, 0.0, 0.0, 0.0, 0.0, 0.0, 0.0, 0.0, 0.0, 0.0, 0.0, 0.0, 0.0, 0.0, 0.0, 0.0, 0.0, 0.0, 0.0, 0.0, 0.0, 0.0, 0.0, 0.0, 0.0, 0.0, 0.0, 0.0, 0.0, 0.0, 0.0, 0.0, 0.0, 0.0, 0.0, 0.0, 0.0, 0.0, 0.0, 0.0, 0.0, 0.0, 0.0, 0.0, 0.0, 0.0, 0.0, 0.0, 0.0, 0.0, 0.0, 0.0, 0.0, 0.0, 1.0], "bins": [-0.43593138456344604, 0.6623527407646179, 1.760636806488037, 2.8589210510253906, 3.957205057144165, 5.0554890632629395, 6.153773307800293, 7.2520575523376465, 8.350341796875, 9.448625564575195, 10.546910285949707, 11.645194053649902, 12.743477821350098, 13.84176254272461, 14.940046310424805, 16.038330078125, 17.136613845825195, 18.234899520874023, 19.33318328857422, 20.431467056274414, 21.52975082397461, 22.628034591674805, 23.726320266723633, 24.824604034423828, 25.922887802124023, 27.02117156982422, 28.119455337524414, 29.21773910522461, 30.316024780273438, 31.414308547973633, 32.51259231567383, 33.610877990722656, 34.709163665771484, 35.80744934082031, 36.905731201171875, 38.0040168762207, 39.102298736572266, 40.200584411621094, 41.29887008666992, 42.397151947021484, 43.49543762207031, 44.593719482421875, 45.6920051574707, 46.79029083251953, 47.888572692871094, 48.98685836791992, 50.085140228271484, 51.18342590332031, 52.281707763671875, 53.3799934387207, 54.47827911376953, 55.576560974121094, 56.67484664916992, 57.773128509521484, 58.87141418457031, 59.96969985961914, 61.0679817199707, 62.16626739501953, 63.264549255371094, 64.36283874511719, 65.46112060546875, 66.55940246582031, 67.65768432617188, 68.75597381591797, 69.85425567626953]}, "gradients/rnn_cell.bias_hh": {"_type": "histogram", "values": [15.0, 0.0, 0.0, 0.0, 0.0, 0.0, 0.0, 0.0, 0.0, 0.0, 0.0, 0.0, 0.0, 0.0, 0.0, 0.0, 0.0, 0.0, 0.0, 0.0, 0.0, 0.0, 0.0, 0.0, 0.0, 0.0, 0.0, 0.0, 0.0, 0.0, 0.0, 0.0, 0.0, 0.0, 0.0, 0.0, 0.0, 0.0, 0.0, 0.0, 0.0, 0.0, 0.0, 0.0, 0.0, 0.0, 0.0, 0.0, 0.0, 0.0, 0.0, 0.0, 0.0, 0.0, 0.0, 0.0, 0.0, 0.0, 0.0, 0.0, 0.0, 0.0, 0.0, 1.0],