{"train_loss": 11.3740873336792, "_timestamp": 1711629677.4616315, "_runtime": 11.197429418563843, "_step": 3875, "epoch_train_loss": 1138.2716064453125, "epoch_val_loss": 1135.5420532226562, "gradients/h2o.bias": {"_type": "histogram", "values": [1.0, 0.0, 0.0, 0.0, 0.0, 0.0, 0.0, 0.0, 0.0, 0.0, 0.0, 0.0, 0.0, 0.0, 0.0, 0.0, 0.0, 0.0, 0.0, 0.0, 0.0, 0.0, 0.0, 0.0, 0.0, 0.0, 0.0, 0.0, 0.0, 0.0, 0.0, 0.0, 0.0, 0.0, 0.0, 0.0, 0.0, 0.0, 0.0, 0.0, 0.0, 0.0, 0.0, 0.0, 0.0, 0.0, 0.0, 0.0, 0.0, 0.0, 0.0, 0.0, 0.0, 0.0, 0.0, 0.0, 0.0, 0.0, 0.0, 0.0, 0.0, 0.0, 0.0, 1.0], "bins": [-1.8236980438232422, -1.7913026809692383, -1.7589073181152344, -1.72651207447052, -1.6941167116165161, -1.6617213487625122, -1.6293261051177979, -1.596930742263794, -1.56453537940979, -1.5321400165557861, -1.4997446537017822, -1.4673494100570679, -1.434954047203064, -1.40255868434906, -1.3701634407043457, -1.3377680778503418, -1.305372714996338, -1.272977352142334, -1.24058198928833, -1.2081867456436157, -1.1757913827896118, -1.143396019935608, -1.1110007762908936, -1.0786054134368896, -1.0462100505828857, -1.0138146877288818, -0.9814193844795227, -0.9490240812301636, -0.9166287183761597, -0.8842333555221558, -0.8518380522727966, -0.8194427490234375, -0.7870473861694336, -0.7546520829200745, -0.7222567796707153, -0.6898614168167114, -0.6574660539627075, -0.6250707507133484, -0.5926754474639893, -0.5602800846099854, -0.5278847217559814, -0.4954894185066223, -0.4630940854549408, -0.4306987524032593, -0.39830341935157776, -0.36590808629989624, -0.3335127532482147, -0.3011174201965332, -0.2687220871448517, -0.23632675409317017, -0.20393142104148865, -0.17153608798980713, -0.1391407549381256, -0.10674542188644409, -0.07435008883476257, -0.041954755783081055, -0.009559422731399536, 0.022835910320281982, 0.0552312433719635, 0.08762657642364502, 0.12002190947532654, 0.15241724252700806, 0.18481257557868958, 0.2172079086303711, 0.2496032416820526]}, "gradients/h2o.weight": {"_type": "histogram", "values": [2.0, 0.0, 0.0, 0.0, 0.0, 0.0, 0.0, 0.0, 0.0, 0.0, 0.0, 0.0, 1.0, 0.0, 0.0, 0.0, 10.0, 1.0, 1.0, 0.0, 0.0, 0.0, 1.0, 0.0, 1.0, 1.0, 0.0, 1.0, 0.0, 0.0, 0.0, 1.0, 2.0, 1.0, 1.0, 1.0, 7.0, 0.0, 0.0, 0.0, 3.0, 1.0, 10.0, 1.0, 0.0, 1.0, 1.0, 0.0, 0.0, 2.0, 0.0, 0.0, 1.0, 0.0, 2.0, 0.0, 0.0, 1.0, 1.0, 0.0, 2.0, 0.0, 7.0, 1.0], "bins": [-3.167477607727051, -3.0872676372528076, -3.0070576667785645, -2.926847457885742, -2.846637487411499, -2.766427516937256, -2.6862173080444336, -2.6060073375701904, -2.5257973670959473, -2.445587396621704, -2.365377426147461, -2.2851672172546387, -2.2049572467803955, -2.1247472763061523, -2.04453706741333, -1.964327096939087, -1.8841171264648438, -1.8039071559906006, -1.7236970663070679, -1.6434869766235352, -1.563277006149292, -1.4830670356750488, -1.4028569459915161, -1.3226468563079834, -1.2424368858337402, -1.162226915359497, -1.0820168256759644, -1.0018067359924316, -0.9215967655181885, -0.8413867354393005, -0.7611767053604126, -0.6809666752815247, -0.6007564067840576, -0.5205463767051697, -0.44033634662628174, -0.3601263165473938, -0.27991628646850586, -0.19970625638961792, -0.11949622631072998, -0.03928619623184204, 0.0409238338470459, 0.12113386392593384, 0.20134389400482178, 0.2815539240837097, 0.36176395416259766, 0.4419739842414856, 0.5221840143203735, 0.6023940443992615, 0.6826040744781494, 0.7628141045570374, 0.8430241346359253, 0.9232341647148132, 1.0034441947937012, 1.0836541652679443, 1.163864254951477, 1.2440743446350098, 1.324284315109253, 1.404494285583496, 1.4847043752670288, 1.5649144649505615, 1.6451244354248047, 1.7253344058990479, 1.8055444955825806, 1.8857545852661133, 1.9659645557403564]}, "gradients/rnn_cell.bias_hh": {"_type": "histogram", "values": [1.0, 0.0, 0.0, 0.0, 0.0, 0.0, 0.0, 0.0, 0.0, 0.0, 0.0, 0.0, 0.0, 0.0, 0.0, 0.0, 0.0, 0.0, 0.0, 1.0, 0.0, 0.0, 1.0, 1.0, 0.0, 0.0, 0.0, 0.0, 0.0, 0.0, 1.0, 1.0, 87.0, 2.0, 0.0, 0.0, 1.0, 0.0, 0.0, 0.0, 0.0, 0.0, 1.0, 0.0, 0.0, 0.0, 1.0, 0.0, 0.0, 0.0, 0.0, 0.0, 0.0, 0.0, 0.0, 0.0, 0.0, 0.0, 0.0, 0.0, 0.0, 0.0, 0.0, 1.0], "bins": [-0.016009608283638954, -0.015521587803959846, -0.015033567324280739, -0.014545547775924206, -0.014057527296245098, -0.01356950681656599, -0.013081487268209457, -0.01259346678853035, -0.012105446308851242, -0.011617425829172134, -0.011129405349493027, -0.010641385801136494, -0.010153365321457386, -0.009665344841778278, -0.009177325293421745, -0.008689304813742638, -0.00820128433406353, -0.007713263854384422, -0.007225243840366602, -0.006737223826348782, -0.006249203346669674, -0.005761182866990566, -0.005273162852972746, -0.0047851428389549255, -0.004297122359275818, -0.003809102112427354, -0.00332108186557889, -0.002833061618730426, -0.002345041371881962, -0.0018570211250334978, -0.0013690008781850338, -0.0008809806313365698, -0.0003929613158106804, 9.505893103778362e-05, 0.0005830791778862476, 0.0010710994247347116, 0.0015591196715831757, 0.0020471399184316397, 0.0025351601652801037, 0.0030231804121285677, 0.0035112006589770317, 0.003999221138656139, 0.00448724115267396, 0.00497526116669178, 0.005463281646370888, 0.005951302126049995, 0.006439322140067816, 0.006927342154085636, 0.007415362633764744, 0.007903383113443851, 0.008391402661800385, 0.008879423141479492, 0.0093674436211586, 0.009855464100837708, 0.010343484580516815, 0.010831504128873348, 0.011319524608552456, 0.011807545088231564, 0.012295564636588097, 0.012783585116267204, 0.013271605595946312, 0.01375962607562542, 0.014247646555304527, 0.01473566610366106, 0.015223686583340168]}, "gradients/rnn_cell.weight_hh": {"_type": "histogram", "values": [1.0, 0.0, 0.0, 0.0, 1.0, 0.0, 1.0, 0.0, 0.0, 1.0, 0.0, 0.0, 0.0, 0.0, 0.0, 1.0, 1.0, 0.0, 0.0, 0.0, 0.0, 0.0, 0.0, 0.0, 1.0, 1.0, 1.0, 1.0, 2.0, 0.0, 12.0, 12.0, 6.0, 37.0, 57.0, 3029.0, 55.0, 9.0, 4.0, 20.0, 3.0, 3.0, 0.0, 0.0, 0.0, 0.0, 0.0, 1.0, 2.0, 0.0, 1.0, 1.0, 1.0, 0.0, 0.0, 0.0, 1.0, 0.0, 0.0, 0.0, 0.0, 0.0, 0.0, 1.0], "bins": [-0.13193818926811218, -0.12818755209445953, -0.12443691492080688, -0.12068627774715424, -0.11693564057350159, -0.11318499594926834, -0.10943435877561569, -0.10568372160196304, -0.1019330844283104, -0.09818244725465775, -0.0944318100810051, -0.09068117290735245, -0.0869305282831192, -0.08317989110946655, -0.0794292539358139, -0.07567861676216125, -0.0719279795885086, -0.06817734241485596, -0.06442670524120331, -0.06067606434226036, -0.05692542716860771, -0.05317478999495506, -0.049424149096012115, -0.04567351192235947, -0.04192287474870682, -0.03817223757505417, -0.03442160040140152, -0.030670959502458572, -0.026920322328805923, -0.023169685155153275, -0.019419046118855476, -0.015668407082557678, -0.011917762458324432, -0.008167124353349209, -0.004416486248373985, -0.0006658481433987617, 0.003084789961576462, 0.006835428066551685, 0.010586066171526909, 0.014336704276502132, 0.018087342381477356, 0.021837979555130005, 0.025588618591427803, 0.0293392576277256, 0.03308989480137825, 0.0368405319750309, 0.040591172873973846, 0.044341810047626495, 0.048092447221279144, 0.05184308439493179, 0.05559372156858444, 0.05934436246752739, 0.06309500336647034, 0.06684564054012299, 0.07059627771377563, 0.07434691488742828, 0.07809755206108093, 0.08184818923473358, 0.08559882640838623, 0.08934946358203888, 0.09310010075569153, 0.09685074537992477, 0.10060138255357742, 0.10435201972723007, 0.10810265690088272]}, "gradients/rnn_cell.bias_ih": {"_type": "histogram", "values": [1.0, 0.0, 0.0, 0.0, 0.0, 0.0, 0.0, 0.0, 0.0, 0.0, 0.0, 0.0, 0.0, 0.0, 0.0, 0.0, 0.0, 1.0, 0.0, 0.0, 1.0, 0.0, 1.0, 0.0, 0.0, 0.0, 0.0, 0.0, 0.0, 1.0, 1.0, 86.0, 3.0, 0.0, 0.0, 1.0, 0.0, 0.0, 0.0, 0.0, 0.0, 0.0, 1.0, 0.0, 0.0, 1.0, 0.0, 0.0, 0.0, 0.0, 0.0, 0.0, 0.0, 0.0, 0.0, 0.0, 0.0, 0.0, 0.0, 0.0, 0.0, 0.0, 0.0, 1.0],