{"train_loss": 0.39146703481674194, "_timestamp": 1711630872.622255, "_runtime": 23.933183193206787, "_step": 613, "epoch_train_loss": 3.344780445098877, "epoch_val_loss": 3.233051359653473}