{"train_loss": 210.107177734375, "_timestamp": 1712155913.2449741, "_runtime": 19.319117069244385, "_step": 319, "epoch_train_loss": 2101.223388671875, "epoch_val_loss": 2091.678253173828}