{"train_loss": 0.38174235820770264, "_timestamp": 1711630225.7040699, "_runtime": 26.17198395729065, "_step": 3683, "epoch_train_loss": 3.81265926361084, "epoch_val_loss": 3.9055406153202057, "gradients/h2o.bias": {"_type": "histogram", "values": [1.0, 0.0, 0.0, 0.0, 0.0, 0.0, 0.0, 0.0, 0.0, 0.0, 0.0, 0.0, 0.0, 0.0, 0.0, 0.0, 0.0, 0.0, 0.0, 0.0, 0.0, 0.0, 0.0, 0.0, 0.0, 0.0, 0.0, 0.0, 0.0, 0.0, 0.0, 0.0, 0.0, 0.0, 0.0, 0.0, 0.0, 0.0, 0.0, 0.0, 0.0, 0.0, 0.0, 0.0, 0.0, 0.0, 0.0, 0.0, 0.0, 0.0, 0.0, 0.0, 0.0, 0.0, 0.0, 0.0, 0.0, 0.0, 0.0, 0.0, 0.0, 0.0, 0.0, 1.0], "bins": [0.09208814799785614, 0.0941859781742096, 0.09628380835056305, 0.09838163107633591, 0.10047946125268936, 0.10257729142904282, 0.10467512160539627, 0.10677294433116913, 0.10887077450752258, 0.11096860468387604, 0.11306643486022949, 0.11516426503658295, 0.1172620877623558, 0.11935991793870926, 0.12145774811506271, 0.12355557829141617, 0.12565340101718903, 0.12775123119354248, 0.12984906136989594, 0.1319468915462494, 0.13404472172260284, 0.1361425518989563, 0.13824038207530975, 0.14033819735050201, 0.14243602752685547, 0.14453385770320892, 0.14663168787956238, 0.14872951805591583, 0.1508273482322693, 0.15292517840862274, 0.1550230085849762, 0.15712083876132965, 0.1592186689376831, 0.16131648421287537, 0.16341431438922882, 0.16551214456558228, 0.16760997474193573, 0.16970780491828918, 0.17180563509464264, 0.1739034652709961, 0.17600129544734955, 0.178099125623703, 0.18019694089889526, 0.18229477107524872, 0.18439260125160217, 0.18649043142795563, 0.18858826160430908, 0.19068609178066254, 0.192783921957016, 0.19488175213336945, 0.1969795823097229, 0.19907739758491516, 0.20117522776126862, 0.20327305793762207, 0.20537088811397552, 0.20746871829032898, 0.20956654846668243, 0.2116643786430359, 0.21376220881938934, 0.2158600389957428, 0.21795785427093506, 0.2200556844472885, 0.22215351462364197, 0.22425134479999542, 0.22634917497634888]}, "gradients/h2o.weight": {"_type": "histogram", "values": [1.0, 1.0, 1.0, 0.0, 0.0, 1.0, 0.0, 1.0, 2.0, 1.0, 2.0, 2.0, 2.0, 1.0, 3.0, 0.0, 1.0, 3.0, 3.0, 42.0, 3.0, 2.0, 3.0, 3.0, 42.0, 6.0, 5.0, 4.0, 9.0, 7.0, 6.0, 20.0, 11.0, 3.0, 2.0, 4.0, 22.0, 7.0, 5.0, 2.0, 2.0, 3.0, 1.0, 4.0, 0.0, 1.0, 3.0, 0.0, 1.0, 2.0, 0.0, 0.0, 0.0, 1.0, 0.0, 2.0, 0.0, 2.0, 0.0, 0.0, 0.0, 0.0, 0.0, 1.0], "bins": [-0.7261066436767578, -0.7002308368682861, -0.6743550300598145, -0.6484792232513428, -0.6226034164428711, -0.5967275500297546, -0.570851743221283, -0.5449759364128113, -0.5191001296043396, -0.4932243227958679, -0.46734851598739624, -0.4414726793766022, -0.4155968725681305, -0.3897210657596588, -0.36384522914886475, -0.33796942234039307, -0.3120936155319214, -0.2862178087234497, -0.260342001914978, -0.23446616530418396, -0.20859035849571228, -0.1827145516872406, -0.15683872997760773, -0.13096290826797485, -0.10508710145950317, -0.0792112872004509, -0.05333547294139862, -0.027459658682346344, -0.0015838444232940674, 0.02429196983575821, 0.050167784094810486, 0.07604359835386276, 0.10191935300827026, 0.12779515981674194, 0.15367098152637482, 0.1795468032360077, 0.20542261004447937, 0.23129841685295105, 0.2571742534637451, 0.2830500602722168, 0.3089258670806885, 0.33480167388916016, 0.36067748069763184, 0.3865533173084259, 0.4124291241168976, 0.43830493092536926, 0.46418076753616333, 0.490056574344635, 0.5159323811531067, 0.5418081879615784, 0.56768399477005, 0.5935598015785217, 0.6194356679916382, 0.6453114748001099, 0.6711872816085815, 0.6970630884170532, 0.7229388952255249, 0.7488147020339966, 0.7746905088424683, 0.8005663156509399, 0.8264421224594116, 0.8523179888725281, 0.8781937956809998, 0.9040696024894714, 0.9299454092979431]}, "gradients/rnn_cell.bias_ih": {"_type": "histogram", "values": [1.0, 0.0, 0.0, 0.0, 0.0, 0.0, 0.0, 0.0, 0.0, 0.0, 0.0, 0.0, 0.0, 0.0, 0.0, 0.0, 0.0, 0.0, 0.0, 0.0, 0.0, 0.0, 0.0, 0.0, 0.0, 0.0, 0.0, 1.0, 0.0, 0.0, 0.0, 0.0, 1.0, 4.0, 361.0, 9.0, 3.0, 0.0, 1.0, 0.0, 0.0, 0.0, 0.0, 0.0, 0.0, 0.0, 0.0, 0.0, 0.0, 1.0, 0.0, 0.0, 0.0, 0.0, 0.0, 0.0, 0.0, 0.0, 0.0, 0.0, 0.0, 0.0, 1.0, 1.0], "bins": [-0.03689545765519142, -0.035829395055770874, -0.03476333245635033, -0.03369726985692978, -0.03263120725750923, -0.031565144658088684, -0.030499080196022987, -0.02943301759660244, -0.028366954997181892, -0.027300892397761345, -0.026234829798340797, -0.02516876719892025, -0.024102702736854553, -0.023036640137434006, -0.021970577538013458, -0.02090451493859291, -0.019838452339172363, -0.018772389739751816, -0.01770632714033127, -0.01664026454091072, -0.015574201010167599, -0.014508138410747051, -0.01344207488000393, -0.012376012280583382, -0.011309949681162834, -0.010243887081742287, -0.00917782448232174, -0.008111760951578617, -0.00704569835215807, -0.005979635752737522, -0.004913572687655687, -0.003847509855404496, -0.0027814507484436035, -0.0017153879161924124, -0.0006493250839412212, 0.0004167377483099699, 0.001482800580561161, 0.002548863412812352, 0.0036149262450635433, 0.004680989310145378, 0.005747051909565926, 0.006813114508986473, 0.00787917710840702, 0.008945240639150143, 0.01001130323857069, 0.011077365837991238, 0.01214342936873436, 0.013209491968154907, 0.014275554567575455, 0.015341617166996002, 0.01640767976641655, 0.017473742365837097, 0.018539804965257645, 0.01960586942732334, 0.02067193202674389, 0.021737994626164436, 0.022804057225584984, 0.02387011982500553, 0.02493618242442608, 0.026002245023846626, 0.027068309485912323, 0.02813437208533287, 0.029200434684753418, 0.030266497284173965, 0.03133255988359451]}, "gradients/rnn_cell.bias_hh": {"_type": "histogram", "values": [1.0, 0.0, 0.0, 0.0, 0.0, 0.0, 0.0, 0.0, 0.0, 0.0, 0.0, 0.0, 0.0, 0.0, 0.0, 0.0, 0.0, 0.0, 0.0, 0.0, 0.0, 0.0, 0.0, 0.0, 0.0, 0.0, 0.0, 1.0, 0.0, 0.0, 0.0, 0.0, 1.0, 2.0, 363.0, 9.0, 3.0, 0.0, 0.0, 1.0, 0.0, 0.0, 0.0, 0.0, 0.0, 0.0, 0.0, 0.0, 0.0, 1.0, 0.0, 0.0, 0.0, 0.0, 0.0, 0.0, 0.0, 0.0, 0.0, 0.0, 0.0, 0.0, 1.0, 1.0], "bins": [-0.0356457456946373, -0.03461981937289238, -0.03359389305114746, -0.03256796672940254, -0.03154204040765762, -0.030516114085912704, -0.029490187764167786, -0.028464261442422867, -0.027438335120677948, -0.02641240879893303, -0.02538648247718811, -0.02436055615544319, -0.023334629833698273, -0.022308703511953354, -0.021282777190208435, -0.020256850868463516, -0.019230924546718597, -0.01820499822497368, -0.01717907190322876, -0.01615314558148384, -0.015127219259738922, -0.014101292937994003, -0.013075366616249084, -0.012049440294504166, -0.011023513972759247, -0.009997587651014328, -0.00897166132926941, -0.00794573500752449, -0.0069198086857795715, -0.005893882364034653, -0.004867956042289734, -0.003842029720544815, -0.0028160996735095978, -0.001790173351764679, -0.0007642470300197601, 0.0002616792917251587, 0.0012876056134700775, 0.0023135319352149963, 0.003339458256959915, 0.004365384578704834, 0.005391310900449753, 0.006417237222194672, 0.0074431635439395905, 0.00846908986568451, 0.009495016187429428, 0.010520942509174347, 0.011546868830919266, 0.012572795152664185, 0.013598721474409103, 0.014624647796154022, 0.01565057411789894, 0.01667650043964386, 0.01770242676138878, 0.018728353083133698, 0.019754279404878616, 0.020780205726623535, 0.021806132048368454, 0.022832058370113373, 0.02385798469185829, 0.02488391101360321, 0.02590983733534813, 0.026935763657093048, 0.027961689978837967, 0.028987616300582886, 0.030013542622327805]}, "gradients/rnn_cell.weight_hh": {"_type": "histogram", "values": [1.0, 0.0, 0.0, 0.0, 1.0, 0.0, 0.0, 0.0, 0.0, 0.0, 0.0, 0.0, 1.0, 0.0, 0.0, 0.0, 2.0, 1.0, 0.0, 3.0, 0.0, 3.0, 1.0, 4.0, 4.0, 4.0, 6.0, 5.0, 6.0, 6.0, 4.0, 15.0, 16.0, 143.0, 97.0, 48432.0, 173.0, 91.0, 61.0, 10.0, 6.0, 4.0, 5.0, 9.0, 3.0, 4.0, 0.0, 5.0, 8.0, 5.0, 1.0, 3.0, 3.0, 3.0, 1.0, 1.0, 0.0, 0.0, 0.0, 0.0, 0.0, 0.0, 0.0, 1.0],