{"loss": 52.41684341430664, "_timestamp": 1709026076.1700218, "_runtime": 3.641591787338257, "_step": 1, "y loss": 1072.8953857421875}