{"train_loss": 26107895808.0, "_timestamp": 1711630008.7136915, "_runtime": 16.418997526168823, "_step": 634, "epoch_train_loss": 261031460864.0, "epoch_val_loss": 264555495424.0, "_wandb": {"runtime": 15}}