{"train_loss": 194.83543395996094, "_timestamp": 1711622332.743563, "_runtime": 28.13775897026062, "_step": 9999, "epoch_train_loss": 1555.8345947265625, "epoch_val_loss": 1000.8953938484192, "gradients/h2o.bias": {"_type": "histogram", "values": [1.0, 0.0, 0.0, 0.0, 0.0, 0.0, 0.0, 0.0, 0.0, 0.0, 0.0, 0.0, 0.0, 0.0, 0.0, 0.0, 0.0, 0.0, 0.0, 0.0, 0.0, 0.0, 0.0, 0.0, 0.0, 0.0, 0.0, 0.0, 0.0, 0.0, 0.0, 0.0, 0.0, 0.0, 0.0, 0.0, 0.0, 0.0, 0.0, 0.0, 0.0, 0.0, 0.0, 0.0, 0.0, 0.0, 0.0, 0.0, 0.0, 0.0, 0.0, 0.0, 0.0, 0.0, 0.0, 0.0, 0.0, 0.0, 0.0, 0.0, 0.0, 0.0, 0.0, 1.0], "bins": [-1.127211332321167, -1.1265077590942383, -1.1258043050765991, -1.1251007318496704, -1.1243971586227417, -1.1236937046051025, -1.1229901313781738, -1.1222866773605347, -1.121583104133606, -1.1208795309066772, -1.120176076889038, -1.1194725036621094, -1.1187689304351807, -1.1180654764175415, -1.1173619031906128, -1.116658329963684, -1.115954875946045, -1.1152513027191162, -1.1145477294921875, -1.1138442754745483, -1.1131407022476196, -1.1124372482299805, -1.1117336750030518, -1.111030101776123, -1.1103266477584839, -1.1096230745315552, -1.1089195013046265, -1.1082160472869873, -1.1075124740600586, -1.1068089008331299, -1.1061054468154907, -1.105401873588562, -1.1046984195709229, -1.1039948463439941, -1.1032912731170654, -1.1025878190994263, -1.1018842458724976, -1.1011806726455688, -1.1004772186279297, -1.099773645401001, -1.0990700721740723, -1.098366618156433, -1.0976630449295044, -1.0969594717025757, -1.0962560176849365, -1.0955524444580078, -1.0948489904403687, -1.09414541721344, -1.0934418439865112, -1.092738389968872, -1.0920348167419434, -1.0913312435150146, -1.0906277894973755, -1.0899242162704468, -1.089220643043518, -1.088517189025879, -1.0878136157989502, -1.0871100425720215, -1.0864065885543823, -1.0857030153274536, -1.0849995613098145, -1.0842959880828857, -1.083592414855957, -1.0828889608383179, -1.0821853876113892]}, "gradients/h2o.weight": {"_type": "histogram", "values": [10.0, 10.0, 0.0, 0.0, 0.0, 0.0, 0.0, 0.0, 0.0, 0.0, 0.0, 0.0, 0.0, 0.0, 0.0, 0.0, 0.0, 0.0, 0.0, 0.0, 0.0, 0.0, 0.0, 0.0, 0.0, 0.0, 0.0, 0.0, 0.0, 0.0, 0.0, 0.0, 0.0, 0.0, 0.0, 0.0, 0.0, 0.0, 0.0, 0.0, 0.0, 0.0, 0.0, 0.0, 0.0, 0.0, 0.0, 0.0, 0.0, 0.0, 0.0, 0.0, 0.0, 0.0, 0.0, 0.0, 0.0, 0.0, 0.0, 0.0, 0.0, 0.0, 6.0, 6.0], "bins": [-1.127211332321167, -1.0919859409332275, -1.0567606687545776, -1.0215352773666382, -0.9863098859786987, -0.951084554195404, -0.9158592224121094, -0.8806338310241699, -0.8454084992408752, -0.8101831674575806, -0.7749577760696411, -0.7397324442863464, -0.7045071125030518, -0.6692817211151123, -0.6340563893318176, -0.5988309979438782, -0.5636056661605835, -0.5283803343772888, -0.49315494298934937, -0.4579296112060547, -0.4227042496204376, -0.38747888803482056, -0.3522535562515259, -0.3170281946659088, -0.28180283308029175, -0.24657747149467468, -0.2113521248102188, -0.17612677812576294, -0.14090141654014587, -0.1056760624051094, -0.07045070827007294, -0.03522535413503647, 0.0, 0.03522535413503647, 0.07045070827007294, 0.1056760624051094, 0.14090141654014587, 0.17612677812576294, 0.2113521248102188, 0.24657747149467468, 0.28180283308029175, 0.3170281946659088, 0.3522535562515259, 0.38747888803482056, 0.4227042496204376, 0.4579296112060547, 0.49315494298934937, 0.5283803343772888, 0.5636056661605835, 0.5988309979438782, 0.6340563893318176, 0.6692817211151123, 0.7045071125030518, 0.7397324442863464, 0.7749577760696411, 0.8101831674575806, 0.8454084992408752, 0.8806338310241699, 0.9158592224121094, 0.951084554195404, 0.9863098859786987, 1.0215352773666382, 1.0567606687545776, 1.0919859409332275, 1.127211332321167]}, "gradients/rnn_cell.bias_ih": {"_type": "histogram", "values": [1.0, 0.0, 0.0, 0.0, 0.0, 0.0, 0.0, 0.0, 0.0, 0.0, 0.0, 0.0, 0.0, 0.0, 0.0, 0.0, 0.0, 0.0, 0.0, 0.0, 0.0, 0.0, 0.0, 0.0, 0.0, 0.0, 0.0, 1.0, 1.0, 0.0, 0.0, 0.0, 0.0, 0.0, 0.0, 0.0, 0.0, 0.0, 0.0, 0.0, 0.0, 0.0, 0.0, 0.0, 0.0, 0.0, 0.0, 0.0, 0.0, 0.0, 0.0, 0.0, 0.0, 0.0, 0.0, 0.0, 0.0, 0.0, 0.0, 0.0, 0.0, 0.0, 0.0, 13.0], "bins": [-0.004503378178924322, -0.004433013033121824, -0.004362647421658039, -0.004292282275855541, -0.004221917130053043, -0.0041515519842505455, -0.00408118637278676, -0.0040108212269842625, -0.003940456081181765, -0.003870090702548623, -0.0037997253239154816, -0.00372935994528234, -0.003658994799479842, -0.0035886294208467007, -0.003518264275044203, -0.0034478988964110613, -0.0033775335177779198, -0.003307168371975422, -0.0032368029933422804, -0.0031664378475397825, -0.003096072468906641, -0.003025707323104143, -0.0029553419444710016, -0.00288497656583786, -0.0028146114200353622, -0.0027442460414022207, -0.002673880895599723, -0.0026035155169665813, -0.00253315013833344, -0.002462784992530942, -0.0023924196138978004, -0.0023220544680953026, -0.002251689089462161, -0.0021813237108290195, -0.0021109585650265217, -0.00204059318639338, -0.0019702280405908823, -0.0018998626619577408, -0.001829497399739921, -0.0017591321375221014, -0.0016887667588889599, -0.0016184014966711402, -0.0015480362344533205, -0.0014776709722355008, -0.0014073057100176811, -0.0013369404477998614, -0.00126657506916672, -0.0011962098069489002, -0.0011258445447310805, -0.0010554792825132608, -0.0009851140202954412, -0.0009147486998699605, -0.0008443833794444799, -0.0007740181172266603, -0.0007036528550088406, -0.00063328753458336, -0.0005629222723655403, -0.0004925570101477206, -0.00042219168972223997, -0.0003518264275044203, -0.00028146113618277013, -0.00021109584486111999, -0.00014073056809138507, -7.036528404569253e-05, 0.0]}, "gradients/rnn_cell.weight_ih": {"_type": "histogram", "values": [1.0, 0.0, 0.0, 0.0, 0.0, 0.0, 0.0, 0.0, 0.0, 0.0, 0.0, 0.0, 0.0, 0.0, 0.0, 0.0, 0.0, 0.0, 0.0, 0.0, 0.0, 0.0, 0.0, 0.0, 0.0, 0.0, 0.0, 1.0, 1.0, 0.0, 0.0, 0.0, 0.0, 0.0, 0.0, 0.0, 0.0, 0.0, 0.0, 0.0, 0.0, 0.0, 0.0, 0.0, 0.0, 0.0, 0.0, 0.0, 0.0, 0.0, 0.0, 0.0, 0.0, 0.0, 0.0, 0.0, 0.0, 0.0, 0.0, 0.0, 0.0, 0.0, 0.0, 45.0], "bins": [-1.5755839347839355, -1.550965428352356, -1.5263469219207764, -1.5017284154891968, -1.4771099090576172, -1.4524914026260376, -1.427872896194458, -1.4032543897628784, -1.3786358833312988, -1.3540174961090088, -1.3293989896774292, -1.3047804832458496, -1.28016197681427, -1.2555434703826904, -1.2309249639511108, -1.2063064575195312, -1.1816879510879517, -1.157069444656372, -1.1324509382247925, -1.107832431793213, -1.0832139253616333, -1.0585954189300537, -1.0339769124984741, -1.0093584060668945, -0.9847399592399597, -0.9601214528083801, -0.9355029463768005, -0.910884439945221, -0.8862659931182861, -0.8616474866867065, -0.837028980255127, -0.8124104738235474, -0.7877919673919678, -0.7631734609603882, -0.7385549545288086, -0.713936448097229, -0.6893179416656494, -0.6646994948387146, -0.640080988407135, -0.6154624819755554, -0.5908439755439758, -0.5662254691123962, -0.5416069626808167, -0.5169884562492371, -0.49236997961997986, -0.46775147318840027, -0.44313299655914307, -0.4185144901275635, -0.3938959836959839, -0.3692774772644043, -0.3446589708328247, -0.3200404942035675, -0.2954219877719879, -0.2708034813404083, -0.24618498980998993, -0.22156649827957153, -0.19694799184799194, -0.17232948541641235, -0.14771099388599396, -0.12309249490499496, -0.09847399592399597, -0.07385549694299698, -0.049236997961997986, -0.024618498980998993, 0.0]}, "gradients/rnn_cell.bias_hh": {"_type": "histogram", "values": [1.0, 0.0, 0.0, 0.0, 0.0, 0.0, 0.0, 0.0, 0.0, 0.0, 0.0, 0.0, 0.0, 0.0, 0.0, 0.0, 0.0, 0.0, 0.0, 0.0, 0.0, 0.0, 0.0, 0.0, 0.0, 0.0, 0.0, 1.0, 1.0, 0.0, 0.0, 0.0, 0.0, 0.0, 0.0, 0.0, 0.0, 0.0, 0.0, 0.0, 0.0, 0.0, 0.0, 0.0, 0.0, 0.0, 0.0, 0.0, 0.0, 0.0, 0.0, 0.0, 0.0, 0.0, 0.0, 0.0, 0.0, 0.0, 0.0, 0.0, 0.0, 0.0, 0.0, 13.0],