{"train_loss": 167.11367797851562, "_timestamp": 1712139477.490558, "_runtime": 9.57030701637268, "_step": 2126, "epoch_train_loss": 131.90721130371094, "epoch_val_loss": 308.9799499511719}