{"train_loss": 40.38840103149414, "_timestamp": 1712223579.6490664, "_runtime": 5.687667369842529, "_step": 983, "epoch_train_loss": 403.9248352050781, "epoch_val_loss": 400.9537353515625, "_wandb": {"runtime": 7}}