{"train_loss": 0.3886977732181549, "_timestamp": 1711630067.3853977, "_runtime": 42.01800870895386, "_step": 1475, "epoch_train_loss": 3.880849599838257, "epoch_val_loss": 3.8678224682807922, "gradients/h2o.bias": {"_type": "histogram", "values": [1.0, 0.0, 0.0, 0.0, 0.0, 0.0, 0.0, 0.0, 0.0, 0.0, 0.0, 0.0, 0.0, 0.0, 0.0, 0.0, 0.0, 0.0, 0.0, 0.0, 0.0, 0.0, 0.0, 0.0, 0.0, 0.0, 0.0, 0.0, 0.0, 0.0, 0.0, 0.0, 0.0, 0.0, 0.0, 0.0, 0.0, 0.0, 0.0, 0.0, 0.0, 0.0, 0.0, 0.0, 0.0, 0.0, 0.0, 0.0, 0.0, 0.0, 0.0, 0.0, 0.0, 0.0, 0.0, 0.0, 0.0, 0.0, 0.0, 0.0, 0.0, 0.0, 0.0, 1.0], "bins": [0.012739712372422218, 0.013548408634960651, 0.014357105828821659, 0.015165802091360092, 0.0159744992852211, 0.01678319461643696, 0.017591891810297966, 0.018400589004158974, 0.019209284335374832, 0.02001798152923584, 0.020826678723096848, 0.021635375916957855, 0.022444071248173714, 0.02325276844203472, 0.02406146563589573, 0.024870160967111588, 0.025678858160972595, 0.026487555354833603, 0.02729625068604946, 0.02810494787991047, 0.028913645073771477, 0.029722340404987335, 0.030531037598848343, 0.03133973479270935, 0.03214843198657036, 0.032957129180431366, 0.033765822649002075, 0.03457451984286308, 0.03538321703672409, 0.0361919142305851, 0.037000611424446106, 0.037809308618307114, 0.03861800208687782, 0.03942669928073883, 0.04023539647459984, 0.041044093668460846, 0.041852787137031555, 0.04266148433089256, 0.04347018152475357, 0.04427887871861458, 0.045087575912475586, 0.045896273106336594, 0.0467049665749073, 0.04751366376876831, 0.04832236096262932, 0.049131058156490326, 0.049939755350351334, 0.05074845254421234, 0.05155714601278305, 0.05236584320664406, 0.053174540400505066, 0.053983237594366074, 0.05479193478822708, 0.05560063198208809, 0.0564093291759491, 0.057218022644519806, 0.058026719838380814, 0.05883541703224182, 0.05964411422610283, 0.06045281141996384, 0.061261508613824844, 0.062070202082395554, 0.06287889927625656, 0.06368760019540787, 0.06449629366397858]}, "gradients/h2o.weight": {"_type": "histogram", "values": [1.0, 0.0, 0.0, 0.0, 0.0, 0.0, 0.0, 0.0, 0.0, 0.0, 0.0, 0.0, 0.0, 0.0, 0.0, 1.0, 0.0, 0.0, 1.0, 0.0, 2.0, 1.0, 0.0, 1.0, 1.0, 2.0, 3.0, 2.0, 2.0, 4.0, 4.0, 2.0, 5.0, 3.0, 3.0, 4.0, 1.0, 5.0, 29.0, 15.0, 29.0, 6.0, 39.0, 11.0, 32.0, 5.0, 5.0, 3.0, 4.0, 6.0, 2.0, 3.0, 0.0, 6.0, 0.0, 1.0, 0.0, 2.0, 0.0, 0.0, 2.0, 2.0, 3.0, 3.0], "bins": [-1.077439546585083, -1.0514692068099976, -1.025498867034912, -0.9995284676551819, -0.9735581278800964, -0.947587788105011, -0.9216174483299255, -0.8956470489501953, -0.8696767091751099, -0.8437063694000244, -0.817736029624939, -0.7917656898498535, -0.7657952904701233, -0.7398249506950378, -0.7138546109199524, -0.6878842711448669, -0.6619138717651367, -0.6359435319900513, -0.6099731922149658, -0.5840028524398804, -0.5580325126647949, -0.5320621132850647, -0.5060917735099792, -0.4801214337348938, -0.45415109395980835, -0.4281807243824005, -0.40221038460731506, -0.3762400150299072, -0.3502696752548218, -0.32429930567741394, -0.2983289659023285, -0.27235859632492065, -0.2463882565498352, -0.22041790187358856, -0.19444754719734192, -0.16847719252109528, -0.14250683784484863, -0.11653649061918259, -0.09056614339351654, -0.0645957887172699, -0.038625434041023254, -0.01265508122742176, 0.013315271586179733, 0.03928562253713608, 0.06525597721338272, 0.09122633188962936, 0.11719667911529541, 0.14316703379154205, 0.1691373884677887, 0.19510774314403534, 0.22107809782028198, 0.24704845249652863, 0.27301880717277527, 0.2989891469478607, 0.32495951652526855, 0.350929856300354, 0.37690019607543945, 0.4028705656528473, 0.42884090542793274, 0.4548112750053406, 0.480781614780426, 0.5067519545555115, 0.5327223539352417, 0.5586926937103271, 0.5846630334854126]}, "gradients/rnn_cell.bias_hh": {"_type": "histogram", "values": [1.0, 0.0, 0.0, 0.0, 0.0, 0.0, 0.0, 0.0, 0.0, 0.0, 0.0, 0.0, 0.0, 0.0, 0.0, 0.0, 0.0, 0.0, 0.0, 0.0, 0.0, 0.0, 0.0, 0.0, 0.0, 0.0, 0.0, 2.0, 0.0, 2.0, 2.0, 3.0, 1.0, 369.0, 0.0, 0.0, 0.0, 0.0, 0.0, 0.0, 0.0, 0.0, 0.0, 0.0, 0.0, 0.0, 0.0, 0.0, 0.0, 0.0, 0.0, 0.0, 0.0, 0.0, 1.0, 0.0, 1.0, 1.0, 0.0, 0.0, 0.0, 0.0, 0.0, 1.0], "bins": [-0.13600324094295502, -0.13195474445819855, -0.12790624797344208, -0.12385775148868561, -0.11980925500392914, -0.11576075106859207, -0.1117122545838356, -0.10766375809907913, -0.10361526161432266, -0.09956676512956619, -0.09551826864480972, -0.09146977216005325, -0.08742126822471619, -0.08337277173995972, -0.07932427525520325, -0.07527577877044678, -0.07122728228569031, -0.06717878580093384, -0.06313028931617737, -0.0590817891061306, -0.05503329262137413, -0.05098479613661766, -0.04693629592657089, -0.04288779944181442, -0.03883930295705795, -0.03479080647230148, -0.030742308124899864, -0.026693809777498245, -0.022645313292741776, -0.018596816807985306, -0.014548318460583687, -0.010499821044504642, -0.006451316177845001, -0.002402818761765957, 0.0016456786543130875, 0.005694176070392132, 0.009742673486471176, 0.01379117090255022, 0.017839668318629265, 0.021888166666030884, 0.025936663150787354, 0.029985159635543823, 0.03403365612030029, 0.03808215633034706, 0.04213065281510353, 0.04617914929986, 0.05022764950990677, 0.05427614599466324, 0.05832464247941971, 0.06237313896417618, 0.06642163544893265, 0.07047013193368912, 0.07451863586902618, 0.07856713235378265, 0.08261562883853912, 0.0866641253232956, 0.09071262180805206, 0.09476111829280853, 0.098809614777565, 0.10285811126232147, 0.10690660774707794, 0.11095511168241501, 0.11500360816717148, 0.11905210465192795, 0.12310060113668442]}, "gradients/rnn_cell.weight_hh": {"_type": "histogram", "values": [2.0, 0.0, 0.0, 0.0, 1.0, 0.0, 0.0, 0.0, 33.0, 2.0, 29.0, 2.0, 2.0, 3.0, 32.0, 32.0, 35.0, 4.0, 11.0, 7.0, 10.0, 16.0, 28.0, 27.0, 103.0, 130.0, 302.0, 47443.0, 279.0, 226.0, 42.0, 83.0, 15.0, 18.0, 16.0, 12.0, 7.0, 7.0, 9.0, 40.0, 35.0, 37.0, 3.0, 0.0, 34.0, 1.0, 29.0, 1.0, 0.0, 1.0, 1.0, 0.0, 0.0, 1.0, 0.0, 0.0, 0.0, 0.0, 0.0, 0.0, 0.0, 0.0, 0.0, 1.0], "bins": [-0.20160888135433197, -0.19433395564556122, -0.18705901503562927, -0.17978408932685852, -0.17250916361808777, -0.16523423790931702, -0.15795931220054626, -0.15068437159061432, -0.14340944588184357, -0.13613452017307281, -0.12885957956314087, -0.12158465385437012, -0.11430972814559937, -0.10703480243682861, -0.09975986927747726, -0.09248493611812592, -0.08521001040935516, -0.07793508470058441, -0.07066015154123306, -0.06338521838188171, -0.05611029267311096, -0.04883536323904991, -0.04156043380498886, -0.03428550437092781, -0.02701057493686676, -0.01973564550280571, -0.01246071606874466, -0.005185786634683609, 0.0020891427993774414, 0.009364072233438492, 0.016639001667499542, 0.023913931101560593, 0.03118884563446045, 0.0384637750685215, 0.04573870450258255, 0.0530136339366436, 0.06028856337070465, 0.0675634890794754, 0.07483842223882675, 0.0821133553981781, 0.08938828110694885, 0.0966632068157196, 0.10393813997507095, 0.1112130731344223, 0.11848799884319305, 0.1257629245519638, 0.13303786516189575, 0.1403127908706665, 0.14758771657943726, 0.154862642288208, 0.16213756799697876, 0.1694125086069107, 0.17668743431568146, 0.1839623600244522, 0.19123730063438416, 0.1985122263431549, 0.20578715205192566, 0.2130620777606964, 0.22033700346946716, 0.2276119440793991, 0.23488686978816986, 0.2421617954969406, 0.24943673610687256, 0.2567116618156433, 0.26398658752441406]}, "gradients/rnn_cell.bias_ih": {"_type": "histogram", "values": [1.0, 0.0, 0.0, 0.0, 0.0, 0.0, 0.0, 0.0, 0.0, 0.0, 0.0, 0.0, 0.0, 0.0, 0.0, 0.0, 0.0, 0.0, 0.0, 0.0, 0.0, 0.0, 0.0, 0.0, 0.0, 0.0, 0.0, 2.0, 0.0, 2.0, 2.0, 3.0, 2.0, 365.0, 2.0, 0.0, 0.0, 0.0, 0.0, 0.0, 1.0, 0.0, 0.0, 0.0, 0.0, 0.0, 0.0, 0.0, 0.0, 0.0, 0.0, 0.0, 0.0, 0.0, 1.0, 0.0, 1.0, 1.0, 0.0, 0.0, 0.0, 0.0, 0.0, 1.0],