{"train_loss": 235.574951171875, "_timestamp": 1712140310.529747, "_runtime": 60.31386995315552, "_step": 14999, "epoch_train_loss": 228.576904296875, "epoch_val_loss": 266.7004089355469, "gradients/h2o.bias": {"_type": "histogram", "values": [1.0, 0.0, 0.0, 0.0, 0.0, 0.0, 0.0, 0.0, 0.0, 0.0, 0.0, 0.0, 0.0, 0.0, 0.0, 0.0, 0.0, 0.0, 0.0, 0.0, 0.0, 0.0, 0.0, 0.0, 0.0, 0.0, 0.0, 0.0, 0.0, 0.0, 0.0, 0.0, 0.0, 0.0, 0.0, 0.0, 0.0, 0.0, 0.0, 0.0, 0.0, 0.0, 0.0, 0.0, 0.0, 0.0, 0.0, 0.0, 0.0, 0.0, 0.0, 0.0, 0.0, 0.0, 0.0, 0.0, 0.0, 0.0, 0.0, 0.0, 0.0, 0.0, 0.0, 1.0], "bins": [-53.15800476074219, -51.43172836303711, -49.70545196533203, -47.97917556762695, -46.252899169921875, -44.52661895751953, -42.80034637451172, -41.074066162109375, -39.3477897644043, -37.62151336669922, -35.89523696899414, -34.16896057128906, -32.442684173583984, -30.716407775878906, -28.990129470825195, -27.263853073120117, -25.53757667541504, -23.81130027770996, -22.085023880004883, -20.358745574951172, -18.632469177246094, -16.906192779541016, -15.179916381835938, -13.45363998413086, -11.727363586425781, -10.001087188720703, -8.274810791015625, -6.548530578613281, -4.822254180908203, -3.095977783203125, -1.3697013854980469, 0.35657501220703125, 2.0828514099121094, 3.8091278076171875, 5.535404205322266, 7.261680603027344, 8.987957000732422, 10.7142333984375, 12.440513610839844, 14.166790008544922, 15.89306640625, 17.619342803955078, 19.345619201660156, 21.071895599365234, 22.798171997070312, 24.52444839477539, 26.2507266998291, 27.97700309753418, 29.703279495239258, 31.429555892944336, 33.15583038330078, 34.882110595703125, 36.6083869934082, 38.33466339111328, 40.06093978881836, 41.78721618652344, 43.513492584228516, 45.239768981933594, 46.96604919433594, 48.69232177734375, 50.418601989746094, 52.14487838745117, 53.87115478515625, 55.59743118286133, 57.323707580566406]}, "gradients/h2o.weight": {"_type": "histogram", "values": [1.0, 0.0, 0.0, 0.0, 0.0, 0.0, 1.0, 1.0, 0.0, 0.0, 0.0, 1.0, 1.0, 2.0, 2.0, 1.0, 2.0, 1.0, 2.0, 1.0, 8.0, 59.0, 17.0, 3.0, 8.0, 8.0, 2.0, 3.0, 2.0, 1.0, 3.0, 3.0, 3.0, 0.0, 5.0, 2.0, 5.0, 4.0, 6.0, 39.0, 36.0, 3.0, 4.0, 0.0, 5.0, 0.0, 0.0, 1.0, 0.0, 1.0, 1.0, 3.0, 0.0, 1.0, 1.0, 0.0, 1.0, 0.0, 0.0, 1.0, 0.0, 0.0, 0.0, 1.0], "bins": [-185.932373046875, -179.8948211669922, -173.85726928710938, -167.81971740722656, -161.78216552734375, -155.74461364746094, -149.70706176757812, -143.6695098876953, -137.6319580078125, -131.5944061279297, -125.55685424804688, -119.5193099975586, -113.48175811767578, -107.44420623779297, -101.40665435791016, -95.36910247802734, -89.33155059814453, -83.29399871826172, -77.2564468383789, -71.2188949584961, -65.18134307861328, -59.14379119873047, -53.10624694824219, -47.068695068359375, -41.03114318847656, -34.99359130859375, -28.956039428710938, -22.918487548828125, -16.880935668945312, -10.8433837890625, -4.8058319091796875, 1.231719970703125, 7.2692718505859375, 13.30682373046875, 19.344375610351562, 25.381927490234375, 31.419479370117188, 37.45703125, 43.49458312988281, 49.532135009765625, 55.56968688964844, 61.60723876953125, 67.64479064941406, 73.68233489990234, 79.71988677978516, 85.75743865966797, 91.79499053955078, 97.8325424194336, 103.8700942993164, 109.90764617919922, 115.94519805908203, 121.98274993896484, 128.02029418945312, 134.057861328125, 140.09539794921875, 146.13294982910156, 152.17050170898438, 158.2080535888672, 164.24560546875, 170.2831573486328, 176.32070922851562, 182.35826110839844, 188.39581298828125, 194.43336486816406, 200.47091674804688]}, "gradients/rnn_cell.bias_hh": {"_type": "histogram", "values": [1.0, 0.0, 0.0, 0.0, 0.0, 0.0, 0.0, 0.0, 0.0, 0.0, 0.0, 0.0, 0.0, 0.0, 0.0, 0.0, 1.0, 0.0, 0.0, 0.0, 1.0, 0.0, 0.0, 0.0, 5.0, 15.0, 350.0, 4.0, 2.0, 0.0, 1.0, 0.0, 1.0, 0.0, 1.0, 0.0, 0.0, 0.0, 0.0, 0.0, 0.0, 0.0, 0.0, 0.0, 0.0, 0.0, 0.0, 0.0, 0.0, 0.0, 0.0, 0.0, 0.0, 0.0, 0.0, 0.0, 0.0, 1.0, 0.0, 0.0, 0.0, 0.0, 0.0, 1.0], "bins": [-21.926782608032227, -21.089731216430664, -20.2526798248291, -19.415630340576172, -18.57857894897461, -17.741527557373047, -16.904476165771484, -16.067424774169922, -15.230374336242676, -14.39332389831543, -13.556272506713867, -12.719221115112305, -11.882169723510742, -11.045119285583496, -10.208067893981934, -9.371017456054688, -8.533966064453125, -7.6969146728515625, -6.859864234924316, -6.022812843322754, -5.185762405395508, -4.348711013793945, -3.511659622192383, -2.6746082305908203, -1.8375568389892578, -1.0005073547363281, -0.16345596313476562, 0.6735954284667969, 1.5106468200683594, 2.347698211669922, 3.1847476959228516, 4.021799087524414, 4.858848571777344, 5.695899963378906, 6.532951354980469, 7.370000839233398, 8.207052230834961, 9.044103622436523, 9.881155014038086, 10.718206405639648, 11.555255889892578, 12.39230728149414, 13.229358673095703, 14.066410064697266, 14.903461456298828, 15.740511894226074, 16.577564239501953, 17.414613723754883, 18.251665115356445, 19.088716506958008, 19.925765991210938, 20.7628173828125, 21.599868774414062, 22.436920166015625, 23.273971557617188, 24.11102294921875, 24.948074340820312, 25.785123825073242, 26.622175216674805, 27.459226608276367, 28.29627799987793, 29.13332748413086, 29.970378875732422, 30.807430267333984, 31.644481658935547]}, "gradients/rnn_cell.weight_hh": {"_type": "histogram", "values": [1.0, 1.0, 0.0, 0.0, 1.0, 1.0, 2.0, 1.0, 3.0, 1.0, 2.0, 2.0, 1.0, 1.0, 4.0, 2.0, 3.0, 5.0, 3.0, 4.0, 45.0, 40.0, 8.0, 7.0, 11.0, 14.0, 17.0, 105.0, 94.0, 341.0, 47435.0, 545.0, 146.0, 111.0, 14.0, 22.0, 13.0, 9.0, 5.0, 48.0, 43.0, 6.0, 4.0, 4.0, 2.0, 3.0, 2.0, 4.0, 4.0, 3.0, 1.0, 0.0, 3.0, 1.0, 2.0, 0.0, 0.0, 0.0, 0.0, 0.0, 1.0, 0.0, 0.0, 1.0], "bins": [-77.52787780761719, -74.99420928955078, -72.46053314208984, -69.92686462402344, -67.3931884765625, -64.8595199584961, -62.32585144042969, -59.792179107666016, -57.258506774902344, -54.72483444213867, -52.191162109375, -49.657493591308594, -47.12382125854492, -44.59014892578125, -42.056480407714844, -39.52280807495117, -36.9891357421875, -34.45546340942383, -31.921791076660156, -29.38812255859375, -26.854450225830078, -24.320777893066406, -21.787109375, -19.253437042236328, -16.719764709472656, -14.186092376708984, -11.652420043945312, -9.118751525878906, -6.5850830078125, -4.0514068603515625, -1.5177383422851562, 1.0159378051757812, 3.5495986938476562, 6.0832672119140625, 8.616943359375, 11.150611877441406, 13.684288024902344, 16.21795654296875, 18.751625061035156, 21.285297393798828, 23.8189697265625, 26.352642059326172, 28.886314392089844, 31.41998291015625, 33.95365524291992, 36.487327575683594, 39.02099609375, 41.55466842651367, 44.088340759277344, 46.622013092041016, 49.15568542480469, 51.689353942871094, 54.223026275634766, 56.75669860839844, 59.290367126464844, 61.824039459228516, 64.35771179199219, 66.89138793945312, 69.42505645751953, 71.95872497558594, 74.49240112304688, 77.02606964111328, 79.55973815917969, 82.09341430664062, 84.62708282470703]}, "gradients/rnn_cell.bias_ih": {"_type": "histogram", "values": [1.0, 0.0, 0.0, 0.0, 0.0, 0.0, 0.0, 0.0, 0.0, 0.0, 0.0, 0.0, 0.0, 1.0, 0.0, 0.0, 1.0, 0.0, 0.0, 0.0, 1.0, 0.0, 1.0, 1.0, 5.0, 17.0, 342.0, 6.0, 2.0, 0.0, 1.0, 0.0, 1.0, 0.0, 0.0, 0.0, 0.0, 1.0, 1.0, 0.0, 0.0, 0.0, 0.0, 0.0, 0.0, 0.0, 0.0, 0.0, 0.0, 0.0, 0.0, 0.0, 0.0, 0.0, 0.0, 0.0, 0.0, 1.0, 0.0, 0.0, 0.0, 0.0, 0.0, 1.0],