{"train_loss": 14828.08203125, "_timestamp": 1712224224.6066, "_runtime": 65.3608751296997, "_step": 14999, "epoch_train_loss": 0.03160236403346062, "epoch_val_loss": 194958.90625, "gradients/h2o.bias": {"_type": "histogram", "values": [1.0, 0.0, 0.0, 0.0, 0.0, 0.0, 0.0, 0.0, 0.0, 0.0, 0.0, 0.0, 0.0, 0.0, 0.0, 0.0, 0.0, 0.0, 0.0, 0.0, 0.0, 0.0, 0.0, 0.0, 0.0, 0.0, 0.0, 0.0, 0.0, 0.0, 0.0, 0.0, 0.0, 0.0, 0.0, 1.0, 0.0, 0.0, 0.0, 0.0, 0.0, 0.0, 0.0, 0.0, 0.0, 0.0, 0.0, 0.0, 0.0, 0.0, 0.0, 0.0, 0.0, 0.0, 0.0, 0.0, 1.0, 0.0, 0.0, 0.0, 0.0, 0.0, 0.0, 1.0], "bins": [0.013081715442240238, 0.01460097823292017, 0.016120240092277527, 0.01763950288295746, 0.01915876567363739, 0.020678028464317322, 0.022197291254997253, 0.023716554045677185, 0.025235816836357117, 0.02675507962703705, 0.02827434241771698, 0.02979360520839691, 0.03131286799907684, 0.032832130789756775, 0.03435139358043671, 0.03587065637111664, 0.03738991916179657, 0.0389091819524765, 0.04042844474315643, 0.041947707533836365, 0.043466970324516296, 0.04498622938990593, 0.04650549218058586, 0.04802475497126579, 0.049544017761945724, 0.051063280552625656, 0.05258254334330559, 0.05410180613398552, 0.05562106892466545, 0.05714033171534538, 0.058659594506025314, 0.060178857296705246, 0.06169812008738518, 0.06321738660335541, 0.06473664939403534, 0.06625591218471527, 0.0677751749753952, 0.06929443776607513, 0.07081370055675507, 0.072332963347435, 0.07385222613811493, 0.07537148892879486, 0.07689075171947479, 0.07841001451015472, 0.07992926985025406, 0.08144853264093399, 0.08296779543161392, 0.08448705822229385, 0.08600632101297379, 0.08752558380365372, 0.08904484659433365, 0.09056410938501358, 0.09208337217569351, 0.09360263496637344, 0.09512189775705338, 0.0966411605477333, 0.09816042333841324, 0.09967968612909317, 0.1011989489197731, 0.10271821171045303, 0.10423747450113297, 0.1057567372918129, 0.10727600008249283, 0.10879526287317276, 0.11031452566385269]}, "gradients/h2o.weight": {"_type": "histogram", "values": [42.0, 4.0, 2.0, 36.0, 6.0, 5.0, 2.0, 2.0, 4.0, 0.0, 2.0, 2.0, 42.0, 11.0, 1.0, 1.0, 0.0, 2.0, 0.0, 0.0, 0.0, 1.0, 0.0, 1.0, 0.0, 1.0, 1.0, 6.0, 47.0, 1.0, 0.0, 11.0, 30.0, 1.0, 0.0, 56.0, 4.0, 2.0, 0.0, 0.0, 1.0, 1.0, 2.0, 1.0, 0.0, 0.0, 1.0, 1.0, 0.0, 0.0, 12.0, 48.0, 1.0, 1.0, 0.0, 3.0, 4.0, 1.0, 4.0, 16.0, 33.0, 2.0, 4.0, 50.0], "bins": [-0.1103060245513916, -0.10685938596725464, -0.10341275483369827, -0.09996611624956131, -0.09651947766542435, -0.09307284653186798, -0.08962620794773102, -0.08617956936359406, -0.08273293077945709, -0.07928629964590073, -0.07583966106176376, -0.0723930299282074, -0.06894639134407043, -0.06549975275993347, -0.06205311790108681, -0.058606479316949844, -0.05515984445810318, -0.051713209599256516, -0.04826657101511955, -0.04481993615627289, -0.041373297572135925, -0.03792666643857956, -0.034480027854442596, -0.031033389270305634, -0.027586758136749268, -0.024140119552612305, -0.020693480968475342, -0.01724684238433838, -0.013800211250782013, -0.01035357266664505, -0.006906934082508087, -0.003460302948951721, -1.3656914234161377e-05, 0.0034329816699028015, 0.0068796128034591675, 0.01032625138759613, 0.013772889971733093, 0.01721952110528946, 0.020666159689426422, 0.024112798273563385, 0.027559436857700348, 0.031006067991256714, 0.03445270657539368, 0.03789934515953064, 0.041345976293087006, 0.04479261487722397, 0.04823924973607063, 0.051685888320207596, 0.05513252317905426, 0.058579158037900925, 0.06202579662203789, 0.06547243148088455, 0.06891907006502151, 0.07236570119857788, 0.07581233978271484, 0.0792589783668518, 0.08270561695098877, 0.08615224808454514, 0.0895988866686821, 0.09304551780223846, 0.09649215638637543, 0.09993879497051239, 0.10338543355464935, 0.10683206468820572, 0.11027870327234268]}, "gradients/lstm_cell.bias_ih": {"_type": "histogram", "values": [1.0, 0.0, 0.0, 0.0, 0.0, 0.0, 0.0, 0.0, 0.0, 0.0, 0.0, 1.0, 0.0, 0.0, 0.0, 0.0, 0.0, 0.0, 0.0, 0.0, 0.0, 0.0, 1.0, 0.0, 0.0, 0.0, 0.0, 0.0, 0.0, 0.0, 0.0, 0.0, 0.0, 0.0, 1.0, 0.0, 1.0, 2.0, 0.0, 0.0, 1.0, 1.0, 1.0, 3.0, 488.0, 4.0, 1.0, 1.0, 0.0, 0.0, 1.0, 2.0, 0.0, 0.0, 0.0, 0.0, 0.0, 0.0, 0.0, 0.0, 0.0, 1.0, 0.0, 1.0], "bins": [-0.0014090428594499826, -0.001377692213281989, -0.0013463414506986737, -0.0013149908045306802, -0.0012836401583626866, -0.001252289512194693, -0.0012209387496113777, -0.0011895881034433842, -0.0011582374572753906, -0.001126886811107397, -0.0010955360485240817, -0.0010641854023560882, -0.0010328346397727728, -0.0010014839936047792, -0.0009701333474367857, -0.0009387827012687922, -0.0009074319968931377, -0.0008760812925174832, -0.0008447306463494897, -0.0008133799419738352, -0.0007820292958058417, -0.0007506785914301872, -0.0007193279452621937, -0.0006879772408865392, -0.0006566265365108848, -0.0006252758903428912, -0.0005939251859672368, -0.0005625745397992432, -0.0005312238354235888, -0.0004998731892555952, -0.00046852248487994075, -0.0004371718387119472, -0.00040582113433629274, -0.0003744704299606383, -0.00034311978379264474, -0.0003117690794169903, -0.00028041843324899673, -0.0002490677288733423, -0.00021771708270534873, -0.00018636637832969427, -0.00015501573216170073, -0.00012366502778604627, -9.231432341039181e-05, -6.096367724239826e-05, -2.9612972866743803e-05, 1.7376733012497425e-06, 3.30883776769042e-05, 6.443902384489775e-05, 9.57897282205522e-05, 0.0001271404034923762, 0.0001584910787642002, 0.0001898417540360242, 0.00022119242930784822, 0.0002525431336835027, 0.0002838938089553267, 0.0003152444842271507, 0.0003465951594989747, 0.0003779458347707987, 0.0004092965100426227, 0.0004406471853144467, 0.00047199788969010115, 0.0005033485358580947, 0.0005346992402337492, 0.0005660498864017427, 0.0005974005907773972]}, "gradients/lstm_cell.weight_ih": {"_type": "histogram", "values": [1.0, 0.0, 0.0, 0.0, 0.0, 0.0, 0.0, 0.0, 0.0, 0.0, 0.0, 0.0, 0.0, 0.0, 0.0, 0.0, 0.0, 0.0, 0.0, 0.0, 0.0, 0.0, 0.0, 0.0, 1.0, 1.0, 0.0, 0.0, 0.0, 0.0, 0.0, 0.0, 0.0, 0.0, 0.0, 0.0, 0.0, 1.0, 0.0, 0.0, 0.0, 0.0, 0.0, 1.0, 0.0, 0.0, 1.0, 0.0, 1.0, 0.0, 0.0, 3.0, 0.0, 2.0, 5.0, 11.0, 2494.0, 23.0, 6.0, 2.0, 2.0, 2.0, 1.0, 2.0], "bins": [-0.3188451826572418, -0.3132359981536865, -0.30762678384780884, -0.30201759934425354, -0.29640841484069824, -0.29079920053482056, -0.28519001603126526, -0.27958083152770996, -0.27397164702415466, -0.268362432718277, -0.2627532482147217, -0.2571440637111664, -0.2515348792076111, -0.2459256649017334, -0.2403164803981781, -0.2347072809934616, -0.22909808158874512, -0.22348889708518982, -0.21787971258163452, -0.21227049827575684, -0.20666131377220154, -0.20105212926864624, -0.19544292986392975, -0.18983373045921326, -0.18422454595565796, -0.17861534655094147, -0.17300616204738617, -0.16739696264266968, -0.16178776323795319, -0.1561785787343979, -0.1505693793296814, -0.1449601948261261, -0.1393509805202484, -0.13374178111553192, -0.12813259661197662, -0.12252339720726013, -0.11691421270370483, -0.11130501329898834, -0.10569581389427185, -0.10008662939071655, -0.09447742998600006, -0.08886824548244476, -0.08325904607772827, -0.07764986157417297, -0.07204066216945648, -0.06643147766590118, -0.060822274535894394, -0.0552130825817585, -0.049603890627622604, -0.04399469867348671, -0.038385506719350815, -0.03277630731463432, -0.02716711536049843, -0.021557923406362534, -0.01594873145222664, -0.010339535772800446, -0.004730343818664551, 0.000878848135471344, 0.006488043814897537, 0.012097235769033432, 0.017706429585814476, 0.02331562340259552, 0.028924815356731415, 0.03453401103615761, 0.0401432029902935]}, "gradients/lstm_cell.bias_hh": {"_type": "histogram", "values": [1.0, 0.0, 0.0, 0.0, 0.0, 0.0, 0.0, 0.0, 0.0, 0.0, 0.0, 1.0, 0.0, 0.0, 0.0, 0.0, 0.0, 0.0, 0.0, 0.0, 0.0, 0.0, 1.0, 0.0, 0.0, 0.0, 0.0, 0.0, 0.0, 0.0, 0.0, 0.0, 0.0, 0.0, 1.0, 0.0, 1.0, 2.0, 0.0, 0.0, 1.0, 1.0, 1.0, 3.0, 488.0, 4.0, 1.0, 1.0, 0.0, 0.0, 1.0, 2.0, 0.0, 0.0, 0.0, 0.0, 0.0, 0.0, 0.0, 0.0, 0.0, 1.0, 0.0, 1.0],