{"loss": 608.9243676845845, "_timestamp": 1709029345.700266, "_runtime": 56.28394889831543, "_step": 619, "y loss": 1220.5086707573432, "avg_loss": 59.67375922203064, "avg_y_loss": 1222.3378524780273, "val_loss": 62.54465186290252}