{"train_loss": 16.533918380737305, "_timestamp": 1712226508.3816824, "_runtime": 5.7768073081970215, "_step": 419, "epoch_train_loss": 21.819379806518555, "epoch_val_loss": 20.484840869903564, "_wandb": {"runtime": 4}}