{"train_loss": 156.84840393066406, "_timestamp": 1712227121.125259, "_runtime": 22.0914409160614, "_step": 3911, "epoch_train_loss": 1568.4652099609375, "epoch_val_loss": 1553.9402770996094, "gradients/h2o.bias": {"_type": "histogram", "values": [1.0, 0.0, 0.0, 0.0, 0.0, 0.0, 0.0, 0.0, 0.0, 0.0, 0.0, 0.0, 0.0, 0.0, 0.0, 0.0, 0.0, 0.0, 0.0, 0.0, 0.0, 0.0, 0.0, 0.0, 0.0, 0.0, 0.0, 0.0, 0.0, 0.0, 1.0, 0.0, 0.0, 0.0, 0.0, 0.0, 0.0, 0.0, 0.0, 0.0, 0.0, 0.0, 0.0, 0.0, 0.0, 0.0, 0.0, 0.0, 0.0, 0.0, 0.0, 0.0, 0.0, 0.0, 0.0, 0.0, 0.0, 0.0, 0.0, 0.0, 1.0, 0.0, 0.0, 1.0], "bins": [-22.501489639282227, -21.64291000366211, -20.784330368041992, -19.925752639770508, -19.06717300415039, -18.208593368530273, -17.350013732910156, -16.49143409729004, -15.632855415344238, -14.774275779724121, -13.91569709777832, -13.057117462158203, -12.198537826538086, -11.339959144592285, -10.481379508972168, -9.622800827026367, -8.76422119140625, -7.905642032623291, -7.047062873840332, -6.188483238220215, -5.329904079437256, -4.471324920654297, -3.612745523452759, -2.7541661262512207, -1.8955869674682617, -1.0370076894760132, -0.17842841148376465, 0.6801508665084839, 1.5387301445007324, 2.3973093032836914, 3.2558887004852295, 4.114468097686768, 4.973045349121094, 5.831624507904053, 6.690203666687012, 7.548783302307129, 8.40736198425293, 9.265941619873047, 10.124521255493164, 10.983099937438965, 11.841679573059082, 12.7002592086792, 13.558837890625, 14.417417526245117, 15.275997161865234, 16.13457679748535, 16.993154525756836, 17.851734161376953, 18.71031379699707, 19.568893432617188, 20.427473068237305, 21.28605079650879, 22.144630432128906, 23.003210067749023, 23.86178970336914, 24.720369338989258, 25.578948974609375, 26.43752670288086, 27.296106338500977, 28.154685974121094, 29.01326560974121, 29.871845245361328, 30.730422973632812, 31.58900260925293, 32.44758224487305]}, "gradients/h2o.weight": {"_type": "histogram", "values": [1.0, 0.0, 0.0, 0.0, 0.0, 0.0, 0.0, 0.0, 0.0, 0.0, 1.0, 0.0, 0.0, 0.0, 0.0, 1.0, 2.0, 0.0, 1.0, 2.0, 1.0, 1.0, 1.0, 1.0, 11.0, 12.0, 12.0, 11.0, 14.0, 0.0, 2.0, 61.0, 305.0, 2.0, 3.0, 9.0, 1.0, 32.0, 8.0, 5.0, 2.0, 0.0, 0.0, 2.0, 0.0, 1.0, 1.0, 1.0, 2.0, 0.0, 0.0, 1.0, 0.0, 0.0, 1.0, 0.0, 0.0, 0.0, 0.0, 0.0, 0.0, 0.0, 0.0, 1.0], "bins": [-143.54884338378906, -139.0689239501953, -134.5889892578125, -130.10906982421875, -125.62913513183594, -121.14921569824219, -116.6692886352539, -112.18936157226562, -107.70943450927734, -103.22950744628906, -98.74958038330078, -94.2696533203125, -89.78973388671875, -85.30980682373047, -80.82987976074219, -76.3499526977539, -71.87002563476562, -67.39009857177734, -62.91017150878906, -58.43024826049805, -53.950321197509766, -49.470394134521484, -44.99047088623047, -40.51054382324219, -36.030616760253906, -31.550689697265625, -27.070764541625977, -22.590839385986328, -18.110912322998047, -13.630986213684082, -9.151060104370117, -4.671133995056152, -0.19122314453125, 4.288702964782715, 8.76862907409668, 13.248555183410645, 17.72848129272461, 22.20840835571289, 26.68833351135254, 31.168258666992188, 35.64818572998047, 40.12811279296875, 44.60803985595703, 49.08796310424805, 53.56789016723633, 58.04781723022461, 62.527740478515625, 67.0076675415039, 71.48759460449219, 75.96752166748047, 80.44744873046875, 84.92737579345703, 89.40730285644531, 93.88722229003906, 98.36714935302734, 102.84707641601562, 107.3270034790039, 111.80693054199219, 116.28685760498047, 120.76678466796875, 125.2467041015625, 129.7266387939453, 134.20655822753906, 138.68649291992188, 143.16641235351562]}, "gradients/lstm_cell.bias_ih": {"_type": "histogram", "values": [2.0, 0.0, 0.0, 0.0, 1.0, 2.0, 1.0, 2.0, 0.0, 1.0, 1.0, 1.0, 1.0, 3.0, 1.0, 0.0, 1.0, 1.0, 1.0, 1.0, 2.0, 0.0, 1.0, 2.0, 9.0, 3.0, 6.0, 2.0, 4.0, 5.0, 437.0, 2.0, 5.0, 2.0, 1.0, 0.0, 0.0, 0.0, 0.0, 0.0, 2.0, 0.0, 0.0, 0.0, 0.0, 0.0, 0.0, 0.0, 0.0, 1.0, 0.0, 1.0, 0.0, 1.0, 0.0, 1.0, 0.0, 0.0, 0.0, 0.0, 2.0, 0.0, 0.0, 3.0], "bins": [-0.1156001016497612, -0.11180740594863892, -0.10801471024751663, -0.10422201454639435, -0.10042931884527206, -0.09663662314414978, -0.0928439274430275, -0.08905123174190521, -0.08525854349136353, -0.08146584779024124, -0.07767315208911896, -0.07388045638799667, -0.07008776068687439, -0.0662950649857521, -0.06250236928462982, -0.05870967358350754, -0.054916977882385254, -0.05112428218126297, -0.047331586480140686, -0.0435388907790184, -0.03974619507789612, -0.03595350310206413, -0.03216080740094185, -0.028368111699819565, -0.02457541599869728, -0.020782720297574997, -0.016990024596452713, -0.013197330757975578, -0.009404635056853294, -0.005611939821392298, -0.0018192445859313011, 0.0019734506495296955, 0.005766138434410095, 0.00955883413553238, 0.013351528905332088, 0.017144223675131798, 0.02093691937625408, 0.024729615077376366, 0.0285223089158535, 0.032315004616975784, 0.03610770031809807, 0.03990039601922035, 0.043693091720342636, 0.04748578742146492, 0.051278479397296906, 0.05507117509841919, 0.05886387079954147, 0.06265656650066376, 0.06644926220178604, 0.07024195790290833, 0.07403465360403061, 0.0778273493051529, 0.08162004500627518, 0.08541274070739746, 0.08920543640851974, 0.09299813210964203, 0.09679082036018372, 0.100583516061306, 0.10437621176242828, 0.10816890746355057, 0.11196160316467285, 0.11575429886579514, 0.11954699456691742, 0.1233396902680397, 0.127132385969162]}, "gradients/lstm_cell.bias_hh": {"_type": "histogram", "values": [2.0, 0.0, 0.0, 0.0, 1.0, 2.0, 1.0, 2.0, 0.0, 1.0, 1.0, 1.0, 1.0, 3.0, 1.0, 0.0, 1.0, 1.0, 1.0, 1.0, 2.0, 0.0, 1.0, 2.0, 9.0, 3.0, 6.0, 2.0, 4.0, 5.0, 437.0, 2.0, 5.0, 2.0, 1.0, 0.0, 0.0, 0.0, 0.0, 0.0, 2.0, 0.0, 0.0, 0.0, 0.0, 0.0, 0.0, 0.0, 0.0, 1.0, 0.0, 1.0, 0.0, 1.0, 0.0, 1.0, 0.0, 0.0, 0.0, 0.0, 2.0, 0.0, 0.0, 3.0], "bins": [-0.1156001016497612, -0.11180740594863892, -0.10801471024751663, -0.10422201454639435, -0.10042931884527206, -0.09663662314414978, -0.0928439274430275, -0.08905123174190521, -0.08525854349136353, -0.08146584779024124, -0.07767315208911896, -0.07388045638799667, -0.07008776068687439, -0.0662950649857521, -0.06250236928462982, -0.05870967358350754, -0.054916977882385254, -0.05112428218126297, -0.047331586480140686, -0.0435388907790184, -0.03974619507789612, -0.03595350310206413, -0.03216080740094185, -0.028368111699819565, -0.02457541599869728, -0.020782720297574997, -0.016990024596452713, -0.013197330757975578, -0.009404635056853294, -0.005611939821392298, -0.0018192445859313011, 0.0019734506495296955, 0.005766138434410095, 0.00955883413553238, 0.013351528905332088, 0.017144223675131798, 0.02093691937625408, 0.024729615077376366, 0.0285223089158535, 0.032315004616975784, 0.03610770031809807, 0.03990039601922035, 0.043693091720342636, 0.04748578742146492, 0.051278479397296906, 0.05507117509841919, 0.05886387079954147, 0.06265656650066376, 0.06644926220178604, 0.07024195790290833, 0.07403465360403061, 0.0778273493051529, 0.08162004500627518, 0.08541274070739746, 0.08920543640851974, 0.09299813210964203, 0.09679082036018372, 0.100583516061306, 0.10437621176242828, 0.10816890746355057, 0.11196160316467285, 0.11575429886579514, 0.11954699456691742, 0.1233396902680397, 0.127132385969162]}, "gradients/lstm_cell.weight_hh": {"_type": "histogram", "values": [1.0, 0.0, 0.0, 0.0, 0.0, 0.0, 0.0, 0.0, 0.0, 0.0, 0.0, 0.0, 0.0, 0.0, 1.0, 24.0, 6.0, 21.0, 11.0, 57.0, 42.0, 68.0, 56.0, 71.0, 71.0, 78.0, 85.0, 91.0, 78.0, 134.0, 269.0, 397.0, 685.0, 60614.0, 690.0, 506.0, 358.0, 184.0, 131.0, 97.0, 107.0, 98.0, 91.0, 89.0, 55.0, 83.0, 66.0, 34.0, 20.0, 31.0, 8.0, 21.0, 3.0, 2.0, 0.0, 0.0, 0.0, 0.0, 0.0, 0.0, 0.0, 1.0, 0.0, 1.0],