{"train_loss": 734.9763793945312, "_timestamp": 1712138851.962566, "_runtime": 92.39582800865173, "_step": 14999, "epoch_train_loss": 728.1951904296875, "epoch_val_loss": 683.603759765625, "gradients/h2o.bias": {"_type": "histogram", "values": [1.0, 0.0, 0.0, 0.0, 0.0, 0.0, 0.0, 0.0, 0.0, 0.0, 1.0, 0.0, 0.0, 0.0, 0.0, 0.0, 0.0, 0.0, 0.0, 0.0, 0.0, 0.0, 0.0, 0.0, 0.0, 0.0, 0.0, 0.0, 0.0, 0.0, 0.0, 0.0, 0.0, 0.0, 0.0, 0.0, 0.0, 0.0, 0.0, 0.0, 0.0, 0.0, 0.0, 0.0, 1.0, 0.0, 0.0, 0.0, 0.0, 0.0, 0.0, 0.0, 0.0, 0.0, 0.0, 0.0, 0.0, 0.0, 0.0, 0.0, 0.0, 0.0, 0.0, 1.0], "bins": [0.3795333802700043, 0.4705430269241333, 0.5615526437759399, 0.6525622606277466, 0.7435718774795532, 0.8345814943313599, 0.925591230392456, 1.0166008472442627, 1.1076104640960693, 1.198620080947876, 1.2896296977996826, 1.3806393146514893, 1.4716490507125854, 1.562658667564392, 1.6536682844161987, 1.7446779012680054, 1.835687518119812, 1.9266971349716187, 2.0177066326141357, 2.1087162494659424, 2.199725866317749, 2.2907357215881348, 2.3817451000213623, 2.472754716873169, 2.5637645721435547, 2.6547741889953613, 2.745783805847168, 2.8367934226989746, 2.9278030395507812, 3.018812656402588, 3.1098222732543945, 3.200831890106201, 3.291841506958008, 3.3828511238098145, 3.473860740661621, 3.5648703575134277, 3.6558799743652344, 3.746889591217041, 3.8378992080688477, 3.9289088249206543, 4.019918441772461, 4.110928535461426, 4.201937675476074, 4.292947292327881, 4.3839569091796875, 4.474967002868652, 4.565976142883301, 4.656986236572266, 4.747995376586914, 4.839005470275879, 4.930014610290527, 5.021024703979492, 5.112033843994141, 5.2030439376831055, 5.294053554534912, 5.385063171386719, 5.476072788238525, 5.567082405090332, 5.658092021942139, 5.749101638793945, 5.840111255645752, 5.931120872497559, 6.022130489349365, 6.113140106201172, 6.2041497230529785]}, "gradients/h2o.weight": {"_type": "histogram", "values": [5.0, 2.0, 2.0, 2.0, 2.0, 0.0, 2.0, 1.0, 2.0, 1.0, 9.0, 9.0, 4.0, 2.0, 3.0, 4.0, 4.0, 11.0, 9.0, 4.0, 14.0, 8.0, 7.0, 11.0, 6.0, 65.0, 102.0, 71.0, 43.0, 10.0, 6.0, 7.0, 2.0, 5.0, 5.0, 9.0, 7.0, 5.0, 5.0, 9.0, 5.0, 2.0, 4.0, 0.0, 7.0, 2.0, 4.0, 1.0, 2.0, 2.0, 0.0, 2.0, 1.0, 1.0, 1.0, 0.0, 0.0, 0.0, 0.0, 2.0, 0.0, 0.0, 0.0, 1.0], "bins": [-129.4884033203125, -124.65583038330078, -119.82324981689453, -114.99067687988281, -110.15809631347656, -105.32552337646484, -100.49295043945312, -95.66036987304688, -90.82778930664062, -85.9952163696289, -81.16264343261719, -76.33006286621094, -71.49748992919922, -66.6649169921875, -61.83233642578125, -56.999755859375, -52.16718292236328, -47.33460998535156, -42.50202941894531, -37.669456481933594, -32.836875915527344, -28.004302978515625, -23.171722412109375, -18.339149475097656, -13.506576538085938, -8.673995971679688, -3.8414230346679688, 0.99114990234375, 5.82373046875, 10.65631103515625, 15.4888916015625, 20.321456909179688, 25.154037475585938, 29.986618041992188, 34.819183349609375, 39.651763916015625, 44.484344482421875, 49.316925048828125, 54.149497985839844, 58.98207092285156, 63.81465148925781, 68.64722442626953, 73.47979736328125, 78.3123779296875, 83.14495086669922, 87.97753143310547, 92.81010437011719, 97.64268493652344, 102.47525787353516, 107.30783081054688, 112.14041137695312, 116.97299194335938, 121.8055648803711, 126.63813781738281, 131.47071838378906, 136.30328369140625, 141.1358642578125, 145.96844482421875, 150.801025390625, 155.6335906982422, 160.46617126464844, 165.2987518310547, 170.13133239746094, 174.96389770507812, 179.79647827148438]}, "gradients/rnn_cell.bias_hh": {"_type": "histogram", "values": [1.0, 0.0, 0.0, 0.0, 0.0, 0.0, 0.0, 0.0, 0.0, 0.0, 0.0, 0.0, 0.0, 0.0, 0.0, 0.0, 0.0, 0.0, 0.0, 0.0, 0.0, 0.0, 0.0, 0.0, 0.0, 0.0, 0.0, 0.0, 0.0, 0.0, 0.0, 0.0, 0.0, 0.0, 0.0, 0.0, 0.0, 0.0, 0.0, 0.0, 0.0, 0.0, 0.0, 1.0, 0.0, 0.0, 0.0, 0.0, 0.0, 0.0, 0.0, 0.0, 0.0, 0.0, 0.0, 0.0, 0.0, 0.0, 0.0, 0.0, 0.0, 0.0, 0.0, 382.0], "bins": [-8.632831573486328, -8.497942924499512, -8.363054275512695, -8.228166580200195, -8.093277931213379, -7.9583892822265625, -7.823501110076904, -7.688612937927246, -7.55372428894043, -7.418835639953613, -7.283947467803955, -7.149059295654297, -7.0141706466674805, -6.879281997680664, -6.744393825531006, -6.609505653381348, -6.474617004394531, -6.339728355407715, -6.204840183258057, -6.069952011108398, -5.935063362121582, -5.800174713134766, -5.665286540985107, -5.530398368835449, -5.395509719848633, -5.260621070861816, -5.125732898712158, -4.9908447265625, -4.855956077575684, -4.721067428588867, -4.586179256439209, -4.451291084289551, -4.316401958465576, -4.18151330947876, -4.046625137329102, -3.9117367267608643, -3.776848316192627, -3.6419599056243896, -3.5070714950561523, -3.372183084487915, -3.2372946739196777, -3.1024062633514404, -2.967517852783203, -2.832629442214966, -2.6977410316467285, -2.562852621078491, -2.427964210510254, -2.2930757999420166, -2.1581873893737793, -2.023298978805542, -1.8884106874465942, -1.753522276878357, -1.6186338663101196, -1.4837454557418823, -1.348857045173645, -1.2139686346054077, -1.0790802240371704, -0.9441918134689331, -0.8093034029006958, -0.6744149923324585, -0.5395265817642212, -0.4046381711959839, -0.2697497606277466, -0.13486133515834808, 2.707406019908376e-05]}, "gradients/rnn_cell.weight_hh": {"_type": "histogram", "values": [2.0, 0.0, 0.0, 0.0, 0.0, 0.0, 0.0, 0.0, 0.0, 0.0, 0.0, 0.0, 1.0, 0.0, 0.0, 0.0, 1.0, 0.0, 31.0, 1.0, 0.0, 1.0, 1.0, 2.0, 3.0, 2.0, 3.0, 3.0, 3.0, 2.0, 38.0, 2.0, 7.0, 4.0, 8.0, 8.0, 48901.0, 5.0, 11.0, 7.0, 5.0, 5.0, 35.0, 4.0, 3.0, 2.0, 3.0, 1.0, 1.0, 0.0, 1.0, 2.0, 3.0, 2.0, 31.0, 0.0, 1.0, 2.0, 1.0, 0.0, 1.0, 0.0, 0.0, 2.0], "bins": [-17.445301055908203, -16.968900680541992, -16.49250030517578, -16.01609992980957, -15.53969955444336, -15.063299179077148, -14.586898803710938, -14.11049747467041, -13.6340970993042, -13.157696723937988, -12.681296348571777, -12.204895973205566, -11.728495597839355, -11.252095222473145, -10.775693893432617, -10.299293518066406, -9.822893142700195, -9.346492767333984, -8.870092391967773, -8.393692016601562, -7.917291641235352, -7.440891265869141, -6.96449089050293, -6.488090515136719, -6.011690139770508, -5.535289764404297, -5.058889389038086, -4.582488059997559, -4.106087684631348, -3.6296873092651367, -3.153286933898926, -2.676886558532715, -2.200486183166504, -1.724085807800293, -1.247685432434082, -0.7712850570678711, -0.29488468170166016, 0.18151569366455078, 0.6579170227050781, 1.134317398071289, 1.6107177734375, 2.087118148803711, 2.563518524169922, 3.039918899536133, 3.5163192749023438, 3.9927196502685547, 4.469120025634766, 4.945520401000977, 5.421921253204346, 5.898321628570557, 6.374722003936768, 6.851122856140137, 7.327523231506348, 7.803923606872559, 8.28032398223877, 8.75672435760498, 9.233124732971191, 9.709525108337402, 10.18592643737793, 10.66232681274414, 11.138727188110352, 11.615127563476562, 12.091527938842773, 12.567928314208984, 13.044328689575195]}, "gradients/rnn_cell.bias_ih": {"_type": "histogram", "values": [1.0, 0.0, 0.0, 0.0, 0.0, 0.0, 0.0, 0.0, 0.0, 0.0, 0.0, 0.0, 0.0, 0.0, 0.0, 0.0, 0.0, 0.0, 0.0, 0.0, 0.0, 0.0, 0.0, 0.0, 0.0, 0.0, 0.0, 0.0, 0.0, 0.0, 0.0, 0.0, 0.0, 0.0, 0.0, 0.0, 0.0, 0.0, 0.0, 0.0, 0.0, 0.0, 0.0, 1.0, 0.0, 0.0, 0.0, 0.0, 0.0, 0.0, 0.0, 0.0, 0.0, 0.0, 0.0, 0.0, 0.0, 0.0, 0.0, 0.0, 0.0, 0.0, 0.0, 382.0],