{"train_loss": 4228.95458984375, "_timestamp": 1712156095.6031418, "_runtime": 71.60439777374268, "_step": 11138, "epoch_train_loss": 4231.56591796875, "epoch_val_loss": 4077.70849609375, "gradients/h2o.bias": {"_type": "histogram", "values": [1.0, 0.0, 0.0, 0.0, 0.0, 0.0, 0.0, 0.0, 0.0, 0.0, 0.0, 0.0, 0.0, 0.0, 0.0, 0.0, 0.0, 0.0, 0.0, 0.0, 0.0, 0.0, 0.0, 0.0, 0.0, 0.0, 0.0, 0.0, 0.0, 0.0, 0.0, 0.0, 0.0, 0.0, 0.0, 1.0, 0.0, 0.0, 0.0, 0.0, 0.0, 0.0, 0.0, 0.0, 0.0, 1.0, 0.0, 0.0, 0.0, 0.0, 0.0, 0.0, 0.0, 0.0, 0.0, 0.0, 0.0, 0.0, 0.0, 0.0, 0.0, 0.0, 0.0, 1.0], "bins": [-1.2884809970855713, -1.1521987915039062, -1.0159165859222412, -0.8796343803405762, -0.7433521747589111, -0.6070699691772461, -0.47078776359558105, -0.334505558013916, -0.19822335243225098, -0.06194114685058594, 0.0743410587310791, 0.21062326431274414, 0.3469054698944092, 0.4831876754760742, 0.6194698810577393, 0.7557520866394043, 0.8920342922210693, 1.0283164978027344, 1.1645987033843994, 1.3008809089660645, 1.4371631145477295, 1.5734453201293945, 1.7097275257110596, 1.8460097312927246, 1.9822919368743896, 2.1185741424560547, 2.2548563480377197, 2.3911385536193848, 2.52742075920105, 2.663702964782715, 2.79998517036438, 2.936267614364624, 3.072549343109131, 3.208831310272217, 3.345113754272461, 3.481395959854126, 3.617678165435791, 3.753960371017456, 3.890242576599121, 4.026524543762207, 4.162806987762451, 4.299089431762695, 4.435371398925781, 4.571653366088867, 4.707935810089111, 4.8442182540893555, 4.980500221252441, 5.116782188415527, 5.2530646324157715, 5.389347076416016, 5.525629043579102, 5.6619110107421875, 5.798193454742432, 5.934475898742676, 6.070757865905762, 6.207039833068848, 6.343322277069092, 6.479604721069336, 6.615886688232422, 6.752168655395508, 6.888451099395752, 7.024733543395996, 7.161015510559082, 7.297297477722168, 7.433579921722412]}, "gradients/h2o.weight": {"_type": "histogram", "values": [2.0, 0.0, 2.0, 0.0, 0.0, 0.0, 2.0, 1.0, 2.0, 1.0, 1.0, 1.0, 2.0, 2.0, 6.0, 6.0, 5.0, 4.0, 8.0, 4.0, 6.0, 10.0, 4.0, 5.0, 6.0, 10.0, 6.0, 9.0, 11.0, 278.0, 11.0, 12.0, 8.0, 10.0, 5.0, 12.0, 4.0, 8.0, 5.0, 5.0, 5.0, 5.0, 4.0, 9.0, 1.0, 2.0, 3.0, 1.0, 0.0, 0.0, 2.0, 2.0, 1.0, 2.0, 0.0, 0.0, 0.0, 0.0, 0.0, 0.0, 0.0, 0.0, 0.0, 1.0], "bins": [-1332.0478515625, -1287.2298583984375, -1242.411865234375, -1197.593994140625, -1152.7760009765625, -1107.9580078125, -1063.1400146484375, -1018.322021484375, -973.5040893554688, -928.6861572265625, -883.8681640625, -839.0501708984375, -794.232177734375, -749.4142456054688, -704.5962524414062, -659.7783203125, -614.9603271484375, -570.142333984375, -525.3244018554688, -480.50640869140625, -435.6884765625, -390.8704833984375, -346.052490234375, -301.2344970703125, -256.41650390625, -211.5986328125, -166.7806396484375, -121.962646484375, -77.1446533203125, -32.32666015625, 12.4912109375, 57.3092041015625, 102.1273193359375, 146.9453125, 191.7633056640625, 236.5811767578125, 281.399169921875, 326.2171630859375, 371.03515625, 415.8531494140625, 460.6710205078125, 505.489013671875, 550.3070068359375, 595.125, 639.9429931640625, 684.7609252929688, 729.5789184570312, 774.3968505859375, 819.21484375, 864.0328369140625, 908.8507690429688, 953.6687622070312, 998.4866943359375, 1043.3046875, 1088.1226806640625, 1132.940673828125, 1177.758544921875, 1222.5765380859375, 1267.39453125, 1312.2125244140625, 1357.030517578125, 1401.848388671875, 1446.6663818359375, 1491.484375, 1536.3023681640625]}, "gradients/rnn_cell.bias_hh": {"_type": "histogram", "values": [383.0, 0.0, 0.0, 0.0, 0.0, 0.0, 0.0, 0.0, 0.0, 0.0, 0.0, 0.0, 0.0, 0.0, 0.0, 0.0, 0.0, 0.0, 0.0, 0.0, 0.0, 0.0, 0.0, 0.0, 0.0, 0.0, 0.0, 0.0, 0.0, 0.0, 0.0, 0.0, 0.0, 0.0, 0.0, 0.0, 0.0, 0.0, 0.0, 0.0, 0.0, 0.0, 0.0, 0.0, 0.0, 0.0, 0.0, 0.0, 0.0, 0.0, 0.0, 0.0, 0.0, 0.0, 0.0, 0.0, 0.0, 0.0, 0.0, 0.0, 0.0, 0.0, 0.0, 1.0], "bins": [-3.463395960336666e-17, 0.008700077421963215, 0.01740015484392643, 0.02610023319721222, 0.03480030968785286, 0.0435003861784935, 0.05220046639442444, 0.06090054288506508, 0.06960061937570572, 0.07830069959163666, 0.087000772356987, 0.09570085257291794, 0.10440093278884888, 0.11310100555419922, 0.12180108577013016, 0.1305011659860611, 0.13920123875141144, 0.14790131151676178, 0.15660139918327332, 0.16530147194862366, 0.174001544713974, 0.18270163238048553, 0.19140170514583588, 0.20010177791118622, 0.20880186557769775, 0.2175019383430481, 0.22620201110839844, 0.23490208387374878, 0.24360217154026031, 0.25230225920677185, 0.2610023319721222, 0.26970240473747253, 0.2784024775028229, 0.2871025502681732, 0.29580262303352356, 0.3045026957988739, 0.31320279836654663, 0.321902871131897, 0.3306029438972473, 0.33930301666259766, 0.348003089427948, 0.35670316219329834, 0.3654032349586487, 0.374103307723999, 0.38280341029167175, 0.3915034830570221, 0.40020355582237244, 0.40890365839004517, 0.4176037311553955, 0.42630380392074585, 0.4350038766860962, 0.44370394945144653, 0.4524040222167969, 0.4611040949821472, 0.46980416774749756, 0.4785042405128479, 0.48720434308052063, 0.49590441584587097, 0.5046044588088989, 0.513304591178894, 0.5220046639442444, 0.5307047367095947, 0.5394048094749451, 0.5481048822402954, 0.5568049550056458]}, "gradients/rnn_cell.weight_hh": {"_type": "histogram", "values": [1.0, 0.0, 0.0, 0.0, 0.0, 0.0, 0.0, 0.0, 0.0, 1.0, 0.0, 1.0, 1.0, 0.0, 0.0, 0.0, 0.0, 1.0, 1.0, 1.0, 1.0, 1.0, 38.0, 2.0, 4.0, 0.0, 0.0, 0.0, 3.0, 3.0, 0.0, 49030.0, 4.0, 5.0, 1.0, 3.0, 2.0, 3.0, 0.0, 34.0, 1.0, 3.0, 1.0, 0.0, 0.0, 0.0, 0.0, 1.0, 1.0, 0.0, 1.0, 0.0, 0.0, 0.0, 1.0, 0.0, 1.0, 0.0, 0.0, 0.0, 0.0, 0.0, 0.0, 1.0], "bins": [-1.9941644668579102, -1.9298688173294067, -1.8655732870101929, -1.8012776374816895, -1.7369821071624756, -1.6726864576339722, -1.6083908081054688, -1.5440952777862549, -1.4797996282577515, -1.415503978729248, -1.3512084484100342, -1.2869127988815308, -1.2226171493530273, -1.1583216190338135, -1.09402596950531, -1.0297303199768066, -0.9654347896575928, -0.9011391401290894, -0.8368436098098755, -0.7725479602813721, -0.7082524299621582, -0.6439567804336548, -0.5796611309051514, -0.5153656005859375, -0.4510699510574341, -0.38677430152893066, -0.3224787712097168, -0.2581831216812134, -0.19388747215270996, -0.1295919418334961, -0.06529629230499268, -0.0010007619857788086, 0.06329488754272461, 0.12759053707122803, 0.1918860673904419, 0.2561817169189453, 0.3204772472381592, 0.3847728967666626, 0.449068546295166, 0.5133640766143799, 0.5776597261428833, 0.6419553756713867, 0.7062509059906006, 0.770546555519104, 0.8348422050476074, 0.8991377353668213, 0.9634333848953247, 1.0277289152145386, 1.092024564743042, 1.1563200950622559, 1.2206157445907593, 1.2849113941192627, 1.3492069244384766, 1.41350257396698, 1.4777982234954834, 1.5420937538146973, 1.6063894033432007, 1.670685052871704, 1.734980583190918, 1.7992762327194214, 1.8635718822479248, 1.9278674125671387, 1.992163062095642, 2.0564587116241455, 2.1207542419433594]}, "gradients/rnn_cell.bias_ih": {"_type": "histogram", "values": [383.0, 0.0, 0.0, 0.0, 0.0, 0.0, 0.0, 0.0, 0.0, 0.0, 0.0, 0.0, 0.0, 0.0, 0.0, 0.0, 0.0, 0.0, 0.0, 0.0, 0.0, 0.0, 0.0, 0.0, 0.0, 0.0, 0.0, 0.0, 0.0, 0.0, 0.0, 0.0, 0.0, 0.0, 0.0, 0.0, 0.0, 0.0, 0.0, 0.0, 0.0, 0.0, 0.0, 0.0, 0.0, 0.0, 0.0, 0.0, 0.0, 0.0, 0.0, 0.0, 0.0, 0.0, 0.0, 0.0, 0.0, 0.0, 0.0, 0.0, 0.0, 0.0, 0.0, 1.0],