{"loss": 490.1558057536249, "_timestamp": 1709026272.723218, "_runtime": 60.44459390640259, "_step": 699, "y loss": 1267.9904074833312, "avg_loss": 61.659517884254456, "avg_y_loss": 1262.9851665496826, "val_loss": 63.92773315234062}