{"train_loss": 222.3477783203125, "_timestamp": 1711624265.4996004, "_runtime": 22.65302538871765, "_step": 9999, "epoch_train_loss": 1671.979248046875, "epoch_val_loss": 1066.3926792144775, "gradients/h2o.bias": {"_type": "histogram", "values": [1.0, 0.0, 0.0, 0.0, 0.0, 0.0, 0.0, 0.0, 0.0, 0.0, 0.0, 0.0, 0.0, 0.0, 0.0, 0.0, 0.0, 0.0, 0.0, 0.0, 0.0, 0.0, 0.0, 0.0, 0.0, 0.0, 0.0, 0.0, 0.0, 0.0, 0.0, 0.0, 0.0, 0.0, 0.0, 0.0, 0.0, 0.0, 0.0, 0.0, 0.0, 0.0, 0.0, 0.0, 0.0, 0.0, 0.0, 0.0, 0.0, 0.0, 0.0, 0.0, 0.0, 0.0, 0.0, 0.0, 0.0, 0.0, 0.0, 0.0, 0.0, 0.0, 0.0, 1.0], "bins": [-1.780019998550415, -1.7786911725997925, -1.7773622274398804, -1.7760334014892578, -1.7747044563293457, -1.7733756303787231, -1.772046685218811, -1.7707178592681885, -1.7693889141082764, -1.7680600881576538, -1.7667312622070312, -1.7654023170471191, -1.7640734910964966, -1.7627445459365845, -1.761415719985962, -1.7600867748260498, -1.7587579488754272, -1.7574291229248047, -1.7561001777648926, -1.75477135181427, -1.753442406654358, -1.7521135807037354, -1.7507846355438232, -1.7494558095932007, -1.7481269836425781, -1.746798038482666, -1.7454692125320435, -1.7441402673721313, -1.7428114414215088, -1.7414824962615967, -1.7401536703109741, -1.738824725151062, -1.7374958992004395, -1.736167073249817, -1.7348381280899048, -1.7335093021392822, -1.7321803569793701, -1.7308515310287476, -1.7295225858688354, -1.728193759918213, -1.7268648147583008, -1.7255359888076782, -1.7242071628570557, -1.7228782176971436, -1.721549391746521, -1.7202204465866089, -1.7188916206359863, -1.7175626754760742, -1.7162338495254517, -1.714905023574829, -1.713576078414917, -1.7122472524642944, -1.7109183073043823, -1.7095894813537598, -1.7082605361938477, -1.706931710243225, -1.7056028842926025, -1.7042739391326904, -1.7029451131820679, -1.7016161680221558, -1.7002873420715332, -1.698958396911621, -1.6976295709609985, -1.6963006258010864, -1.6949717998504639]}, "gradients/h2o.weight": {"_type": "histogram", "values": [1.0, 2.0, 0.0, 1.0, 0.0, 1.0, 1.0, 0.0, 1.0, 1.0, 0.0, 1.0, 1.0, 0.0, 1.0, 1.0, 0.0, 0.0, 0.0, 1.0, 1.0, 1.0, 1.0, 2.0, 0.0, 0.0, 0.0, 0.0, 0.0, 0.0, 2.0, 0.0, 4.0, 6.0, 0.0, 0.0, 1.0, 3.0, 1.0, 1.0, 0.0, 0.0, 0.0, 0.0, 5.0, 2.0, 2.0, 2.0, 3.0, 2.0, 0.0, 3.0, 6.0, 1.0, 0.0, 0.0, 0.0, 0.0, 0.0, 0.0, 0.0, 0.0, 1.0, 1.0], "bins": [-1288.883056640625, -1250.7265625, -1212.570068359375, -1174.4134521484375, -1136.2569580078125, -1098.1004638671875, -1059.9439697265625, -1021.7874145507812, -983.6309204101562, -945.4744262695312, -907.31787109375, -869.161376953125, -831.0048828125, -792.8483276367188, -754.6918334960938, -716.5352783203125, -678.3787841796875, -640.2222900390625, -602.0657348632812, -563.9092407226562, -525.752685546875, -487.59619140625, -449.439697265625, -411.2831726074219, -373.12664794921875, -334.9701232910156, -296.8135986328125, -258.6571044921875, -220.50057983398438, -182.34405517578125, -144.1875457763672, -106.0310287475586, -67.87451171875, -29.717994689941406, 8.438522338867188, 46.59503936767578, 84.75155639648438, 122.90807342529297, 161.06459045410156, 199.22109985351562, 237.37762451171875, 275.5341491699219, 313.690673828125, 351.84716796875, 390.0036926269531, 428.16021728515625, 466.31671142578125, 504.4732360839844, 542.6297607421875, 580.7862548828125, 618.9428100585938, 657.0993041992188, 695.255859375, 733.412353515625, 771.56884765625, 809.7254028320312, 847.8818969726562, 886.0383911132812, 924.1949462890625, 962.3514404296875, 1000.5079345703125, 1038.6644287109375, 1076.821044921875, 1114.9775390625, 1153.134033203125]}, "gradients/i2h.bias": {"_type": "histogram", "values": [1.0, 0.0, 0.0, 0.0, 0.0, 1.0, 0.0, 0.0, 0.0, 1.0, 0.0, 0.0, 0.0, 0.0, 0.0, 0.0, 0.0, 0.0, 0.0, 1.0, 1.0, 0.0, 0.0, 0.0, 1.0, 3.0, 1.0, 0.0, 1.0, 1.0, 0.0, 1.0, 1.0, 4.0, 0.0, 1.0, 1.0, 0.0, 0.0, 1.0, 0.0, 2.0, 0.0, 0.0, 1.0, 0.0, 1.0, 0.0, 1.0, 2.0, 0.0, 1.0, 0.0, 0.0, 0.0, 1.0, 1.0, 0.0, 0.0, 0.0, 0.0, 0.0, 0.0, 1.0], "bins": [-1.43964421749115, -1.3966386318206787, -1.3536330461502075, -1.3106274604797363, -1.2676217555999756, -1.2246161699295044, -1.1816105842590332, -1.138604998588562, -1.0955994129180908, -1.0525938272476196, -1.0095882415771484, -0.9665825963020325, -0.9235770106315613, -0.8805714249610901, -0.8375657796859741, -0.7945601940155029, -0.7515546083450317, -0.7085490226745605, -0.6655434370040894, -0.6225377917289734, -0.5795322060585022, -0.536526620388031, -0.4935210049152374, -0.45051538944244385, -0.40750980377197266, -0.36450421810150146, -0.3214986026287079, -0.2784929871559143, -0.23548740148544312, -0.19248180091381073, -0.14947620034217834, -0.10647059977054596, -0.06346511840820312, -0.02045951783657074, 0.022546082735061646, 0.06555168330669403, 0.10855728387832642, 0.1515628844499588, 0.1945684850215912, 0.23757408559322357, 0.28057968616485596, 0.32358527183532715, 0.3665908873081207, 0.4095965027809143, 0.4526020884513855, 0.4956076741218567, 0.5386133193969727, 0.5816189050674438, 0.624624490737915, 0.6676300764083862, 0.7106356620788574, 0.7536413073539734, 0.7966468930244446, 0.8396524786949158, 0.8826581239700317, 0.9256637096405029, 0.9686692953109741, 1.0116748809814453, 1.0546804666519165, 1.0976860523223877, 1.1406917572021484, 1.1836973428726196, 1.2267029285430908, 1.269708514213562, 1.3127140998840332]}, "gradients/i2h.weight": {"_type": "histogram", "values": [1.0, 0.0, 0.0, 0.0, 0.0, 1.0, 0.0, 0.0, 0.0, 1.0, 0.0, 0.0, 0.0, 0.0, 0.0, 0.0, 0.0, 0.0, 0.0, 1.0, 1.0, 0.0, 0.0, 0.0, 1.0, 3.0, 1.0, 6.0, 5.0, 13.0, 21.0, 78.0, 162.0, 545.0, 152.0, 53.0, 39.0, 17.0, 3.0, 5.0, 0.0, 2.0, 0.0, 0.0, 1.0, 0.0, 1.0, 0.0, 1.0, 2.0, 0.0, 1.0, 0.0, 0.0, 0.0, 1.0, 1.0, 0.0, 0.0, 0.0, 0.0, 0.0, 0.0, 1.0], "bins": [-4995.880859375, -4846.64208984375, -4697.4033203125, -4548.1640625, -4398.92529296875, -4249.6865234375, -4100.44775390625, -3951.208740234375, -3801.969970703125, -3652.731201171875, -3503.4921875, -3354.25341796875, -3205.0146484375, -3055.775634765625, -2906.536865234375, -2757.2978515625, -2608.05908203125, -2458.8203125, -2309.581298828125, -2160.342529296875, -2011.1036376953125, -1861.86474609375, -1712.6259765625, -1563.3870849609375, -1414.148193359375, -1264.9093017578125, -1115.67041015625, -966.431640625, -817.1927490234375, -667.953857421875, -518.7150268554688, -369.4761657714844, -220.2373046875, -70.99844360351562, 78.24041748046875, 227.47927856445312, 376.7181396484375, 525.95703125, 675.1958618164062, 824.4346923828125, 973.673583984375, 1122.9124755859375, 1272.1513671875, 1421.39013671875, 1570.6290283203125, 1719.867919921875, 1869.106689453125, 2018.3455810546875, 2167.58447265625, 2316.8232421875, 2466.062255859375, 2615.301025390625, 2764.5400390625, 2913.77880859375, 3063.017578125, 3212.256591796875, 3361.495361328125, 3510.734130859375, 3659.97314453125, 3809.2119140625, 3958.45068359375, 4107.689453125, 4256.9287109375, 4406.16748046875, 4555.40625]}, "_wandb": {"runtime": 37}}