{"loss": 61.866860707600914, "_timestamp": 1709030513.646796, "_runtime": 147.61264300346375, "_step": 245, "y loss": 1267.1966865353468}