{"train_loss": 197.51177978515625, "_timestamp": 1711624410.2356434, "_runtime": 21.08880043029785, "_step": 9999, "epoch_train_loss": 1565.0833740234375, "epoch_val_loss": 1269.1439590454102, "gradients/h2o.bias": {"_type": "histogram", "values": [1.0, 0.0, 0.0, 0.0, 0.0, 0.0, 0.0, 0.0, 0.0, 0.0, 0.0, 0.0, 0.0, 0.0, 0.0, 0.0, 0.0, 0.0, 0.0, 0.0, 0.0, 0.0, 0.0, 0.0, 0.0, 0.0, 0.0, 0.0, 0.0, 0.0, 0.0, 0.0, 0.0, 0.0, 0.0, 0.0, 0.0, 0.0, 0.0, 0.0, 0.0, 0.0, 0.0, 0.0, 0.0, 0.0, 0.0, 0.0, 0.0, 0.0, 0.0, 0.0, 0.0, 0.0, 0.0, 0.0, 0.0, 0.0, 0.0, 0.0, 0.0, 0.0, 0.0, 1.0], "bins": [8.852407455444336, 8.853229522705078, 8.85405158996582, 8.854872703552246, 8.855694770812988, 8.85651683807373, 8.857337951660156, 8.858160018920898, 8.85898208618164, 8.859804153442383, 8.860626220703125, 8.86144733428955, 8.862269401550293, 8.863091468811035, 8.863912582397461, 8.864734649658203, 8.865556716918945, 8.866378784179688, 8.86720085144043, 8.868021965026855, 8.868844032287598, 8.86966609954834, 8.870487213134766, 8.871309280395508, 8.87213134765625, 8.872953414916992, 8.873775482177734, 8.87459659576416, 8.875418663024902, 8.876240730285645, 8.87706184387207, 8.877883911132812, 8.878705978393555, 8.879528045654297, 8.880350112915039, 8.881171226501465, 8.881993293762207, 8.88281536102295, 8.883636474609375, 8.884458541870117, 8.88528060913086, 8.886102676391602, 8.886924743652344, 8.88774585723877, 8.888567924499512, 8.889389991760254, 8.89021110534668, 8.891033172607422, 8.891855239868164, 8.892677307128906, 8.893499374389648, 8.894320487976074, 8.895142555236816, 8.895964622497559, 8.896785736083984, 8.897607803344727, 8.898429870605469, 8.899251937866211, 8.900074005126953, 8.900895118713379, 8.901717185974121, 8.902539253234863, 8.903360366821289, 8.904182434082031, 8.905004501342773]}, "gradients/h2o.weight": {"_type": "histogram", "values": [2.0, 0.0, 4.0, 0.0, 0.0, 0.0, 0.0, 0.0, 0.0, 2.0, 0.0, 0.0, 2.0, 0.0, 2.0, 0.0, 2.0, 0.0, 2.0, 0.0, 0.0, 2.0, 0.0, 0.0, 2.0, 0.0, 2.0, 2.0, 0.0, 6.0, 4.0, 0.0, 2.0, 0.0, 0.0, 2.0, 0.0, 6.0, 0.0, 4.0, 0.0, 6.0, 1.0, 1.0, 0.0, 4.0, 0.0, 0.0, 0.0, 0.0, 0.0, 0.0, 0.0, 0.0, 0.0, 0.0, 0.0, 2.0, 0.0, 0.0, 0.0, 0.0, 0.0, 2.0], "bins": [-3972.28173828125, -3844.8994140625, -3717.51708984375, -3590.135009765625, -3462.752685546875, -3335.370361328125, -3207.988037109375, -3080.60595703125, -2953.2236328125, -2825.84130859375, -2698.458984375, -2571.07666015625, -2443.694580078125, -2316.312255859375, -2188.929931640625, -2061.547607421875, -1934.1654052734375, -1806.7830810546875, -1679.40087890625, -1552.0185546875, -1424.6363525390625, -1297.2540283203125, -1169.871826171875, -1042.489501953125, -915.1072387695312, -787.7249755859375, -660.3427124023438, -532.96044921875, -405.5781555175781, -278.1958923339844, -150.81361389160156, -23.43134307861328, 103.950927734375, 231.33319091796875, 358.7154541015625, 486.0977478027344, 613.47998046875, 740.8623046875, 868.2445678710938, 995.6268310546875, 1123.009033203125, 1250.391357421875, 1377.773681640625, 1505.1558837890625, 1632.5382080078125, 1759.92041015625, 1887.302734375, 2014.6849365234375, 2142.0673828125, 2269.449462890625, 2396.831787109375, 2524.214111328125, 2651.596435546875, 2778.978515625, 2906.36083984375, 3033.7431640625, 3161.12548828125, 3288.5078125, 3415.889892578125, 3543.272216796875, 3670.654541015625, 3798.036865234375, 3925.4189453125, 4052.80126953125, 4180.18359375]}, "gradients/i2h.bias": {"_type": "histogram", "values": [1.0, 0.0, 0.0, 0.0, 0.0, 1.0, 0.0, 0.0, 0.0, 1.0, 0.0, 0.0, 1.0, 0.0, 0.0, 0.0, 0.0, 0.0, 1.0, 1.0, 0.0, 3.0, 1.0, 1.0, 0.0, 0.0, 0.0, 1.0, 0.0, 1.0, 2.0, 1.0, 1.0, 1.0, 0.0, 1.0, 0.0, 0.0, 1.0, 2.0, 0.0, 0.0, 2.0, 1.0, 0.0, 2.0, 2.0, 1.0, 0.0, 0.0, 0.0, 0.0, 0.0, 0.0, 0.0, 0.0, 0.0, 0.0, 0.0, 0.0, 1.0, 0.0, 0.0, 1.0], "bins": [-3.0931427478790283, -2.991706371307373, -2.890270233154297, -2.7888338565826416, -2.6873977184295654, -2.58596134185791, -2.484525203704834, -2.3830888271331787, -2.2816524505615234, -2.1802163124084473, -2.078779935836792, -1.9773437976837158, -1.8759074211120605, -1.7744711637496948, -1.673034906387329, -1.5715986490249634, -1.4701623916625977, -1.368726134300232, -1.2672898769378662, -1.1658536195755005, -1.0644173622131348, -0.9629810452461243, -0.8615447282791138, -0.760108470916748, -0.6586722135543823, -0.5572359561920166, -0.4557996690273285, -0.3543633818626404, -0.25292712450027466, -0.15149085223674774, -0.050054579973220825, 0.05138169229030609, 0.152817964553833, 0.25425422191619873, 0.35569050908088684, 0.45712679624557495, 0.5585630536079407, 0.6599993109703064, 0.7614356279373169, 0.8628718852996826, 0.9643081426620483, 1.065744400024414, 1.1671806573867798, 1.2686169147491455, 1.3700532913208008, 1.4714895486831665, 1.5729258060455322, 1.674362063407898, 1.7757983207702637, 1.8772345781326294, 1.9786708354949951, 2.0801072120666504, 2.1815433502197266, 2.282979726791382, 2.384415864944458, 2.4858522415161133, 2.5872883796691895, 2.6887247562408447, 2.7901611328125, 2.891597270965576, 2.9930336475372314, 3.0944697856903076, 3.195906162261963, 3.297342300415039, 3.3987786769866943]}, "gradients/i2h.weight": {"_type": "histogram", "values": [1.0, 0.0, 0.0, 0.0, 0.0, 1.0, 0.0, 0.0, 0.0, 1.0, 0.0, 0.0, 1.0, 0.0, 0.0, 0.0, 0.0, 0.0, 1.0, 1.0, 0.0, 3.0, 1.0, 1.0, 0.0, 4.0, 4.0, 13.0, 48.0, 155.0, 634.0, 173.0, 41.0, 16.0, 4.0, 3.0, 1.0, 0.0, 1.0, 2.0, 0.0, 0.0, 2.0, 1.0, 0.0, 2.0, 2.0, 1.0, 0.0, 0.0, 0.0, 0.0, 0.0, 0.0, 0.0, 0.0, 0.0, 0.0, 0.0, 0.0, 1.0, 0.0, 0.0, 1.0], "bins": [-8878.4423828125, -8587.283203125, -8296.125, -8004.9658203125, -7713.806640625, -7422.6474609375, -7131.48876953125, -6840.330078125, -6549.1708984375, -6258.01171875, -5966.85302734375, -5675.6943359375, -5384.53515625, -5093.3759765625, -4802.21728515625, -4511.05859375, -4219.8994140625, -3928.740478515625, -3637.58154296875, -3346.422607421875, -3055.263671875, -2764.104736328125, -2472.94580078125, -2181.786865234375, -1890.6279296875, -1599.468994140625, -1308.31005859375, -1017.151123046875, -725.9921875, -434.833251953125, -143.67431640625, 147.484619140625, 438.642578125, 729.801513671875, 1020.96044921875, 1312.119384765625, 1603.2783203125, 1894.437255859375, 2185.59619140625, 2476.755126953125, 2767.9140625, 3059.072998046875, 3350.23193359375, 3641.390869140625, 3932.5498046875, 4223.708984375, 4514.86767578125, 4806.0263671875, 5097.185546875, 5388.3447265625, 5679.50341796875, 5970.662109375, 6261.8212890625, 6552.98046875, 6844.13916015625, 7135.2978515625, 7426.45703125, 7717.6162109375, 8008.77490234375, 8299.93359375, 8591.0927734375, 8882.251953125, 9173.41015625, 9464.5693359375, 9755.728515625]}, "_wandb": {"runtime": 27}}