{"train_loss": 228.38291931152344, "_timestamp": 1712140068.360404, "_runtime": 58.05963897705078, "_step": 14999, "epoch_train_loss": 208.6869659423828, "epoch_val_loss": 226.15850830078125, "gradients/h2o.bias": {"_type": "histogram", "values": [1.0, 0.0, 0.0, 0.0, 0.0, 0.0, 0.0, 0.0, 0.0, 0.0, 0.0, 0.0, 0.0, 0.0, 0.0, 0.0, 0.0, 0.0, 0.0, 0.0, 0.0, 0.0, 0.0, 0.0, 0.0, 0.0, 0.0, 0.0, 0.0, 0.0, 0.0, 0.0, 0.0, 0.0, 0.0, 0.0, 0.0, 0.0, 0.0, 0.0, 0.0, 0.0, 0.0, 0.0, 0.0, 0.0, 0.0, 0.0, 0.0, 0.0, 0.0, 0.0, 0.0, 0.0, 0.0, 0.0, 0.0, 0.0, 0.0, 0.0, 0.0, 0.0, 0.0, 1.0], "bins": [-27.939056396484375, -27.693876266479492, -27.448698043823242, -27.20351791381836, -26.958337783813477, -26.713159561157227, -26.467979431152344, -26.22279930114746, -25.97762107849121, -25.732440948486328, -25.487262725830078, -25.242082595825195, -24.996902465820312, -24.751724243164062, -24.50654411315918, -24.261363983154297, -24.016185760498047, -23.771005630493164, -23.52582550048828, -23.28064727783203, -23.03546714782715, -22.790287017822266, -22.545108795166016, -22.299928665161133, -22.05474853515625, -21.8095703125, -21.564390182495117, -21.319210052490234, -21.074031829833984, -20.8288516998291, -20.58367156982422, -20.33849334716797, -20.093313217163086, -19.848133087158203, -19.602954864501953, -19.35777473449707, -19.112594604492188, -18.867416381835938, -18.622236251831055, -18.377056121826172, -18.131877899169922, -17.88669776916504, -17.641517639160156, -17.396339416503906, -17.151159286499023, -16.90597915649414, -16.66080093383789, -16.415620803833008, -16.170440673828125, -15.925262451171875, -15.680082321166992, -15.434903144836426, -15.18972396850586, -14.944543838500977, -14.69936466217041, -14.454185485839844, -14.209005355834961, -13.963826179504395, -13.718647003173828, -13.473466873168945, -13.228287696838379, -12.983108520507812, -12.737929344177246, -12.492749214172363, -12.247570037841797]}, "gradients/h2o.weight": {"_type": "histogram", "values": [1.0, 0.0, 0.0, 0.0, 2.0, 1.0, 0.0, 1.0, 1.0, 1.0, 1.0, 0.0, 1.0, 2.0, 1.0, 4.0, 2.0, 6.0, 6.0, 4.0, 3.0, 5.0, 26.0, 12.0, 9.0, 4.0, 38.0, 8.0, 6.0, 4.0, 34.0, 2.0, 0.0, 12.0, 23.0, 1.0, 3.0, 7.0, 4.0, 1.0, 5.0, 3.0, 3.0, 0.0, 2.0, 0.0, 0.0, 0.0, 1.0, 0.0, 2.0, 1.0, 0.0, 1.0, 0.0, 0.0, 0.0, 0.0, 0.0, 0.0, 0.0, 1.0, 0.0, 1.0], "bins": [-142.8520050048828, -137.8297882080078, -132.80758666992188, -127.78536987304688, -122.76315307617188, -117.7409439086914, -112.71873474121094, -107.69651794433594, -102.67430877685547, -97.652099609375, -92.6298828125, -87.60767364501953, -82.58546447753906, -77.56324768066406, -72.5410385131836, -67.5188217163086, -62.496612548828125, -57.474403381347656, -52.452186584472656, -47.42997741699219, -42.40776062011719, -37.38555145263672, -32.36334228515625, -27.34112548828125, -22.31891632080078, -17.296707153320312, -12.274490356445312, -7.2522735595703125, -2.230072021484375, 2.792144775390625, 7.814361572265625, 12.836563110351562, 17.8587646484375, 22.8809814453125, 27.903182983398438, 32.92539978027344, 37.94761657714844, 42.969818115234375, 47.992034912109375, 53.014251708984375, 58.036460876464844, 63.05867004394531, 68.08088684082031, 73.10309600830078, 78.12530517578125, 83.14752197265625, 88.16973114013672, 93.19194793701172, 98.21415710449219, 103.23636627197266, 108.25858306884766, 113.28079223632812, 118.30300903320312, 123.3252182006836, 128.34742736816406, 133.36964416503906, 138.391845703125, 143.4140625, 148.436279296875, 153.45849609375, 158.48069763183594, 163.50291442871094, 168.52513122558594, 173.54733276367188, 178.56954956054688]}, "gradients/rnn_cell.bias_hh": {"_type": "histogram", "values": [1.0, 0.0, 0.0, 0.0, 0.0, 0.0, 0.0, 0.0, 0.0, 0.0, 0.0, 0.0, 0.0, 0.0, 0.0, 0.0, 0.0, 0.0, 0.0, 0.0, 0.0, 0.0, 0.0, 0.0, 4.0, 7.0, 348.0, 12.0, 4.0, 3.0, 0.0, 2.0, 1.0, 0.0, 0.0, 1.0, 0.0, 0.0, 0.0, 0.0, 0.0, 0.0, 0.0, 0.0, 0.0, 0.0, 0.0, 0.0, 0.0, 0.0, 0.0, 0.0, 0.0, 0.0, 0.0, 0.0, 0.0, 0.0, 0.0, 0.0, 0.0, 0.0, 0.0, 1.0], "bins": [-20.687618255615234, -19.904132843017578, -19.12064552307129, -18.337160110473633, -17.553674697875977, -16.770187377929688, -15.986701965332031, -15.203215599060059, -14.419729232788086, -13.63624382019043, -12.852757453918457, -12.069271087646484, -11.285785675048828, -10.502299308776855, -9.718812942504883, -8.935327529907227, -8.151841163635254, -7.368354797363281, -6.584869384765625, -5.801383018493652, -5.01789665222168, -4.234411239624023, -3.4509239196777344, -2.667438507080078, -1.8839530944824219, -1.1004657745361328, -0.31698036193847656, 0.4665050506591797, 1.2499923706054688, 2.033477783203125, 2.8169631958007812, 3.6004505157470703, 4.383935928344727, 5.167421340942383, 5.950908660888672, 6.734394073486328, 7.517879486083984, 8.301366806030273, 9.08485221862793, 9.868337631225586, 10.651824951171875, 11.435310363769531, 12.218795776367188, 13.002283096313477, 13.785768508911133, 14.569254875183105, 15.352741241455078, 16.136226654052734, 16.91971206665039, 17.70319938659668, 18.486684799194336, 19.270172119140625, 20.05365753173828, 20.837142944335938, 21.620628356933594, 22.404115676879883, 23.18760108947754, 23.971088409423828, 24.754573822021484, 25.53805923461914, 26.32154655456543, 27.105031967163086, 27.888517379760742, 28.67200469970703, 29.455490112304688]}, "gradients/rnn_cell.weight_hh": {"_type": "histogram", "values": [1.0, 0.0, 0.0, 0.0, 1.0, 2.0, 0.0, 0.0, 2.0, 2.0, 2.0, 1.0, 6.0, 25.0, 5.0, 4.0, 6.0, 4.0, 8.0, 9.0, 18.0, 9.0, 18.0, 5.0, 17.0, 69.0, 111.0, 152.0, 1098.0, 46438.0, 721.0, 144.0, 69.0, 64.0, 17.0, 12.0, 9.0, 11.0, 14.0, 11.0, 6.0, 3.0, 4.0, 3.0, 4.0, 35.0, 1.0, 2.0, 2.0, 0.0, 4.0, 0.0, 0.0, 1.0, 0.0, 0.0, 1.0, 0.0, 0.0, 0.0, 0.0, 0.0, 0.0, 1.0], "bins": [-52.58724594116211, -50.79772186279297, -49.008201599121094, -47.21868133544922, -45.42915725708008, -43.63963317871094, -41.85011291503906, -40.06059265136719, -38.27106857299805, -36.481544494628906, -34.69202423095703, -32.902503967285156, -31.112979888916016, -29.323457717895508, -27.533935546875, -25.744413375854492, -23.954891204833984, -22.165369033813477, -20.37584686279297, -18.586322784423828, -16.796802520751953, -15.007282257080078, -13.217758178710938, -11.428234100341797, -9.638713836669922, -7.849193572998047, -6.059669494628906, -4.270145416259766, -2.4806251525878906, -0.6911048889160156, 1.098419189453125, 2.8879432678222656, 4.677459716796875, 6.46697998046875, 8.25650405883789, 10.046028137207031, 11.835548400878906, 13.625068664550781, 15.414592742919922, 17.204116821289062, 18.993637084960938, 20.783157348632812, 22.572681427001953, 24.362205505371094, 26.15172576904297, 27.941246032714844, 29.730770111083984, 31.520292282104492, 33.309814453125, 35.099334716796875, 36.888858795166016, 38.678382873535156, 40.46790313720703, 42.257423400878906, 44.04694747924805, 45.83647155761719, 47.62599182128906, 49.41551208496094, 51.20503616333008, 52.99456024169922, 54.784080505371094, 56.57360076904297, 58.36312484741211, 60.15264892578125, 61.942169189453125]}, "gradients/rnn_cell.bias_ih": {"_type": "histogram", "values": [1.0, 0.0, 0.0, 0.0, 0.0, 0.0, 0.0, 0.0, 0.0, 0.0, 0.0, 0.0, 0.0, 0.0, 0.0, 0.0, 0.0, 0.0, 0.0, 0.0, 0.0, 1.0, 0.0, 1.0, 1.0, 0.0, 3.0, 12.0, 344.0, 10.0, 4.0, 2.0, 1.0, 2.0, 0.0, 0.0, 1.0, 0.0, 0.0, 0.0, 0.0, 0.0, 0.0, 0.0, 0.0, 0.0, 0.0, 0.0, 0.0, 0.0, 0.0, 0.0, 0.0, 0.0, 0.0, 0.0, 0.0, 0.0, 0.0, 0.0, 0.0, 0.0, 0.0, 1.0],