{"train_loss": 216206.765625, "_timestamp": 1712224361.626722, "_runtime": 11.180575132369995, "_step": 2372, "epoch_train_loss": 183163.375, "epoch_val_loss": 23984.337890625}