{"train_loss": 42.221153259277344, "_timestamp": 1712140726.305307, "_runtime": 86.21770095825195, "_step": 1314, "epoch_train_loss": 422.1888732910156, "epoch_val_loss": 417.2369728088379, "gradients/h2o.bias": {"_type": "histogram", "values": [1.0, 0.0, 0.0, 0.0, 0.0, 0.0, 0.0, 0.0, 0.0, 0.0, 0.0, 0.0, 1.0, 0.0, 0.0, 0.0, 0.0, 0.0, 0.0, 0.0, 0.0, 0.0, 0.0, 0.0, 0.0, 0.0, 1.0, 0.0, 0.0, 0.0, 0.0, 0.0, 0.0, 0.0, 0.0, 0.0, 0.0, 0.0, 0.0, 0.0, 0.0, 0.0, 0.0, 0.0, 0.0, 0.0, 0.0, 0.0, 0.0, 0.0, 0.0, 0.0, 0.0, 0.0, 0.0, 0.0, 0.0, 0.0, 0.0, 0.0, 0.0, 0.0, 0.0, 1.0], "bins": [-17.678470611572266, -17.37281036376953, -17.067150115966797, -16.761489868164062, -16.455829620361328, -16.150169372558594, -15.844508171081543, -15.538847923278809, -15.233186721801758, -14.927526473999023, -14.621866226196289, -14.316205978393555, -14.01054573059082, -13.704885482788086, -13.399225234985352, -13.0935640335083, -12.787903785705566, -12.482243537902832, -12.176582336425781, -11.870922088623047, -11.565261840820312, -11.259601593017578, -10.953941345214844, -10.64828109741211, -10.342620849609375, -10.03696060180664, -9.73129940032959, -9.425639152526855, -9.119978904724121, -8.814318656921387, -8.508657455444336, -8.202997207641602, -7.897336483001709, -7.591676235198975, -7.28601598739624, -6.9803547859191895, -6.674694538116455, -6.369034290313721, -6.063374042510986, -5.757713317871094, -5.452053070068359, -5.146392822265625, -4.840732097625732, -4.535071849822998, -4.229411602020264, -3.923750877380371, -3.6180906295776367, -3.312429904937744, -3.0067696571350098, -2.7011094093322754, -2.395448684692383, -2.0897884368896484, -1.784127950668335, -1.4784674644470215, -1.172807216644287, -0.8671467304229736, -0.5614862442016602, -0.2558257579803467, 0.049834609031677246, 0.35549497604370117, 0.6611554622650146, 0.9668158888816833, 1.272476315498352, 1.578136682510376, 1.8837971687316895]}, "gradients/h2o.weight": {"_type": "histogram", "values": [1.0, 0.0, 2.0, 0.0, 1.0, 2.0, 0.0, 0.0, 2.0, 0.0, 3.0, 3.0, 4.0, 3.0, 4.0, 0.0, 7.0, 4.0, 8.0, 31.0, 4.0, 9.0, 31.0, 5.0, 37.0, 12.0, 8.0, 11.0, 5.0, 49.0, 7.0, 38.0, 12.0, 8.0, 5.0, 10.0, 46.0, 6.0, 44.0, 2.0, 9.0, 43.0, 4.0, 6.0, 4.0, 3.0, 5.0, 1.0, 2.0, 1.0, 2.0, 1.0, 1.0, 1.0, 0.0, 1.0, 0.0, 1.0, 1.0, 1.0, 0.0, 0.0, 0.0, 1.0], "bins": [-50.37445068359375, -48.71895217895508, -47.06345748901367, -45.407958984375, -43.752464294433594, -42.09696578979492, -40.44146728515625, -38.785972595214844, -37.13047790527344, -35.474979400634766, -33.819480895996094, -32.16398620605469, -30.508487701416016, -28.852991104125977, -27.197494506835938, -25.5419979095459, -23.88650131225586, -22.23100471496582, -20.57550811767578, -18.920011520385742, -17.264514923095703, -15.609016418457031, -13.953521728515625, -12.298023223876953, -10.642524719238281, -8.987030029296875, -7.331531524658203, -5.676036834716797, -4.020538330078125, -2.3650436401367188, -0.7095451354980469, 0.9459495544433594, 2.6014480590820312, 4.256946563720703, 5.912441253662109, 7.567939758300781, 9.223434448242188, 10.87893295288086, 12.534427642822266, 14.189926147460938, 15.845420837402344, 17.500919342041016, 19.156417846679688, 20.811912536621094, 22.467411041259766, 24.122907638549805, 25.778404235839844, 27.433900833129883, 29.089397430419922, 30.74489402770996, 32.400390625, 34.055885314941406, 35.71138381958008, 37.36688232421875, 39.022377014160156, 40.67787551879883, 42.3333740234375, 43.988868713378906, 45.64436340332031, 47.299861907958984, 48.955360412597656, 50.61085510253906, 52.266353607177734, 53.92184829711914, 55.57734680175781]}, "gradients/rnn_cell.bias_hh": {"_type": "histogram", "values": [1.0, 0.0, 0.0, 0.0, 0.0, 0.0, 0.0, 0.0, 0.0, 0.0, 0.0, 2.0, 0.0, 0.0, 0.0, 0.0, 0.0, 0.0, 0.0, 0.0, 0.0, 0.0, 1.0, 0.0, 0.0, 0.0, 1.0, 2.0, 376.0, 0.0, 0.0, 0.0, 0.0, 0.0, 0.0, 0.0, 0.0, 0.0, 0.0, 0.0, 0.0, 0.0, 0.0, 0.0, 0.0, 0.0, 0.0, 0.0, 0.0, 0.0, 0.0, 0.0, 0.0, 0.0, 0.0, 0.0, 0.0, 0.0, 0.0, 0.0, 0.0, 0.0, 0.0, 1.0], "bins": [-0.39832961559295654, -0.3841303288936615, -0.36993104219436646, -0.3557317852973938, -0.34153249859809875, -0.3273332118988037, -0.31313392519950867, -0.2989346385002136, -0.2847353518009186, -0.27053606510162354, -0.2563368082046509, -0.24213750660419464, -0.2279382348060608, -0.21373894810676575, -0.1995396614074707, -0.18534038960933685, -0.1711411029100418, -0.15694181621074677, -0.14274254441261292, -0.12854325771331787, -0.11434397101402283, -0.10014468431472778, -0.08594539761543274, -0.07174614071846008, -0.05754685401916504, -0.043347567319869995, -0.02914828062057495, -0.014948993921279907, -0.0007497072219848633, 0.013449549674987793, 0.027648836374282837, 0.04184812307357788, 0.056047409772872925, 0.07024669647216797, 0.08444598317146301, 0.09864526987075806, 0.11284452676773071, 0.12704381346702576, 0.1412431001663208, 0.15544238686561584, 0.1696416735649109, 0.18384096026420593, 0.1980402171611786, 0.21223950386047363, 0.22643879055976868, 0.24063807725906372, 0.25483736395835876, 0.2690366506576538, 0.28323590755462646, 0.2974352240562439, 0.31163448095321655, 0.3258337676525116, 0.34003305435180664, 0.3542323112487793, 0.36843162775039673, 0.3826308846473694, 0.39683017134666443, 0.4110294580459595, 0.4252287447452545, 0.43942803144454956, 0.4536273181438446, 0.46782660484313965, 0.4820258617401123, 0.49622514843940735, 0.5104244351387024]}, "gradients/rnn_cell.weight_hh": {"_type": "histogram", "values": [1.0, 0.0, 0.0, 0.0, 1.0, 0.0, 1.0, 1.0, 0.0, 1.0, 1.0, 0.0, 1.0, 1.0, 0.0, 2.0, 1.0, 2.0, 2.0, 0.0, 1.0, 2.0, 6.0, 1.0, 47.0, 6.0, 37.0, 8.0, 9.0, 66.0, 27.0, 24.0, 55.0, 110.0, 48375.0, 80.0, 28.0, 16.0, 97.0, 15.0, 7.0, 47.0, 5.0, 32.0, 3.0, 2.0, 8.0, 4.0, 1.0, 3.0, 0.0, 3.0, 1.0, 1.0, 4.0, 2.0, 1.0, 1.0, 0.0, 0.0, 0.0, 0.0, 0.0, 2.0], "bins": [-1.848514437675476, -1.7945337295532227, -1.7405529022216797, -1.6865721940994263, -1.6325914859771729, -1.5786106586456299, -1.5246299505233765, -1.470649242401123, -1.41666841506958, -1.3626877069473267, -1.3087069988250732, -1.2547261714935303, -1.2007454633712769, -1.1467647552490234, -1.0927839279174805, -1.0388033390045166, -0.9848225116729736, -0.9308417439460754, -0.876861035823822, -0.8228802680969238, -0.7688995599746704, -0.7149187326431274, -0.660938024520874, -0.6069573163986206, -0.5529764890670776, -0.4989957809448242, -0.4450150728225708, -0.3910343647003174, -0.3370535373687744, -0.283072829246521, -0.22909212112426758, -0.1751112937927246, -0.12113070487976074, -0.06714999675750732, -0.013169169425964355, 0.04081153869628906, 0.09479224681854248, 0.14877307415008545, 0.20275378227233887, 0.2567344903945923, 0.3107151985168457, 0.36469602584838867, 0.4186767339706421, 0.4726574420928955, 0.5266382694244385, 0.5806189775466919, 0.6345997452735901, 0.6885804533958435, 0.7425612211227417, 0.7965419888496399, 0.8505226969718933, 0.9045034646987915, 0.9584841728210449, 1.012465000152588, 1.0664457082748413, 1.1204264163970947, 1.1744072437286377, 1.2283879518508911, 1.2823686599731445, 1.3363494873046875, 1.390330195426941, 1.4443109035491943, 1.4982916116714478, 1.5522724390029907, 1.6062531471252441]}, "gradients/rnn_cell.bias_ih": {"_type": "histogram", "values": [1.0, 0.0, 0.0, 0.0, 0.0, 0.0, 0.0, 0.0, 0.0, 0.0, 0.0, 2.0, 0.0, 0.0, 0.0, 0.0, 0.0, 0.0, 0.0, 0.0, 0.0, 0.0, 1.0, 0.0, 0.0, 0.0, 1.0, 2.0, 375.0, 0.0, 0.0, 0.0, 0.0, 0.0, 0.0, 0.0, 0.0, 0.0, 0.0, 1.0, 0.0, 0.0, 0.0, 0.0, 0.0, 0.0, 0.0, 0.0, 0.0, 0.0, 0.0, 0.0, 0.0, 0.0, 0.0, 0.0, 0.0, 0.0, 0.0, 0.0, 0.0, 0.0, 0.0, 1.0],