{"train_loss": 29.40304183959961, "_timestamp": 1712140535.916787, "_runtime": 108.8726749420166, "_step": 1648, "epoch_train_loss": 294.02886962890625, "epoch_val_loss": 297.1324062347412, "gradients/h2o.bias": {"_type": "histogram", "values": [1.0, 0.0, 0.0, 0.0, 0.0, 0.0, 0.0, 0.0, 0.0, 0.0, 0.0, 0.0, 0.0, 0.0, 0.0, 0.0, 0.0, 0.0, 0.0, 0.0, 0.0, 0.0, 0.0, 0.0, 0.0, 0.0, 0.0, 0.0, 0.0, 0.0, 0.0, 0.0, 0.0, 0.0, 0.0, 0.0, 0.0, 0.0, 0.0, 0.0, 0.0, 1.0, 0.0, 0.0, 0.0, 0.0, 1.0, 0.0, 0.0, 0.0, 0.0, 0.0, 0.0, 0.0, 0.0, 0.0, 0.0, 0.0, 0.0, 0.0, 0.0, 0.0, 0.0, 1.0], "bins": [-21.693248748779297, -21.221416473388672, -20.749584197998047, -20.277751922607422, -19.805919647216797, -19.334087371826172, -18.862255096435547, -18.390422821044922, -17.918590545654297, -17.446758270263672, -16.974925994873047, -16.50309181213379, -16.031259536743164, -15.559427261352539, -15.087594985961914, -14.615762710571289, -14.143930435180664, -13.672098159790039, -13.200265884399414, -12.728433609008789, -12.256601333618164, -11.784768104553223, -11.312935829162598, -10.841103553771973, -10.369271278381348, -9.897439002990723, -9.425606727600098, -8.953774452209473, -8.481941223144531, -8.010108947753906, -7.538276672363281, -7.066444396972656, -6.594612121582031, -6.122779846191406, -5.650947570800781, -5.179115295410156, -4.707283020019531, -4.23544979095459, -3.763617515563965, -3.29178524017334, -2.819952964782715, -2.34812068939209, -1.8762884140014648, -1.4044561386108398, -0.9326229095458984, -0.46079063415527344, 0.011041641235351562, 0.48287391662597656, 0.9547061920166016, 1.4265384674072266, 1.8983707427978516, 2.3702034950256348, 2.8420357704162598, 3.3138680458068848, 3.785700798034668, 4.257533073425293, 4.729365348815918, 5.201197624206543, 5.673029899597168, 6.144862651824951, 6.616694927215576, 7.088527202606201, 7.560359954833984, 8.03219223022461, 8.504024505615234]}, "gradients/h2o.weight": {"_type": "histogram", "values": [1.0, 0.0, 0.0, 2.0, 1.0, 0.0, 3.0, 0.0, 5.0, 3.0, 35.0, 5.0, 4.0, 2.0, 3.0, 4.0, 7.0, 3.0, 5.0, 10.0, 7.0, 3.0, 10.0, 35.0, 4.0, 4.0, 4.0, 7.0, 17.0, 41.0, 6.0, 37.0, 45.0, 37.0, 4.0, 3.0, 8.0, 7.0, 6.0, 5.0, 40.0, 6.0, 0.0, 6.0, 4.0, 5.0, 3.0, 4.0, 3.0, 5.0, 4.0, 1.0, 33.0, 6.0, 3.0, 1.0, 1.0, 0.0, 0.0, 0.0, 1.0, 2.0, 0.0, 1.0], "bins": [-33.07019805908203, -32.0317497253418, -30.993297576904297, -29.954849243164062, -28.916399002075195, -27.877948760986328, -26.83949851989746, -25.801048278808594, -24.76259994506836, -23.72414779663086, -22.685699462890625, -21.647249221801758, -20.60879898071289, -19.570350646972656, -18.531898498535156, -17.493450164794922, -16.454999923706055, -15.416549682617188, -14.37809944152832, -13.339651107788086, -12.301200866699219, -11.262750625610352, -10.224300384521484, -9.185850143432617, -8.14739990234375, -7.108951568603516, -6.070501327514648, -5.032051086425781, -3.993600845336914, -2.955150604248047, -1.9167022705078125, -0.8782501220703125, 0.16019821166992188, 1.1986465454101562, 2.2370986938476562, 3.2755470275878906, 4.313997268676758, 5.352447509765625, 6.390897750854492, 7.429347991943359, 8.467796325683594, 9.506246566772461, 10.544696807861328, 11.583147048950195, 12.621597290039062, 13.66004753112793, 14.698495864868164, 15.736946105957031, 16.7753963470459, 17.813846588134766, 18.852294921875, 19.8907470703125, 20.929195404052734, 21.9676456451416, 23.00609588623047, 24.044544219970703, 25.082996368408203, 26.121444702148438, 27.159894943237305, 28.198345184326172, 29.23679542541504, 30.275245666503906, 31.31369400024414, 32.35214614868164, 33.390594482421875]}, "gradients/rnn_cell.bias_hh": {"_type": "histogram", "values": [1.0, 0.0, 0.0, 0.0, 0.0, 0.0, 0.0, 0.0, 0.0, 0.0, 0.0, 0.0, 0.0, 0.0, 0.0, 0.0, 0.0, 0.0, 0.0, 2.0, 4.0, 341.0, 27.0, 3.0, 0.0, 1.0, 2.0, 1.0, 0.0, 0.0, 0.0, 0.0, 1.0, 0.0, 0.0, 0.0, 0.0, 0.0, 0.0, 0.0, 0.0, 0.0, 0.0, 0.0, 0.0, 0.0, 0.0, 0.0, 0.0, 0.0, 0.0, 0.0, 0.0, 0.0, 0.0, 0.0, 0.0, 0.0, 0.0, 0.0, 0.0, 0.0, 0.0, 1.0], "bins": [-0.1504487544298172, -0.14357046782970428, -0.13669218122959137, -0.12981389462947845, -0.12293560057878494, -0.11605731397867203, -0.10917901992797852, -0.1023007333278656, -0.09542244672775269, -0.08854416012763977, -0.08166587352752686, -0.07478757947683334, -0.06790929287672043, -0.06103100627660751, -0.054152712225914, -0.047274425625801086, -0.04039613902568817, -0.033517852425575256, -0.02663956582546234, -0.019761279225349426, -0.012882992625236511, -0.006004691123962402, 0.0008735954761505127, 0.007751882076263428, 0.014630168676376343, 0.021508455276489258, 0.028386741876602173, 0.03526502847671509, 0.0421433299779892, 0.04902161657810211, 0.05589990317821503, 0.06277818977832794, 0.06965646147727966, 0.07653474807739258, 0.0834130346775055, 0.09029132127761841, 0.09716960787773132, 0.10404790937900543, 0.11092619597911835, 0.11780448257923126, 0.12468276917934418, 0.1315610557794571, 0.13843934237957, 0.14531762897968292, 0.15219593048095703, 0.15907421708106995, 0.16595250368118286, 0.17283079028129578, 0.1797090768814087, 0.1865873634815216, 0.19346565008163452, 0.20034393668174744, 0.20722222328186035, 0.21410050988197327, 0.22097881138324738, 0.2278570979833603, 0.2347353845834732, 0.24161367118358612, 0.24849195778369904, 0.25537025928497314, 0.26224854588508606, 0.269126832485199, 0.2760051190853119, 0.2828834056854248, 0.2897616922855377]}, "gradients/rnn_cell.weight_hh": {"_type": "histogram", "values": [1.0, 0.0, 0.0, 0.0, 0.0, 0.0, 0.0, 1.0, 0.0, 1.0, 31.0, 1.0, 0.0, 3.0, 3.0, 0.0, 3.0, 1.0, 4.0, 3.0, 4.0, 38.0, 1.0, 6.0, 4.0, 2.0, 6.0, 36.0, 20.0, 25.0, 74.0, 164.0, 658.0, 47249.0, 433.0, 133.0, 47.0, 20.0, 18.0, 47.0, 5.0, 7.0, 6.0, 3.0, 9.0, 25.0, 4.0, 3.0, 2.0, 1.0, 3.0, 3.0, 1.0, 2.0, 1.0, 29.0, 6.0, 1.0, 0.0, 0.0, 0.0, 1.0, 0.0, 3.0], "bins": [-0.4282500743865967, -0.415433406829834, -0.4026167392730713, -0.3898000717163086, -0.3769834041595459, -0.3641667366027832, -0.3513500392436981, -0.3385333716869354, -0.32571670413017273, -0.31290003657341003, -0.30008336901664734, -0.28726667165756226, -0.27445000410079956, -0.26163333654403687, -0.24881666898727417, -0.23600000143051147, -0.22318333387374878, -0.21036666631698608, -0.1975499987602234, -0.1847333163022995, -0.171916663646698, -0.15909996628761292, -0.14628329873085022, -0.13346663117408752, -0.12064996361732483, -0.10783329606056213, -0.09501662850379944, -0.08219996094703674, -0.06938326358795166, -0.056566596031188965, -0.04374992847442627, -0.030933260917663574, -0.018116623163223267, -0.005299955606460571, 0.007516711950302124, 0.02033337950706482, 0.033150047063827515, 0.0459667444229126, 0.05878341197967529, 0.07160007953643799, 0.08441674709320068, 0.09723341464996338, 0.11005008220672607, 0.12286674976348877, 0.13568344712257385, 0.14850009977817535, 0.16131678223609924, 0.17413344979286194, 0.18695011734962463, 0.19976678490638733, 0.21258345246315002, 0.2254001349210739, 0.2382168024778366, 0.2510334849357605, 0.2638501524925232, 0.2766668200492859, 0.2894834876060486, 0.3023001551628113, 0.315116822719574, 0.32793349027633667, 0.34075015783309937, 0.35356685519218445, 0.36638352274894714, 0.37920019030570984, 0.39201685786247253]}, "gradients/rnn_cell.bias_ih": {"_type": "histogram", "values": [1.0, 0.0, 0.0, 0.0, 0.0, 0.0, 0.0, 0.0, 0.0, 1.0, 0.0, 0.0, 0.0, 0.0, 0.0, 0.0, 0.0, 0.0, 0.0, 2.0, 5.0, 331.0, 31.0, 5.0, 0.0, 3.0, 2.0, 1.0, 0.0, 0.0, 0.0, 0.0, 1.0, 0.0, 0.0, 0.0, 0.0, 0.0, 0.0, 0.0, 0.0, 0.0, 0.0, 0.0, 0.0, 0.0, 0.0, 0.0, 0.0, 0.0, 0.0, 0.0, 0.0, 0.0, 0.0, 0.0, 0.0, 0.0, 0.0, 0.0, 0.0, 0.0, 0.0, 1.0],