{"loss": 1377.7607085108757, "_timestamp": 1709028460.703295, "_runtime": 167.71998405456543, "_step": 2062, "y loss": 1233.5363754034042, "avg_loss": 59.32062244415283, "avg_y_loss": 1215.2059836387634, "val_loss": 63.21341426555927}