{"loss": 4149.792587161064, "_timestamp": 1709027964.7856262, "_runtime": 276.0804591178894, "_step": 2901, "y loss": 1248.0169024149577, "avg_loss": 60.47051081061363, "avg_y_loss": 1238.6318702697754, "val_loss": 62.68922742207845}