{"train_loss": 2811.895263671875, "_timestamp": 1711624353.3518045, "_runtime": 21.41890549659729, "_step": 9999, "epoch_train_loss": 2525.883544921875, "epoch_val_loss": 1411.9246368408203, "gradients/h2o.bias": {"_type": "histogram", "values": [1.0, 0.0, 0.0, 0.0, 0.0, 0.0, 0.0, 0.0, 0.0, 0.0, 0.0, 0.0, 0.0, 0.0, 0.0, 0.0, 0.0, 0.0, 0.0, 0.0, 0.0, 0.0, 0.0, 0.0, 0.0, 0.0, 0.0, 0.0, 0.0, 0.0, 0.0, 0.0, 0.0, 0.0, 0.0, 0.0, 0.0, 0.0, 0.0, 0.0, 0.0, 0.0, 0.0, 0.0, 0.0, 0.0, 0.0, 0.0, 0.0, 0.0, 0.0, 0.0, 0.0, 0.0, 0.0, 0.0, 0.0, 0.0, 0.0, 0.0, 0.0, 0.0, 0.0, 1.0], "bins": [-5.938668251037598, -5.934978485107422, -5.931289196014404, -5.9275994300842285, -5.923909664154053, -5.920220375061035, -5.916530609130859, -5.912841320037842, -5.909151554107666, -5.90546178817749, -5.901772499084473, -5.898082733154297, -5.894392967224121, -5.8907036781311035, -5.887013912200928, -5.883324146270752, -5.879634857177734, -5.875945091247559, -5.872255325317383, -5.868566036224365, -5.8648762702941895, -5.861186981201172, -5.857497215270996, -5.85380744934082, -5.850118160247803, -5.846428394317627, -5.842738628387451, -5.839049339294434, -5.835359573364258, -5.831669807434082, -5.8279805183410645, -5.824290752410889, -5.820601463317871, -5.816911697387695, -5.8132219314575195, -5.809532642364502, -5.805842876434326, -5.80215311050415, -5.798463821411133, -5.794774055480957, -5.791084289550781, -5.787395000457764, -5.783705234527588, -5.780015468597412, -5.7763261795043945, -5.772636413574219, -5.768947124481201, -5.765257358551025, -5.76156759262085, -5.757878303527832, -5.754188537597656, -5.7504987716674805, -5.746809482574463, -5.743119716644287, -5.739429950714111, -5.735740661621094, -5.732050895690918, -5.728361129760742, -5.724671840667725, -5.720982074737549, -5.717292785644531, -5.7136030197143555, -5.70991325378418, -5.706223964691162, -5.702534198760986]}, "gradients/h2o.weight": {"_type": "histogram", "values": [1.0, 1.0, 0.0, 0.0, 0.0, 0.0, 0.0, 1.0, 0.0, 1.0, 1.0, 1.0, 1.0, 1.0, 0.0, 0.0, 0.0, 0.0, 0.0, 2.0, 0.0, 1.0, 1.0, 0.0, 0.0, 0.0, 0.0, 0.0, 0.0, 2.0, 2.0, 0.0, 2.0, 0.0, 0.0, 1.0, 2.0, 1.0, 0.0, 2.0, 0.0, 1.0, 3.0, 2.0, 2.0, 2.0, 2.0, 0.0, 1.0, 1.0, 0.0, 0.0, 4.0, 0.0, 0.0, 1.0, 4.0, 4.0, 2.0, 2.0, 3.0, 2.0, 2.0, 2.0], "bins": [-8063.3408203125, -7878.9384765625, -7694.53662109375, -7510.13427734375, -7325.73193359375, -7141.32958984375, -6956.927734375, -6772.525390625, -6588.123046875, -6403.72119140625, -6219.31884765625, -6034.91650390625, -5850.51416015625, -5666.1123046875, -5481.7099609375, -5297.3076171875, -5112.9052734375, -4928.50341796875, -4744.10107421875, -4559.69873046875, -4375.296875, -4190.89453125, -4006.4921875, -3822.090087890625, -3637.68798828125, -3453.28564453125, -3268.883544921875, -3084.481201171875, -2900.0791015625, -2715.6767578125, -2531.274658203125, -2346.872314453125, -2162.47021484375, -1978.0679931640625, -1793.665771484375, -1609.2635498046875, -1424.861328125, -1240.459228515625, -1056.0570068359375, -871.65478515625, -687.2525634765625, -502.850341796875, -318.4481506347656, -134.0459442138672, 50.35626220703125, 234.7584686279297, 419.1606750488281, 603.5628662109375, 787.965087890625, 972.3673095703125, 1156.76953125, 1341.1717529296875, 1525.573974609375, 1709.97607421875, 1894.3782958984375, 2078.780517578125, 2263.1826171875, 2447.5849609375, 2631.987060546875, 2816.389404296875, 3000.79150390625, 3185.19384765625, 3369.595947265625, 3553.998291015625, 3738.400390625]}, "gradients/i2h.bias": {"_type": "histogram", "values": [1.0, 0.0, 0.0, 0.0, 0.0, 0.0, 0.0, 0.0, 0.0, 1.0, 0.0, 1.0, 0.0, 0.0, 0.0, 0.0, 0.0, 0.0, 0.0, 0.0, 0.0, 0.0, 0.0, 1.0, 0.0, 0.0, 0.0, 0.0, 3.0, 0.0, 1.0, 2.0, 4.0, 0.0, 0.0, 0.0, 2.0, 0.0, 0.0, 2.0, 0.0, 0.0, 0.0, 0.0, 1.0, 3.0, 2.0, 0.0, 0.0, 0.0, 2.0, 0.0, 1.0, 0.0, 0.0, 1.0, 0.0, 1.0, 0.0, 0.0, 2.0, 0.0, 0.0, 1.0], "bins": [-12.684101104736328, -12.374309539794922, -12.064518928527832, -11.754727363586426, -11.444936752319336, -11.13514518737793, -10.825353622436523, -10.515563011169434, -10.205771446228027, -9.895980834960938, -9.586189270019531, -9.276397705078125, -8.966607093811035, -8.656815528869629, -8.347024917602539, -8.037233352661133, -7.727442264556885, -7.417651176452637, -7.107860088348389, -6.798068523406982, -6.488277435302734, -6.178486347198486, -5.868695259094238, -5.55890417098999, -5.249113082885742, -4.939321517944336, -4.629530429840088, -4.31973934173584, -4.009948253631592, -3.7001569271087646, -3.3903658390045166, -3.0805745124816895, -2.7707834243774414, -2.4609923362731934, -2.151201009750366, -1.8414099216461182, -1.5316187143325806, -1.221827507019043, -0.9120363593101501, -0.6022452116012573, -0.2924540042877197, 0.017337173223495483, 0.3271283507347107, 0.6369194984436035, 0.9467107057571411, 1.2565019130706787, 1.5662930011749268, 1.8760842084884644, 2.185875415802002, 2.49566650390625, 2.805457830429077, 3.115248918533325, 3.4250402450561523, 3.7348313331604004, 4.044622421264648, 4.3544135093688965, 4.6642045974731445, 4.973996162414551, 5.283787250518799, 5.593578338623047, 5.903369426727295, 6.213160514831543, 6.522952079772949, 6.832743167877197, 7.142534255981445]}, "gradients/i2h.weight": {"_type": "histogram", "values": [1.0, 0.0, 0.0, 0.0, 0.0, 0.0, 0.0, 0.0, 0.0, 1.0, 0.0, 1.0, 0.0, 0.0, 1.0, 0.0, 0.0, 1.0, 0.0, 0.0, 0.0, 0.0, 1.0, 2.0, 0.0, 1.0, 2.0, 1.0, 5.0, 2.0, 5.0, 3.0, 13.0, 5.0, 14.0, 19.0, 30.0, 57.0, 80.0, 149.0, 243.0, 144.0, 111.0, 87.0, 53.0, 30.0, 16.0, 10.0, 7.0, 4.0, 4.0, 1.0, 4.0, 3.0, 1.0, 3.0, 1.0, 1.0, 0.0, 0.0, 2.0, 0.0, 0.0, 1.0], "bins": [-24030.318359375, -23443.412109375, -22856.505859375, -22269.599609375, -21682.693359375, -21095.787109375, -20508.87890625, -19921.97265625, -19335.06640625, -18748.16015625, -18161.25390625, -17574.34765625, -16987.44140625, -16400.53515625, -15813.6279296875, -15226.7216796875, -14639.8154296875, -14052.9091796875, -13466.0029296875, -12879.095703125, -12292.189453125, -11705.283203125, -11118.376953125, -10531.470703125, -9944.564453125, -9357.6572265625, -8770.7509765625, -8183.8447265625, -7596.9384765625, -7010.03173828125, -6423.12548828125, -5836.21875, -5249.3125, -4662.40625, -4075.49951171875, -3488.59326171875, -2901.686767578125, -2314.7802734375, -1727.8739013671875, -1140.967529296875, -554.06103515625, 32.84539794921875, 619.7518310546875, 1206.658203125, 1793.564697265625, 2380.47119140625, 2967.37744140625, 3554.283935546875, 4141.1904296875, 4728.0966796875, 5315.00341796875, 5901.90966796875, 6488.81640625, 7075.72265625, 7662.62890625, 8249.53515625, 8836.44140625, 9423.3486328125, 10010.2548828125, 10597.1611328125, 11184.0673828125, 11770.9736328125, 12357.880859375, 12944.787109375, 13531.693359375]}, "_wandb": {"runtime": 31}}