{"train_loss": 209.7159423828125, "_timestamp": 1712223916.924337, "_runtime": 31.82768702507019, "_step": 283, "epoch_train_loss": 2097.36865234375, "epoch_val_loss": 2129.331527709961}