{"train_loss": 230.55422973632812, "_timestamp": 1711623711.7119517, "_runtime": 21.93524479866028, "_step": 9999, "epoch_train_loss": 754.85400390625, "epoch_val_loss": 1474.978024482727, "gradients/h2o.bias": {"_type": "histogram", "values": [1.0, 0.0, 0.0, 0.0, 0.0, 0.0, 0.0, 0.0, 0.0, 0.0, 0.0, 0.0, 0.0, 0.0, 0.0, 0.0, 0.0, 0.0, 0.0, 0.0, 0.0, 0.0, 0.0, 0.0, 0.0, 0.0, 0.0, 0.0, 0.0, 0.0, 0.0, 0.0, 0.0, 0.0, 0.0, 0.0, 0.0, 0.0, 0.0, 0.0, 0.0, 0.0, 0.0, 0.0, 0.0, 0.0, 0.0, 0.0, 0.0, 0.0, 0.0, 0.0, 0.0, 0.0, 0.0, 0.0, 0.0, 0.0, 0.0, 0.0, 0.0, 0.0, 0.0, 1.0], "bins": [-5.709384918212891, -5.7092604637146, -5.709136009216309, -5.709011554718018, -5.708886623382568, -5.708762168884277, -5.708637714385986, -5.708513259887695, -5.708388805389404, -5.708264350891113, -5.708139896392822, -5.708014965057373, -5.707890510559082, -5.707766056060791, -5.7076416015625, -5.707517147064209, -5.707392692565918, -5.707268238067627, -5.707143306732178, -5.707018852233887, -5.706894397735596, -5.706769943237305, -5.706645488739014, -5.706521034240723, -5.706396579742432, -5.706271648406982, -5.706147193908691, -5.7060227394104, -5.705898284912109, -5.705773830413818, -5.705649375915527, -5.705524921417236, -5.705400466918945, -5.705275535583496, -5.705151081085205, -5.705026626586914, -5.704902172088623, -5.704777717590332, -5.704653263092041, -5.70452880859375, -5.704403877258301, -5.70427942276001, -5.704154968261719, -5.704030513763428, -5.703906059265137, -5.703781604766846, -5.703657150268555, -5.7035322189331055, -5.7034077644348145, -5.703283309936523, -5.703158855438232, -5.703034400939941, -5.70290994644165, -5.702785491943359, -5.70266056060791, -5.702536106109619, -5.702411651611328, -5.702287197113037, -5.702162742614746, -5.702038288116455, -5.701913833618164, -5.701788902282715, -5.701664447784424, -5.701539993286133, -5.701415538787842]}, "gradients/h2o.weight": {"_type": "histogram", "values": [2.0, 0.0, 0.0, 0.0, 0.0, 0.0, 6.0, 0.0, 0.0, 0.0, 0.0, 0.0, 0.0, 0.0, 0.0, 0.0, 0.0, 0.0, 0.0, 0.0, 0.0, 0.0, 6.0, 0.0, 0.0, 2.0, 2.0, 0.0, 0.0, 2.0, 2.0, 0.0, 2.0, 0.0, 0.0, 0.0, 0.0, 0.0, 0.0, 0.0, 0.0, 2.0, 0.0, 0.0, 0.0, 0.0, 0.0, 0.0, 0.0, 0.0, 0.0, 0.0, 0.0, 2.0, 2.0, 0.0, 0.0, 0.0, 0.0, 0.0, 0.0, 0.0, 0.0, 2.0], "bins": [-682.2911376953125, -643.9443359375, -605.5975341796875, -567.2507934570312, -528.9039916992188, -490.55718994140625, -452.2104187011719, -413.8636474609375, -375.516845703125, -337.1700439453125, -298.8232727050781, -260.47650146484375, -222.12969970703125, -183.7829132080078, -145.43612670898438, -107.08934020996094, -68.7425537109375, -30.395767211914062, 7.951019287109375, 46.29780578613281, 84.64459228515625, 122.99137878417969, 161.33816528320312, 199.68495178222656, 238.03173828125, 276.3785400390625, 314.7253112792969, 353.07208251953125, 391.41888427734375, 429.76568603515625, 468.1124572753906, 506.459228515625, 544.80615234375, 583.1529541015625, 621.499755859375, 659.8464965820312, 698.1932983398438, 736.5401000976562, 774.8868408203125, 813.233642578125, 851.5804443359375, 889.92724609375, 928.2740478515625, 966.6207885742188, 1004.9675903320312, 1043.3143310546875, 1081.6611328125, 1120.0079345703125, 1158.354736328125, 1196.7015380859375, 1235.04833984375, 1273.3951416015625, 1311.741943359375, 1350.088623046875, 1388.4354248046875, 1426.7822265625, 1465.1290283203125, 1503.475830078125, 1541.8226318359375, 1580.16943359375, 1618.51611328125, 1656.8629150390625, 1695.209716796875, 1733.5565185546875, 1771.9033203125]}, "gradients/i2h.bias": {"_type": "histogram", "values": [1.0, 0.0, 0.0, 0.0, 1.0, 0.0, 1.0, 0.0, 0.0, 0.0, 0.0, 0.0, 0.0, 0.0, 0.0, 0.0, 0.0, 0.0, 1.0, 1.0, 0.0, 0.0, 3.0, 0.0, 1.0, 0.0, 0.0, 0.0, 0.0, 0.0, 0.0, 0.0, 0.0, 0.0, 0.0, 0.0, 2.0, 0.0, 0.0, 2.0, 0.0, 0.0, 0.0, 1.0, 0.0, 1.0, 0.0, 0.0, 0.0, 0.0, 0.0, 0.0, 0.0, 0.0, 0.0, 0.0, 0.0, 0.0, 0.0, 0.0, 0.0, 0.0, 0.0, 1.0], "bins": [-3.2197747230529785, -3.028290271759033, -2.836805582046509, -2.6453211307525635, -2.453836441040039, -2.2623519897460938, -2.0708675384521484, -1.8793829679489136, -1.6878983974456787, -1.4964138269424438, -1.304929256439209, -1.1134448051452637, -0.9219602346420288, -0.730475664138794, -0.5389911532402039, -0.3475066125392914, -0.1560220718383789, 0.03546246886253357, 0.22694700956344604, 0.4184315502643585, 0.609916090965271, 0.8014006614685059, 0.992885172367096, 1.184369683265686, 1.375854253768921, 1.5673388242721558, 1.7588233947753906, 1.950307846069336, 2.1417922973632812, 2.3332769870758057, 2.524761438369751, 2.7162461280822754, 2.9077301025390625, 3.099214553833008, 3.2906992435455322, 3.4821836948394775, 3.673668384552002, 3.8651528358459473, 4.056637287139893, 4.248121738433838, 4.439606666564941, 4.631091117858887, 4.822575569152832, 5.014060020446777, 5.205544471740723, 5.397028923034668, 5.5885138511657715, 5.779998302459717, 5.971482753753662, 6.162967205047607, 6.354451656341553, 6.545936584472656, 6.737421035766602, 6.928905487060547, 7.120389938354492, 7.3118743896484375, 7.503358840942383, 7.694843769073486, 7.886328220367432, 8.077813148498535, 8.26929759979248, 8.460782051086426, 8.652266502380371, 8.843750953674316, 9.035235404968262]}, "gradients/i2h.weight": {"_type": "histogram", "values": [1.0, 0.0, 0.0, 0.0, 2.0, 0.0, 1.0, 0.0, 2.0, 2.0, 3.0, 4.0, 7.0, 13.0, 16.0, 52.0, 95.0, 46.0, 30.0, 10.0, 6.0, 1.0, 4.0, 0.0, 2.0, 0.0, 0.0, 0.0, 0.0, 0.0, 0.0, 0.0, 0.0, 0.0, 0.0, 0.0, 2.0, 0.0, 0.0, 2.0, 0.0, 0.0, 0.0, 1.0, 0.0, 1.0, 0.0, 0.0, 0.0, 0.0, 0.0, 0.0, 0.0, 0.0, 0.0, 0.0, 0.0, 0.0, 0.0, 0.0, 0.0, 0.0, 0.0, 1.0], "bins": [-4115.83837890625, -3871.063720703125, -3626.2890625, -3381.514404296875, -3136.73974609375, -2891.96484375, -2647.190185546875, -2402.41552734375, -2157.640869140625, -1912.8662109375, -1668.091552734375, -1423.3167724609375, -1178.5421142578125, -933.7674560546875, -688.9927368164062, -444.2180480957031, -199.443359375, 45.331329345703125, 290.10601806640625, 534.8807373046875, 779.6553955078125, 1024.4300537109375, 1269.204833984375, 1513.9794921875, 1758.754150390625, 2003.52880859375, 2248.303466796875, 2493.078125, 2737.85302734375, 2982.627685546875, 3227.40234375, 3472.177001953125, 3716.951171875, 3961.725830078125, 4206.50048828125, 4451.275390625, 4696.0498046875, 4940.82470703125, 5185.59912109375, 5430.3740234375, 5675.1484375, 5919.92333984375, 6164.6982421875, 6409.47265625, 6654.24755859375, 6899.02197265625, 7143.796875, 7388.5712890625, 7633.34619140625, 7878.12109375, 8122.8955078125, 8367.669921875, 8612.4453125, 8857.2197265625, 9101.994140625, 9346.7685546875, 9591.5439453125, 9836.318359375, 10081.0927734375, 10325.8681640625, 10570.642578125, 10815.4169921875, 11060.19140625, 11304.966796875, 11549.7412109375]}, "_wandb": {"runtime": 288}}