{"train_loss": 156.20761108398438, "_timestamp": 1712227174.2281055, "_runtime": 33.67365550994873, "_step": 5555, "epoch_train_loss": 1561.591552734375, "epoch_val_loss": 1561.0836486816406, "gradients/h2o.bias": {"_type": "histogram", "values": [1.0, 0.0, 0.0, 0.0, 1.0, 0.0, 0.0, 0.0, 0.0, 0.0, 0.0, 0.0, 0.0, 1.0, 0.0, 0.0, 0.0, 0.0, 0.0, 0.0, 0.0, 0.0, 0.0, 0.0, 0.0, 0.0, 0.0, 0.0, 0.0, 0.0, 0.0, 0.0, 0.0, 0.0, 0.0, 0.0, 0.0, 0.0, 0.0, 0.0, 0.0, 0.0, 0.0, 0.0, 0.0, 0.0, 0.0, 0.0, 0.0, 0.0, 0.0, 0.0, 0.0, 0.0, 0.0, 0.0, 0.0, 0.0, 0.0, 0.0, 0.0, 0.0, 0.0, 1.0], "bins": [-67.34455871582031, -64.6062240600586, -61.86788558959961, -59.129547119140625, -56.391212463378906, -53.65287780761719, -50.9145393371582, -48.17620086669922, -45.4378662109375, -42.69953155517578, -39.9611930847168, -37.22285461425781, -34.484519958496094, -31.746183395385742, -29.00784683227539, -26.26951026916504, -23.531173706054688, -20.792837142944336, -18.054500579833984, -15.316164016723633, -12.577827453613281, -9.83949089050293, -7.101154327392578, -4.362817764282227, -1.624481201171875, 1.1138553619384766, 3.852191925048828, 6.59052848815918, 9.328865051269531, 12.067201614379883, 14.805538177490234, 17.543874740600586, 20.282203674316406, 23.020540237426758, 25.75887680053711, 28.49721336364746, 31.235549926757812, 33.97388458251953, 36.712223052978516, 39.4505615234375, 42.18889617919922, 44.92723083496094, 47.66556930541992, 50.403907775878906, 53.142242431640625, 55.880577087402344, 58.61891555786133, 61.35725402832031, 64.09558868408203, 66.83392333984375, 69.572265625, 72.31060028076172, 75.04893493652344, 77.78726959228516, 80.52560424804688, 83.26394653320312, 86.00228118896484, 88.74061584472656, 91.47895812988281, 94.21729278564453, 96.95562744140625, 99.69396209716797, 102.43229675292969, 105.17063903808594, 107.90897369384766]}, "gradients/h2o.weight": {"_type": "histogram", "values": [1.0, 1.0, 0.0, 9.0, 16.0, 0.0, 0.0, 1.0, 2.0, 0.0, 1.0, 21.0, 1.0, 0.0, 3.0, 12.0, 1.0, 2.0, 13.0, 34.0, 2.0, 3.0, 36.0, 1.0, 2.0, 14.0, 12.0, 38.0, 15.0, 4.0, 5.0, 6.0, 15.0, 737.0, 24.0, 5.0, 7.0, 7.0, 4.0, 7.0, 24.0, 6.0, 30.0, 1.0, 6.0, 20.0, 4.0, 21.0, 26.0, 2.0, 4.0, 3.0, 25.0, 3.0, 2.0, 0.0, 34.0, 0.0, 0.0, 2.0, 1.0, 0.0, 0.0, 12.0], "bins": [-122.44676208496094, -118.80677032470703, -115.16677856445312, -111.52679443359375, -107.88680267333984, -104.24681091308594, -100.60681915283203, -96.96682739257812, -93.32684326171875, -89.68685150146484, -86.04685974121094, -82.40686798095703, -78.76687622070312, -75.12688446044922, -71.48690032958984, -67.84690856933594, -64.20691680908203, -60.566925048828125, -56.926937103271484, -53.28694534301758, -49.64695739746094, -46.00696563720703, -42.366973876953125, -38.726985931396484, -35.08699417114258, -31.447004318237305, -27.80701446533203, -24.167022705078125, -20.52703285217285, -16.887042999267578, -13.247052192687988, -9.607061386108398, -5.967071533203125, -2.3270812034606934, 1.3129091262817383, 4.95289945602417, 8.592889785766602, 12.232879638671875, 15.872870445251465, 19.512861251831055, 23.152851104736328, 26.7928409576416, 30.432830810546875, 34.07282257080078, 37.71281433105469, 41.35280227661133, 44.992794036865234, 48.632781982421875, 52.27277374267578, 55.91276550292969, 59.55275344848633, 63.192745208740234, 66.83273315429688, 70.47272491455078, 74.11271667480469, 77.7527084350586, 81.3927001953125, 85.03268432617188, 88.67267608642578, 92.31266784667969, 95.9526596069336, 99.5926513671875, 103.23263549804688, 106.87262725830078, 110.51261901855469]}, "gradients/lstm_cell.bias_ih": {"_type": "histogram", "values": [1.0, 0.0, 0.0, 0.0, 0.0, 1.0, 0.0, 0.0, 0.0, 0.0, 0.0, 0.0, 0.0, 0.0, 0.0, 0.0, 0.0, 0.0, 0.0, 0.0, 0.0, 2.0, 0.0, 1.0, 0.0, 0.0, 0.0, 1.0, 0.0, 0.0, 0.0, 0.0, 1.0, 0.0, 0.0, 0.0, 0.0, 0.0, 1.0, 0.0, 0.0, 0.0, 0.0, 2.0, 0.0, 1.0, 0.0, 1.0, 0.0, 0.0, 0.0, 1.0, 0.0, 1.0, 0.0, 5.0, 9.0, 36.0, 1210.0, 6.0, 4.0, 2.0, 1.0, 1.0], "bins": [-3.4405319690704346, -3.381784200668335, -3.3230361938476562, -3.2642884254455566, -3.205540657043457, -3.1467928886413574, -3.0880448818206787, -3.029297113418579, -2.9705493450164795, -2.911801338195801, -2.853053569793701, -2.7943058013916016, -2.735558032989502, -2.6768100261688232, -2.6180622577667236, -2.559314489364624, -2.5005664825439453, -2.4418187141418457, -2.383070945739746, -2.3243231773376465, -2.2655751705169678, -2.206827402114868, -2.1480796337127686, -2.089331865310669, -2.0305838584899902, -1.9718360900878906, -1.9130882024765015, -1.8543404340744019, -1.7955925464630127, -1.736844778060913, -1.678096890449524, -1.6193491220474243, -1.5606011152267456, -1.501853346824646, -1.4431054592132568, -1.3843576908111572, -1.325609803199768, -1.266861915588379, -1.2081141471862793, -1.1493662595748901, -1.0906184911727905, -1.0318706035614014, -0.973122775554657, -0.9143749475479126, -0.8556271195411682, -0.7968792915344238, -0.7381314635276794, -0.6793836355209351, -0.6206357479095459, -0.5618879199028015, -0.5031400918960571, -0.44439226388931274, -0.38564443588256836, -0.326896607875824, -0.2681487798690796, -0.20940092206001282, -0.15065309405326843, -0.09190525859594345, -0.03315742313861847, 0.025590412318706512, 0.0843382477760315, 0.14308607578277588, 0.20183391869068146, 0.26058176159858704, 0.3193295896053314]}, "gradients/lstm_cell.bias_hh": {"_type": "histogram", "values": [1.0, 0.0, 0.0, 0.0, 0.0, 1.0, 0.0, 0.0, 0.0, 0.0, 0.0, 0.0, 0.0, 0.0, 0.0, 0.0, 0.0, 0.0, 0.0, 0.0, 0.0, 2.0, 0.0, 1.0, 0.0, 0.0, 0.0, 1.0, 0.0, 0.0, 0.0, 0.0, 1.0, 0.0, 0.0, 0.0, 0.0, 0.0, 1.0, 0.0, 0.0, 0.0, 0.0, 2.0, 0.0, 1.0, 0.0, 1.0, 0.0, 0.0, 0.0, 1.0, 0.0, 1.0, 0.0, 5.0, 9.0, 36.0, 1210.0, 6.0, 4.0, 2.0, 1.0, 1.0], "bins": [-3.4405319690704346, -3.381784200668335, -3.3230361938476562, -3.2642884254455566, -3.205540657043457, -3.1467928886413574, -3.0880448818206787, -3.029297113418579, -2.9705493450164795, -2.911801338195801, -2.853053569793701, -2.7943058013916016, -2.735558032989502, -2.6768100261688232, -2.6180622577667236, -2.559314489364624, -2.5005664825439453, -2.4418187141418457, -2.383070945739746, -2.3243231773376465, -2.2655751705169678, -2.206827402114868, -2.1480796337127686, -2.089331865310669, -2.0305838584899902, -1.9718360900878906, -1.9130882024765015, -1.8543404340744019, -1.7955925464630127, -1.736844778060913, -1.678096890449524, -1.6193491220474243, -1.5606011152267456, -1.501853346824646, -1.4431054592132568, -1.3843576908111572, -1.325609803199768, -1.266861915588379, -1.2081141471862793, -1.1493662595748901, -1.0906184911727905, -1.0318706035614014, -0.973122775554657, -0.9143749475479126, -0.8556271195411682, -0.7968792915344238, -0.7381314635276794, -0.6793836355209351, -0.6206357479095459, -0.5618879199028015, -0.5031400918960571, -0.44439226388931274, -0.38564443588256836, -0.326896607875824, -0.2681487798690796, -0.20940092206001282, -0.15065309405326843, -0.09190525859594345, -0.03315742313861847, 0.025590412318706512, 0.0843382477760315, 0.14308607578277588, 0.20183391869068146, 0.26058176159858704, 0.3193295896053314]}, "gradients/lstm_cell.weight_hh": {"_type": "histogram", "values": [11.0, 0.0, 11.0, 1.0, 0.0, 0.0, 34.0, 3.0, 36.0, 0.0, 25.0, 14.0, 7.0, 17.0, 75.0, 52.0, 41.0, 26.0, 54.0, 19.0, 19.0, 81.0, 58.0, 111.0, 64.0, 81.0, 223.0, 1336.0, 407536.0, 3650.0, 340.0, 104.0, 42.0, 48.0, 84.0, 55.0, 69.0, 12.0, 52.0, 11.0, 29.0, 52.0, 45.0, 5.0, 23.0, 26.0, 28.0, 25.0, 26.0, 4.0, 21.0, 0.0, 0.0, 0.0, 24.0, 1.0, 0.0, 23.0, 1.0, 0.0, 0.0, 0.0, 0.0, 1.0],