{"train_loss": 170.2257080078125, "_timestamp": 1711624883.143155, "_runtime": 41.16339707374573, "_step": 10301, "epoch_train_loss": 16757.125, "epoch_val_loss": 18673.24388742447, "gradients/h2o.bias": {"_type": "histogram", "values": [1.0, 0.0, 0.0, 0.0, 0.0, 0.0, 0.0, 0.0, 0.0, 0.0, 0.0, 0.0, 0.0, 0.0, 0.0, 0.0, 0.0, 0.0, 0.0, 0.0, 0.0, 0.0, 0.0, 0.0, 0.0, 0.0, 0.0, 0.0, 0.0, 0.0, 0.0, 0.0, 0.0, 0.0, 0.0, 0.0, 0.0, 0.0, 0.0, 0.0, 0.0, 0.0, 0.0, 0.0, 0.0, 0.0, 0.0, 0.0, 0.0, 0.0, 0.0, 0.0, 0.0, 0.0, 0.0, 0.0, 0.0, 0.0, 0.0, 0.0, 0.0, 0.0, 0.0, 1.0], "bins": [2.506615400314331, 2.5071587562561035, 2.507702350616455, 2.5082457065582275, 2.5087890625, 2.5093326568603516, 2.509876012802124, 2.5104193687438965, 2.510962963104248, 2.5115063190460205, 2.512049674987793, 2.5125932693481445, 2.513136625289917, 2.5136799812316895, 2.514223575592041, 2.5147669315338135, 2.515310287475586, 2.5158538818359375, 2.51639723777771, 2.5169405937194824, 2.517484188079834, 2.5180275440216064, 2.518570899963379, 2.5191144943237305, 2.519657850265503, 2.5202012062072754, 2.520744800567627, 2.5212881565093994, 2.521831512451172, 2.5223751068115234, 2.522918462753296, 2.5234618186950684, 2.52400541305542, 2.5245487689971924, 2.525092124938965, 2.5256354808807373, 2.526179075241089, 2.5267224311828613, 2.527265787124634, 2.5278093814849854, 2.528352737426758, 2.5288960933685303, 2.529439687728882, 2.5299830436706543, 2.5305263996124268, 2.5310699939727783, 2.531613349914551, 2.5321567058563232, 2.532700300216675, 2.5332436561584473, 2.5337870121002197, 2.5343306064605713, 2.5348739624023438, 2.535417318344116, 2.5359609127044678, 2.5365042686462402, 2.5370476245880127, 2.5375912189483643, 2.5381345748901367, 2.538677930831909, 2.5392215251922607, 2.539764881134033, 2.5403082370758057, 2.5408518314361572, 2.5413951873779297]}, "gradients/h2o.weight": {"_type": "histogram", "values": [2.0, 0.0, 0.0, 0.0, 0.0, 2.0, 0.0, 0.0, 0.0, 0.0, 0.0, 2.0, 0.0, 0.0, 0.0, 4.0, 0.0, 0.0, 0.0, 4.0, 0.0, 0.0, 0.0, 0.0, 4.0, 20.0, 6.0, 2.0, 0.0, 0.0, 0.0, 2.0, 0.0, 0.0, 0.0, 0.0, 0.0, 2.0, 0.0, 0.0, 0.0, 0.0, 2.0, 2.0, 2.0, 0.0, 0.0, 4.0, 0.0, 0.0, 0.0, 0.0, 0.0, 0.0, 0.0, 0.0, 0.0, 0.0, 0.0, 0.0, 0.0, 0.0, 2.0, 2.0], "bins": [-120.2604751586914, -115.49337768554688, -110.72628784179688, -105.95919036865234, -101.19210052490234, -96.42500305175781, -91.65791320800781, -86.89081573486328, -82.12371826171875, -77.35662841796875, -72.58953094482422, -67.82244110107422, -63.05534362792969, -58.28824996948242, -53.521156311035156, -48.75406265258789, -43.986968994140625, -39.21987533569336, -34.452781677246094, -29.685686111450195, -24.91859245300293, -20.151498794555664, -15.384404182434082, -10.6173095703125, -5.850215911865234, -1.0831217765808105, 3.6839723587036133, 8.451066970825195, 13.218160629272461, 17.985254287719727, 22.752349853515625, 27.51944351196289, 32.286529541015625, 37.05362319946289, 41.820716857910156, 46.58781051635742, 51.35490417480469, 56.12200164794922, 60.889095306396484, 65.65618896484375, 70.42327880859375, 75.19037628173828, 79.95747375488281, 84.72456359863281, 89.49166107177734, 94.25875091552734, 99.02584838867188, 103.79293823242188, 108.5600357055664, 113.32713317871094, 118.09422302246094, 122.86132049560547, 127.62841033935547, 132.3955078125, 137.16259765625, 141.9296875, 146.69679260253906, 151.46388244628906, 156.23097229003906, 160.99807739257812, 165.76516723632812, 170.53225708007812, 175.29934692382812, 180.0664520263672, 184.8335418701172]}, "gradients/i2h.bias": {"_type": "histogram", "values": [1.0, 0.0, 1.0, 0.0, 0.0, 0.0, 0.0, 0.0, 0.0, 0.0, 0.0, 0.0, 0.0, 0.0, 0.0, 1.0, 0.0, 0.0, 0.0, 0.0, 0.0, 0.0, 0.0, 0.0, 1.0, 0.0, 1.0, 0.0, 0.0, 0.0, 0.0, 0.0, 0.0, 0.0, 2.0, 13.0, 4.0, 0.0, 0.0, 0.0, 0.0, 0.0, 0.0, 0.0, 3.0, 1.0, 0.0, 0.0, 0.0, 0.0, 0.0, 0.0, 0.0, 0.0, 1.0, 0.0, 1.0, 1.0, 0.0, 0.0, 0.0, 0.0, 0.0, 1.0], "bins": [-0.7166538834571838, -0.6965265274047852, -0.6763992309570312, -0.6562718749046326, -0.6361445188522339, -0.61601722240448, -0.5958898663520813, -0.5757625699043274, -0.5556352138519287, -0.53550785779953, -0.5153805613517761, -0.49525320529937744, -0.47512587904930115, -0.45499855279922485, -0.43487119674682617, -0.4147438704967499, -0.3946165442466736, -0.3744892179965973, -0.354361891746521, -0.3342345356941223, -0.314107209444046, -0.2939798831939697, -0.27385252714157104, -0.25372520089149475, -0.23359787464141846, -0.21347054839134216, -0.19334320724010468, -0.1732158660888672, -0.1530885398387909, -0.1329612135887146, -0.11283387243747711, -0.09270653873682022, -0.07257920503616333, -0.05245187133550644, -0.03232453763484955, -0.012197203934192657, 0.007930129766464233, 0.028057463467121124, 0.048184797167778015, 0.0683121308684349, 0.0884394645690918, 0.10856679826974869, 0.12869413197040558, 0.14882147312164307, 0.16894879937171936, 0.18907612562179565, 0.20920346677303314, 0.22933080792427063, 0.24945813417434692, 0.2695854604244232, 0.2897127866744995, 0.3098401427268982, 0.3299674689769745, 0.3500947952270508, 0.37022215127944946, 0.39034947752952576, 0.41047680377960205, 0.43060413002967834, 0.45073145627975464, 0.4708588123321533, 0.4909861385822296, 0.5111134648323059, 0.5312408208847046, 0.5513681173324585, 0.5714954733848572]}, "gradients/i2h.weight": {"_type": "histogram", "values": [1.0, 0.0, 1.0, 0.0, 0.0, 0.0, 0.0, 0.0, 0.0, 0.0, 0.0, 0.0, 0.0, 0.0, 0.0, 1.0, 0.0, 0.0, 0.0, 0.0, 0.0, 0.0, 0.0, 0.0, 1.0, 0.0, 1.0, 0.0, 0.0, 0.0, 2.0, 2.0, 5.0, 12.0, 40.0, 951.0, 66.0, 18.0, 8.0, 3.0, 0.0, 0.0, 0.0, 0.0, 3.0, 1.0, 0.0, 0.0, 0.0, 0.0, 0.0, 0.0, 0.0, 0.0, 1.0, 0.0, 1.0, 1.0, 0.0, 0.0, 0.0, 0.0, 0.0, 1.0], "bins": [-368.6380920410156, -358.2848205566406, -347.93157958984375, -337.57830810546875, -327.2250671386719, -316.8717956542969, -306.5185546875, -296.165283203125, -285.81201171875, -275.4587707519531, -265.1054992675781, -254.75225830078125, -244.39898681640625, -234.0457305908203, -223.69247436523438, -213.33921813964844, -202.9859619140625, -192.63270568847656, -182.27944946289062, -171.9261932373047, -161.57293701171875, -151.21966552734375, -140.8664093017578, -130.51315307617188, -120.15989685058594, -109.806640625, -99.45338439941406, -89.1001205444336, -78.74686431884766, -68.39360809326172, -58.040348052978516, -47.68708801269531, -37.333831787109375, -26.980573654174805, -16.627315521240234, -6.274057388305664, 4.079200744628906, 14.432458877563477, 24.785717010498047, 35.13897705078125, 45.49223327636719, 55.845489501953125, 66.19874572753906, 76.55200958251953, 86.90526580810547, 97.2585220336914, 107.61178588867188, 117.96504211425781, 128.31829833984375, 138.6715545654297, 149.02481079101562, 159.37806701660156, 169.7313232421875, 180.0845947265625, 190.43785095214844, 200.79110717773438, 211.1443634033203, 221.49761962890625, 231.8508758544922, 242.20413208007812, 252.55740356445312, 262.91064453125, 273.263916015625, 283.6171569824219, 293.9704284667969]}, "_wandb": {"runtime": 56}}