{"train_loss": 247.88082885742188, "_timestamp": 1711626310.712155, "_runtime": 195.86982798576355, "_step": 120239, "gradients/h2o.bias": {"_type": "histogram", "values": [1.0, 0.0, 0.0, 0.0, 0.0, 0.0, 0.0, 0.0, 0.0, 0.0, 0.0, 0.0, 0.0, 0.0, 0.0, 0.0, 0.0, 0.0, 0.0, 0.0, 0.0, 0.0, 0.0, 0.0, 0.0, 0.0, 0.0, 0.0, 0.0, 0.0, 0.0, 0.0, 0.0, 0.0, 0.0, 0.0, 0.0, 0.0, 0.0, 0.0, 0.0, 0.0, 0.0, 0.0, 0.0, 0.0, 0.0, 0.0, 0.0, 0.0, 0.0, 0.0, 0.0, 0.0, 0.0, 0.0, 0.0, 0.0, 0.0, 0.0, 0.0, 0.0, 0.0, 1.0], "bins": [-1.4724974632263184, -1.4724947214126587, -1.4724920988082886, -1.472489356994629, -1.4724867343902588, -1.4724839925765991, -1.4724812507629395, -1.4724786281585693, -1.4724758863449097, -1.4724732637405396, -1.4724705219268799, -1.4724677801132202, -1.47246515750885, -1.4724624156951904, -1.4724596738815308, -1.4724570512771606, -1.472454309463501, -1.4724516868591309, -1.4724489450454712, -1.4724462032318115, -1.4724435806274414, -1.4724408388137817, -1.4724382162094116, -1.472435474395752, -1.4724327325820923, -1.4724301099777222, -1.4724273681640625, -1.4724247455596924, -1.4724220037460327, -1.472419261932373, -1.472416639328003, -1.4724138975143433, -1.4724111557006836, -1.4724085330963135, -1.4724057912826538, -1.4724031686782837, -1.472400426864624, -1.4723976850509644, -1.4723950624465942, -1.4723923206329346, -1.4723896980285645, -1.4723869562149048, -1.4723842144012451, -1.472381591796875, -1.4723788499832153, -1.4723762273788452, -1.4723734855651855, -1.4723707437515259, -1.4723681211471558, -1.472365379333496, -1.472362756729126, -1.4723600149154663, -1.4723572731018066, -1.4723546504974365, -1.4723519086837769, -1.4723491668701172, -1.472346544265747, -1.4723438024520874, -1.4723411798477173, -1.4723384380340576, -1.472335696220398, -1.4723330736160278, -1.4723303318023682, -1.472327709197998, -1.4723249673843384]}, "gradients/h2o.weight": {"_type": "histogram", "values": [36.0, 0.0, 0.0, 0.0, 0.0, 0.0, 0.0, 0.0, 0.0, 0.0, 0.0, 0.0, 0.0, 0.0, 0.0, 0.0, 0.0, 0.0, 0.0, 0.0, 0.0, 0.0, 0.0, 0.0, 0.0, 0.0, 0.0, 0.0, 0.0, 0.0, 0.0, 0.0, 0.0, 0.0, 0.0, 0.0, 0.0, 0.0, 0.0, 0.0, 0.0, 0.0, 0.0, 0.0, 0.0, 0.0, 0.0, 0.0, 0.0, 0.0, 0.0, 0.0, 0.0, 0.0, 0.0, 0.0, 0.0, 0.0, 0.0, 0.0, 0.0, 0.0, 0.0, 28.0], "bins": [-1.4724974632263184, -1.4264819622039795, -1.380466341972351, -1.3344508409500122, -1.2884352207183838, -1.242419719696045, -1.196404218673706, -1.1503885984420776, -1.1043730974197388, -1.0583575963974, -1.0123419761657715, -0.9663264751434326, -0.920310914516449, -0.8742953538894653, -0.8282798528671265, -0.7822642922401428, -0.7362487316131592, -0.6902331709861755, -0.6442176103591919, -0.598202109336853, -0.5521865487098694, -0.5061709880828857, -0.4601554572582245, -0.41413992643356323, -0.3681243658065796, -0.32210880517959595, -0.2760932743549347, -0.23007772862911224, -0.1840621829032898, -0.13804663717746735, -0.0920310914516449, -0.04601554572582245, 0.0, 0.04601554572582245, 0.0920310914516449, 0.13804663717746735, 0.1840621829032898, 0.23007772862911224, 0.2760932743549347, 0.32210880517959595, 0.3681243658065796, 0.41413992643356323, 0.4601554572582245, 0.5061709880828857, 0.5521865487098694, 0.598202109336853, 0.6442176103591919, 0.6902331709861755, 0.7362487316131592, 0.7822642922401428, 0.8282798528671265, 0.8742953538894653, 0.920310914516449, 0.9663264751434326, 1.0123419761657715, 1.0583575963974, 1.1043730974197388, 1.1503885984420776, 1.196404218673706, 1.242419719696045, 1.2884352207183838, 1.3344508409500122, 1.380466341972351, 1.4264819622039795, 1.4724974632263184]}, "gradients/rnn_cell.bias_ih": {"_type": "histogram", "values": [32.0], "bins": [0.0, 0.0]}, "gradients/rnn_cell.weight_ih": {"_type": "histogram", "values": [96.0], "bins": [0.0, 0.0]}, "gradients/rnn_cell.bias_hh": {"_type": "histogram", "values": [32.0], "bins": [0.0, 0.0]}, "gradients/rnn_cell.weight_hh": {"_type": "histogram", "values": [1024.0], "bins": [0.0, 0.0]}, "epoch_train_loss": 247886.984375, "epoch_val_loss": 257295.34569785}