{"train_loss": 522.56982421875, "_timestamp": 1712139335.065637, "_runtime": 24.470341205596924, "_step": 3676, "epoch_train_loss": 507.35552978515625, "epoch_val_loss": 672.6295166015625, "gradients/h2o.bias": {"_type": "histogram", "values": [1.0, 0.0, 0.0, 0.0, 0.0, 0.0, 0.0, 0.0, 0.0, 0.0, 0.0, 0.0, 0.0, 0.0, 0.0, 0.0, 0.0, 0.0, 0.0, 0.0, 0.0, 0.0, 0.0, 0.0, 0.0, 0.0, 0.0, 0.0, 0.0, 0.0, 0.0, 0.0, 0.0, 0.0, 0.0, 0.0, 0.0, 0.0, 0.0, 0.0, 0.0, 0.0, 0.0, 0.0, 0.0, 0.0, 0.0, 0.0, 0.0, 0.0, 0.0, 1.0, 0.0, 0.0, 0.0, 0.0, 0.0, 1.0, 0.0, 0.0, 0.0, 0.0, 0.0, 1.0], "bins": [-2.2316932678222656, -2.075132131576538, -1.9185707569122314, -1.762009620666504, -1.6054482460021973, -1.4488871097564697, -1.2923258543014526, -1.1357645988464355, -0.9792033433914185, -0.8226420879364014, -0.6660808324813843, -0.5095195770263672, -0.35295844078063965, -0.196397066116333, -0.03983592987060547, 0.11672544479370117, 0.2732865810394287, 0.42984771728515625, 0.5864090919494629, 0.7429702281951904, 0.8995316028594971, 1.0560927391052246, 1.2126541137695312, 1.3692152500152588, 1.5257763862609863, 1.682337760925293, 1.8388991355895996, 1.995460033416748, 2.1520214080810547, 2.3085827827453613, 2.465144157409668, 2.6217050552368164, 2.778266429901123, 2.9348278045654297, 3.091388702392578, 3.2479500770568848, 3.4045114517211914, 3.561072826385498, 3.7176337242126465, 3.874195098876953, 4.03075647354126, 4.187317848205566, 4.343878746032715, 4.5004401206970215, 4.657001495361328, 4.813562393188477, 4.970123767852783, 5.12668514251709, 5.283246040344238, 5.439807415008545, 5.596368789672852, 5.7529296875, 5.909491539001465, 6.066052436828613, 6.22261381149292, 6.379175186157227, 6.535736083984375, 6.692297458648682, 6.848858833312988, 7.005419731140137, 7.161981105804443, 7.31854248046875, 7.475103855133057, 7.631664752960205, 7.788226127624512]}, "gradients/h2o.weight": {"_type": "histogram", "values": [1.0, 0.0, 0.0, 0.0, 0.0, 1.0, 1.0, 0.0, 0.0, 1.0, 0.0, 0.0, 0.0, 0.0, 0.0, 1.0, 1.0, 3.0, 2.0, 4.0, 9.0, 2.0, 2.0, 4.0, 2.0, 1.0, 9.0, 4.0, 13.0, 9.0, 10.0, 11.0, 11.0, 10.0, 100.0, 48.0, 23.0, 120.0, 7.0, 12.0, 14.0, 11.0, 7.0, 5.0, 4.0, 11.0, 4.0, 6.0, 3.0, 5.0, 2.0, 2.0, 2.0, 5.0, 0.0, 0.0, 3.0, 1.0, 2.0, 0.0, 2.0, 0.0, 0.0, 1.0], "bins": [-179.42848205566406, -174.43055725097656, -169.43264770507812, -164.43472290039062, -159.43679809570312, -154.43887329101562, -149.44094848632812, -144.4430389404297, -139.4451141357422, -134.4471893310547, -129.44927978515625, -124.45135498046875, -119.45343017578125, -114.45550537109375, -109.45758819580078, -104.45967102050781, -99.46174621582031, -94.46382141113281, -89.46590423583984, -84.46798706054688, -79.47006225585938, -74.47213745117188, -69.4742202758789, -64.47630310058594, -59.47837829589844, -54.48045349121094, -49.48252868652344, -44.484619140625, -39.4866943359375, -34.48876953125, -29.490859985351562, -24.492935180664062, -19.4949951171875, -14.4970703125, -9.4991455078125, -4.5012359619140625, 0.4966888427734375, 5.4946136474609375, 10.492523193359375, 15.490447998046875, 20.488372802734375, 25.486297607421875, 30.484214782714844, 35.48213195800781, 40.48005676269531, 45.47798156738281, 50.47589874267578, 55.47381591796875, 60.47174072265625, 65.46966552734375, 70.46758270263672, 75.46549987792969, 80.46342468261719, 85.46134948730469, 90.45926666259766, 95.45718383789062, 100.45510864257812, 105.45303344726562, 110.4509506225586, 115.44886779785156, 120.44679260253906, 125.44471740722656, 130.442626953125, 135.4405517578125, 140.4384765625]}, "gradients/rnn_cell.bias_hh": {"_type": "histogram", "values": [1.0, 0.0, 0.0, 0.0, 0.0, 0.0, 0.0, 0.0, 0.0, 0.0, 0.0, 0.0, 0.0, 0.0, 1.0, 0.0, 0.0, 0.0, 0.0, 1.0, 10.0, 360.0, 3.0, 4.0, 1.0, 0.0, 0.0, 0.0, 0.0, 0.0, 0.0, 0.0, 0.0, 0.0, 0.0, 0.0, 0.0, 0.0, 0.0, 1.0, 0.0, 0.0, 0.0, 1.0, 0.0, 0.0, 0.0, 0.0, 0.0, 0.0, 0.0, 0.0, 0.0, 0.0, 0.0, 0.0, 0.0, 0.0, 0.0, 0.0, 0.0, 0.0, 0.0, 1.0], "bins": [-13.826709747314453, -13.16930103302002, -12.511893272399902, -11.854484558105469, -11.197076797485352, -10.539668083190918, -9.882259368896484, -9.224851608276367, -8.567442893981934, -7.910034656524658, -7.252626419067383, -6.595217704772949, -5.937809467315674, -5.280401229858398, -4.622992515563965, -3.9655847549438477, -3.308176040649414, -2.6507673263549805, -1.9933595657348633, -1.3359508514404297, -0.6785430908203125, -0.021134376525878906, 0.6362743377685547, 1.2936820983886719, 1.9510908126831055, 2.608499526977539, 3.2659072875976562, 3.9233150482177734, 4.580724716186523, 5.238132476806641, 5.895540237426758, 6.552949905395508, 7.210359573364258, 7.867767333984375, 8.525177001953125, 9.182584762573242, 9.83999252319336, 10.49740219116211, 11.154809951782227, 11.812217712402344, 12.469626426696777, 13.127035140991211, 13.784442901611328, 14.441851615905762, 15.099260330200195, 15.756668090820312, 16.414077758789062, 17.071483612060547, 17.728893280029297, 18.386302947998047, 19.04370880126953, 19.70111846923828, 20.3585262298584, 21.015933990478516, 21.673343658447266, 22.330751419067383, 22.9881591796875, 23.64556884765625, 24.302976608276367, 24.960384368896484, 25.617794036865234, 26.27520179748535, 26.93260955810547, 27.59001922607422, 28.247426986694336]}, "gradients/rnn_cell.weight_hh": {"_type": "histogram", "values": [1.0, 0.0, 0.0, 0.0, 2.0, 1.0, 0.0, 0.0, 0.0, 0.0, 0.0, 0.0, 0.0, 2.0, 3.0, 5.0, 4.0, 38.0, 4.0, 2.0, 7.0, 6.0, 98.0, 51.0, 25.0, 70.0, 167.0, 47968.0, 352.0, 76.0, 23.0, 44.0, 106.0, 7.0, 6.0, 2.0, 5.0, 49.0, 5.0, 3.0, 2.0, 3.0, 2.0, 3.0, 4.0, 0.0, 2.0, 0.0, 0.0, 0.0, 1.0, 1.0, 0.0, 0.0, 0.0, 0.0, 0.0, 0.0, 0.0, 0.0, 0.0, 0.0, 0.0, 2.0], "bins": [-76.9009017944336, -74.11449432373047, -71.32808685302734, -68.54167938232422, -65.7552719116211, -62.96886444091797, -60.182456970214844, -57.39604949951172, -54.609642028808594, -51.82323455810547, -49.036827087402344, -46.25041961669922, -43.464012145996094, -40.67760467529297, -37.891197204589844, -35.10478973388672, -32.318382263183594, -29.53197479248047, -26.745567321777344, -23.95915985107422, -21.172752380371094, -18.38634490966797, -15.599937438964844, -12.813529968261719, -10.027122497558594, -7.240715026855469, -4.454307556152344, -1.6679000854492188, 1.1185073852539062, 3.9049148559570312, 6.691322326660156, 9.477729797363281, 12.264129638671875, 15.050537109375, 17.836944580078125, 20.62335205078125, 23.409759521484375, 26.1961669921875, 28.982574462890625, 31.76898193359375, 34.555389404296875, 37.341796875, 40.128204345703125, 42.91461181640625, 45.701019287109375, 48.4874267578125, 51.273834228515625, 54.06024169921875, 56.846649169921875, 59.633056640625, 62.419464111328125, 65.20587158203125, 67.99227905273438, 70.7786865234375, 73.56509399414062, 76.35150146484375, 79.13790893554688, 81.92431640625, 84.71072387695312, 87.49713134765625, 90.28353881835938, 93.0699462890625, 95.85635375976562, 98.64276123046875, 101.42916870117188]}, "gradients/rnn_cell.bias_ih": {"_type": "histogram", "values": [1.0, 0.0, 0.0, 0.0, 0.0, 0.0, 0.0, 0.0, 0.0, 0.0, 0.0, 0.0, 0.0, 0.0, 1.0, 0.0, 0.0, 0.0, 0.0, 0.0, 4.0, 365.0, 4.0, 4.0, 2.0, 0.0, 0.0, 0.0, 0.0, 0.0, 0.0, 0.0, 0.0, 0.0, 0.0, 0.0, 0.0, 0.0, 0.0, 1.0, 0.0, 0.0, 0.0, 1.0, 0.0, 0.0, 0.0, 0.0, 0.0, 0.0, 0.0, 0.0, 0.0, 0.0, 0.0, 0.0, 0.0, 0.0, 0.0, 0.0, 0.0, 0.0, 0.0, 1.0],