{"train_loss": 0.01954973116517067, "_timestamp": 1712138320.586556, "_runtime": 12.01459288597107, "_step": 220, "epoch_train_loss": 0.17325790226459503, "epoch_val_loss": 0.1742489244788885}