{"train_loss": 29.492015838623047, "_timestamp": 1712136252.5576699, "_runtime": 33.715858936309814, "_step": 514, "epoch_train_loss": 294.9486389160156, "epoch_val_loss": 294.20048332214355}