{"loss": 3494.517357945442, "_timestamp": 1709024731.594708, "_runtime": 113.17724394798279, "_step": 3508, "y loss": 1248.7281776710793, "avg_loss": 66.9855649471283, "avg_y_loss": 1233.7862844467163, "val_loss": 69.25719104669032}