{"train_loss": 265.1874084472656, "_timestamp": 1712224418.627579, "_runtime": 34.704456090927124, "_step": 350, "epoch_train_loss": 2651.152099609375, "epoch_val_loss": 2637.2645568847656}