{"train_loss": 208.8616485595703, "_timestamp": 1712223751.303361, "_runtime": 2.340045928955078, "_step": 10, "epoch_train_loss": 2088.616455078125, "_wandb": {"runtime": 1}}