{"loss": 63.42664607174425, "_timestamp": 1709031779.3947961, "_runtime": 163.74566006660461, "_step": 2005, "y loss": 1299.5263917608913, "avg_loss": 63.9072530567646, "avg_y_loss": 1309.3865551948547, "val_loss": 64.67421854459323}