{"train_loss": 170.36361694335938, "_timestamp": 1711624569.9522269, "_runtime": 135.50627899169922, "_step": 54056, "epoch_train_loss": 16366.279296875, "epoch_val_loss": 16001.366694450378, "gradients/h2o.bias": {"_type": "histogram", "values": [1.0, 0.0, 0.0, 0.0, 0.0, 0.0, 0.0, 0.0, 0.0, 0.0, 0.0, 0.0, 0.0, 0.0, 0.0, 0.0, 0.0, 0.0, 0.0, 0.0, 0.0, 0.0, 0.0, 0.0, 0.0, 0.0, 0.0, 0.0, 0.0, 0.0, 0.0, 0.0, 0.0, 0.0, 0.0, 0.0, 0.0, 0.0, 0.0, 0.0, 0.0, 0.0, 0.0, 0.0, 0.0, 0.0, 0.0, 0.0, 0.0, 0.0, 0.0, 0.0, 0.0, 0.0, 0.0, 0.0, 0.0, 0.0, 0.0, 0.0, 0.0, 0.0, 0.0, 1.0], "bins": [2.0073933601379395, 2.009350061416626, 2.0113067626953125, 2.013263463973999, 2.0152201652526855, 2.017176866531372, 2.0191338062286377, 2.021090507507324, 2.0230472087860107, 2.0250039100646973, 2.026960611343384, 2.0289173126220703, 2.030874013900757, 2.0328307151794434, 2.03478741645813, 2.0367441177368164, 2.038701057434082, 2.0406577587127686, 2.042614459991455, 2.0445711612701416, 2.046527862548828, 2.0484845638275146, 2.050441265106201, 2.0523979663848877, 2.054354667663574, 2.0563113689422607, 2.0582680702209473, 2.060225009918213, 2.0621817111968994, 2.064138412475586, 2.0660951137542725, 2.068051815032959, 2.0700085163116455, 2.071965217590332, 2.0739219188690186, 2.075878620147705, 2.0778353214263916, 2.079792022705078, 2.0817489624023438, 2.0837056636810303, 2.085662364959717, 2.0876190662384033, 2.08957576751709, 2.0915324687957764, 2.093489170074463, 2.0954458713531494, 2.097402572631836, 2.0993592739105225, 2.101315975189209, 2.1032729148864746, 2.105229616165161, 2.1071863174438477, 2.109143018722534, 2.1110997200012207, 2.1130564212799072, 2.1150131225585938, 2.1169698238372803, 2.118926525115967, 2.1208832263946533, 2.122840166091919, 2.1247968673706055, 2.126753568649292, 2.1287102699279785, 2.130666971206665, 2.1326236724853516]}, "gradients/h2o.weight": {"_type": "histogram", "values": [1.0, 1.0, 0.0, 0.0, 0.0, 0.0, 0.0, 0.0, 0.0, 0.0, 0.0, 0.0, 0.0, 0.0, 0.0, 2.0, 0.0, 0.0, 0.0, 0.0, 0.0, 0.0, 0.0, 1.0, 1.0, 0.0, 0.0, 2.0, 10.0, 18.0, 12.0, 9.0, 3.0, 0.0, 0.0, 0.0, 0.0, 0.0, 2.0, 0.0, 0.0, 0.0, 0.0, 0.0, 0.0, 0.0, 0.0, 0.0, 0.0, 0.0, 0.0, 0.0, 0.0, 0.0, 0.0, 0.0, 0.0, 0.0, 0.0, 0.0, 0.0, 0.0, 1.0, 1.0], "bins": [-148.81649780273438, -143.86521911621094, -138.9139404296875, -133.96266174316406, -129.01138305664062, -124.06011199951172, -119.10883331298828, -114.15755462646484, -109.2062759399414, -104.25499725341797, -99.30371856689453, -94.3524398803711, -89.40116882324219, -84.44989013671875, -79.49861145019531, -74.54733276367188, -69.59605407714844, -64.644775390625, -59.69349670410156, -54.74222183227539, -49.79094314575195, -44.839664459228516, -39.888389587402344, -34.937110900878906, -29.98583221435547, -25.03455352783203, -20.083276748657227, -15.131999015808105, -10.180721282958984, -5.229443550109863, -0.2781658172607422, 4.673111915588379, 9.624374389648438, 14.575652122497559, 19.52692985534668, 24.478206634521484, 29.429485321044922, 34.38076400756836, 39.33203887939453, 44.28331756591797, 49.234596252441406, 54.185874938964844, 59.13715362548828, 64.08843231201172, 69.03970336914062, 73.99098205566406, 78.9422607421875, 83.89353942871094, 88.84481811523438, 93.79609680175781, 98.74737548828125, 103.69865417480469, 108.64993286132812, 113.60120391845703, 118.55248260498047, 123.5037612915039, 128.45504760742188, 133.40631103515625, 138.3575897216797, 143.30886840820312, 148.26014709472656, 153.21142578125, 158.16270446777344, 163.11398315429688, 168.0652618408203]}, "gradients/i2h.bias": {"_type": "histogram", "values": [1.0, 0.0, 0.0, 0.0, 0.0, 0.0, 0.0, 0.0, 0.0, 0.0, 0.0, 0.0, 0.0, 0.0, 0.0, 0.0, 0.0, 0.0, 0.0, 0.0, 0.0, 0.0, 0.0, 0.0, 0.0, 1.0, 0.0, 0.0, 0.0, 1.0, 0.0, 0.0, 0.0, 0.0, 0.0, 0.0, 0.0, 0.0, 0.0, 0.0, 0.0, 0.0, 1.0, 0.0, 0.0, 3.0, 2.0, 10.0, 4.0, 5.0, 2.0, 0.0, 0.0, 0.0, 0.0, 0.0, 0.0, 0.0, 0.0, 0.0, 0.0, 0.0, 0.0, 2.0], "bins": [-0.40145713090896606, -0.39311492443084717, -0.38477271795272827, -0.3764305114746094, -0.3680883049964905, -0.3597460985183716, -0.3514038920402527, -0.3430616855621338, -0.3347194790840149, -0.326377272605896, -0.3180350661277771, -0.3096928596496582, -0.3013506531715393, -0.2930084466934204, -0.2846662402153015, -0.2763240337371826, -0.2679818272590637, -0.2596396207809448, -0.2512974143028259, -0.24295520782470703, -0.23461300134658813, -0.22627079486846924, -0.21792858839035034, -0.20958638191223145, -0.20124417543411255, -0.19290196895599365, -0.18455976247787476, -0.17621755599975586, -0.16787534952163696, -0.15953314304351807, -0.15119093656539917, -0.14284873008728027, -0.13450655341148376, -0.12616434693336487, -0.11782214045524597, -0.10947993397712708, -0.10113772749900818, -0.09279552102088928, -0.08445331454277039, -0.07611110806465149, -0.06776890158653259, -0.059426695108413696, -0.0510844886302948, -0.0427422821521759, -0.03440007567405701, -0.02605786919593811, -0.017715662717819214, -0.009373456239700317, -0.001031249761581421, 0.007310956716537476, 0.015653163194656372, 0.02399536967277527, 0.032337576150894165, 0.04067978262901306, 0.04902198910713196, 0.057364195585250854, 0.06570640206336975, 0.07404860854148865, 0.08239081501960754, 0.09073302149772644, 0.09907522797584534, 0.10741743445396423, 0.11575964093208313, 0.12410184741020203, 0.13244405388832092]}, "gradients/i2h.weight": {"_type": "histogram", "values": [1.0, 0.0, 0.0, 0.0, 0.0, 0.0, 0.0, 0.0, 0.0, 0.0, 0.0, 0.0, 0.0, 0.0, 0.0, 0.0, 0.0, 0.0, 0.0, 0.0, 0.0, 0.0, 0.0, 0.0, 0.0, 1.0, 0.0, 0.0, 0.0, 1.0, 0.0, 0.0, 0.0, 0.0, 0.0, 0.0, 0.0, 0.0, 0.0, 0.0, 0.0, 0.0, 1.0, 1.0, 0.0, 5.0, 8.0, 119.0, 964.0, 11.0, 5.0, 0.0, 1.0, 0.0, 0.0, 0.0, 0.0, 0.0, 0.0, 0.0, 0.0, 0.0, 0.0, 2.0], "bins": [-370.39776611328125, -362.7009582519531, -355.0041809082031, -347.307373046875, -339.6105651855469, -331.91375732421875, -324.21697998046875, -316.5201721191406, -308.8233642578125, -301.1265869140625, -293.4297790527344, -285.73297119140625, -278.03619384765625, -270.3393859863281, -262.642578125, -254.94578552246094, -247.24899291992188, -239.55218505859375, -231.8553924560547, -224.15858459472656, -216.4617919921875, -208.76498413085938, -201.0681915283203, -193.37139892578125, -185.67459106445312, -177.97779846191406, -170.28099060058594, -162.58419799804688, -154.8874053955078, -147.1905975341797, -139.49380493164062, -131.7969970703125, -124.10021209716797, -116.40341186523438, -108.70661163330078, -101.00981903076172, -93.31301879882812, -85.61621856689453, -77.91941833496094, -70.22261810302734, -62.525821685791016, -54.82902145385742, -47.132225036621094, -39.4354248046875, -31.73862648010254, -24.041828155517578, -16.345027923583984, -8.648229598999023, -0.9514312744140625, 6.745367527008057, 14.442166328430176, 22.138965606689453, 29.835763931274414, 37.532562255859375, 45.22936248779297, 52.9261589050293, 60.62295913696289, 68.31975555419922, 76.01655578613281, 83.7133560180664, 91.41015625, 99.1069564819336, 106.80374908447266, 114.50054931640625, 122.19734954833984]}}