{"loss": 30.789500057697296, "_timestamp": 1709030251.795578, "_runtime": 46.4621798992157, "_step": 514, "y loss": 1258.4900052547455, "avg_loss": 61.57900011539459, "avg_y_loss": 1261.3465399742126, "val_loss": 62.29525551429162}