{"loss": 69.25686295178471, "_timestamp": 1709024758.6630762, "_runtime": 4.294028043746948, "_step": 97, "y loss": 1275.6192004145407}