{"train_loss": 0.11636465787887573, "_timestamp": 1711630601.1954134, "_runtime": 67.49168944358826, "_step": 11531, "epoch_train_loss": 0.015792420133948326, "epoch_val_loss": 0.01556295738555491, "gradients/h2o.bias": {"_type": "histogram", "values": [1.0, 0.0, 0.0, 0.0, 0.0, 0.0, 0.0, 0.0, 0.0, 0.0, 0.0, 0.0, 0.0, 0.0, 0.0, 0.0, 0.0, 0.0, 0.0, 0.0, 0.0, 0.0, 0.0, 0.0, 0.0, 0.0, 0.0, 0.0, 0.0, 0.0, 0.0, 0.0, 0.0, 0.0, 0.0, 0.0, 0.0, 0.0, 0.0, 0.0, 0.0, 0.0, 0.0, 0.0, 0.0, 0.0, 0.0, 0.0, 0.0, 0.0, 0.0, 0.0, 0.0, 0.0, 0.0, 0.0, 0.0, 0.0, 0.0, 0.0, 0.0, 0.0, 0.0, 1.0], "bins": [-0.16535010933876038, -0.1641760915517807, -0.16300207376480103, -0.16182804107666016, -0.16065402328968048, -0.1594800055027008, -0.15830598771572113, -0.15713196992874146, -0.15595793724060059, -0.1547839194536209, -0.15360990166664124, -0.15243588387966156, -0.15126186609268188, -0.1500878483057022, -0.14891381561756134, -0.14773979783058167, -0.146565780043602, -0.14539176225662231, -0.14421774446964264, -0.14304371178150177, -0.1418696939945221, -0.14069567620754242, -0.13952165842056274, -0.13834764063358307, -0.1371736228466034, -0.13599959015846252, -0.13482557237148285, -0.13365155458450317, -0.1324775367975235, -0.13130351901054382, -0.13012948632240295, -0.12895546853542328, -0.1277814507484436, -0.12660743296146393, -0.12543341517448425, -0.12425938993692398, -0.12308536469936371, -0.12191134691238403, -0.12073732912540436, -0.11956330388784409, -0.11838928610086441, -0.11721526831388474, -0.11604124307632446, -0.11486722528934479, -0.11369320750236511, -0.11251918226480484, -0.11134516447782516, -0.11017113924026489, -0.10899712145328522, -0.10782310366630554, -0.10664907842874527, -0.1054750606417656, -0.10430103540420532, -0.10312701761722565, -0.10195299983024597, -0.1007789745926857, -0.09960495680570602, -0.09843093901872635, -0.09725691378116608, -0.0960828959941864, -0.09490887820720673, -0.09373485296964645, -0.09256083518266678, -0.0913868099451065, -0.09021279215812683]}, "gradients/h2o.weight": {"_type": "histogram", "values": [2.0, 0.0, 1.0, 2.0, 1.0, 2.0, 1.0, 1.0, 1.0, 2.0, 1.0, 5.0, 2.0, 6.0, 2.0, 2.0, 5.0, 2.0, 3.0, 6.0, 3.0, 5.0, 8.0, 4.0, 4.0, 6.0, 5.0, 11.0, 12.0, 4.0, 9.0, 5.0, 11.0, 7.0, 8.0, 9.0, 5.0, 11.0, 11.0, 3.0, 4.0, 7.0, 11.0, 5.0, 2.0, 5.0, 4.0, 0.0, 3.0, 5.0, 3.0, 0.0, 2.0, 2.0, 1.0, 1.0, 2.0, 2.0, 1.0, 0.0, 1.0, 1.0, 2.0, 4.0], "bins": [-0.16899152100086212, -0.1639549881219864, -0.15891845524311066, -0.15388192236423492, -0.1488453894853592, -0.14380885660648346, -0.13877232372760773, -0.133735790848732, -0.12869925796985626, -0.12366272509098053, -0.1186261922121048, -0.11358965933322906, -0.10855312645435333, -0.1035165935754776, -0.09848006069660187, -0.09344352781772614, -0.0884069949388504, -0.08337046205997467, -0.07833392918109894, -0.0732973963022232, -0.06826086342334747, -0.06322433054447174, -0.05818779766559601, -0.053151264786720276, -0.04811473190784454, -0.04307819902896881, -0.03804166615009308, -0.033005133271217346, -0.027968600392341614, -0.02293206751346588, -0.01789553463459015, -0.012859001755714417, -0.007822483777999878, -0.0027859508991241455, 0.002250581979751587, 0.007287114858627319, 0.012323647737503052, 0.017360180616378784, 0.022396713495254517, 0.02743324637413025, 0.03246977925300598, 0.037506312131881714, 0.042542845010757446, 0.04757937788963318, 0.05261591076850891, 0.057652443647384644, 0.06268897652626038, 0.06772550940513611, 0.07276204228401184, 0.07779857516288757, 0.0828351080417633, 0.08787164092063904, 0.09290817379951477, 0.0979447066783905, 0.10298123955726624, 0.10801777243614197, 0.1130543053150177, 0.11809083819389343, 0.12312737107276917, 0.1281639039516449, 0.13320043683052063, 0.13823696970939636, 0.1432735025882721, 0.14831003546714783, 0.15334656834602356]}, "gradients/rnn_cell.bias_ih": {"_type": "histogram", "values": [1.0, 0.0, 0.0, 0.0, 0.0, 0.0, 0.0, 0.0, 0.0, 1.0, 0.0, 0.0, 0.0, 0.0, 0.0, 0.0, 0.0, 0.0, 2.0, 2.0, 2.0, 1.0, 5.0, 3.0, 4.0, 13.0, 14.0, 111.0, 179.0, 22.0, 4.0, 4.0, 4.0, 2.0, 4.0, 2.0, 1.0, 0.0, 0.0, 0.0, 0.0, 0.0, 0.0, 0.0, 0.0, 0.0, 0.0, 0.0, 0.0, 0.0, 0.0, 0.0, 1.0, 0.0, 1.0, 0.0, 0.0, 0.0, 0.0, 0.0, 0.0, 0.0, 0.0, 1.0], "bins": [-0.14264681935310364, -0.13756074011325836, -0.13247466087341309, -0.1273885816335678, -0.12230250984430313, -0.11721643805503845, -0.11213035881519318, -0.1070442795753479, -0.10195820033550262, -0.09687212854623795, -0.09178604930639267, -0.0866999700665474, -0.08161389827728271, -0.07652781903743744, -0.07144173979759216, -0.06635566800832748, -0.06126958876848221, -0.05618351325392723, -0.051097434014081955, -0.04601135849952698, -0.0409252792596817, -0.035839203745126724, -0.030753128230571747, -0.02566705085337162, -0.020580973476171494, -0.015494896098971367, -0.010408819653093815, -0.0053227427415549755, -0.00023666583001613617, 0.004849411081522703, 0.009935487993061543, 0.015021564438939095, 0.02010764181613922, 0.025193719193339348, 0.030279796570539474, 0.03536587208509445, 0.04045195132493973, 0.045538026839494705, 0.05062410235404968, 0.05571018159389496, 0.060796257108449936, 0.06588233262300491, 0.07096841186285019, 0.07605449110269547, 0.08114056289196014, 0.08622664213180542, 0.0913127213716507, 0.09639879316091537, 0.10148487240076065, 0.10657095164060593, 0.1116570234298706, 0.11674310266971588, 0.12182918190956116, 0.12691526114940643, 0.1320013403892517, 0.1370874047279358, 0.14217348396778107, 0.14725956320762634, 0.15234564244747162, 0.1574317216873169, 0.16251780092716217, 0.16760386526584625, 0.17268994450569153, 0.1777760237455368, 0.18286210298538208]}, "gradients/rnn_cell.bias_hh": {"_type": "histogram", "values": [1.0, 0.0, 0.0, 0.0, 0.0, 0.0, 0.0, 0.0, 0.0, 0.0, 1.0, 0.0, 0.0, 0.0, 0.0, 0.0, 0.0, 0.0, 2.0, 0.0, 2.0, 0.0, 2.0, 2.0, 2.0, 6.0, 14.0, 115.0, 199.0, 20.0, 3.0, 4.0, 6.0, 1.0, 1.0, 0.0, 0.0, 0.0, 0.0, 0.0, 0.0, 0.0, 0.0, 0.0, 0.0, 0.0, 0.0, 0.0, 0.0, 0.0, 1.0, 0.0, 1.0, 0.0, 0.0, 0.0, 0.0, 0.0, 0.0, 0.0, 0.0, 0.0, 0.0, 1.0], "bins": [-0.1425771266222, -0.1374971866607666, -0.1324172466993332, -0.12733730673789978, -0.12225737422704697, -0.11717743426561356, -0.11209750175476074, -0.10701756179332733, -0.10193762183189392, -0.09685768187046051, -0.0917777419090271, -0.08669780939817429, -0.08161786943674088, -0.07653792947530746, -0.07145799696445465, -0.06637805700302124, -0.06129811704158783, -0.05621817708015442, -0.05113824084401131, -0.046058304607868195, -0.040978364646434784, -0.03589842468500137, -0.03081848844885826, -0.02573855035007, -0.02065861225128174, -0.015578674152493477, -0.010498736053705215, -0.005418797954916954, -0.0003388598561286926, 0.004741078242659569, 0.00982101634144783, 0.014900954440236092, 0.019980892539024353, 0.025060830637812614, 0.030140768736600876, 0.03522070497274399, 0.0403006449341774, 0.04538058489561081, 0.05046052113175392, 0.055540457367897034, 0.060620397329330444, 0.06570033729076385, 0.07078027725219727, 0.07586020976305008, 0.08094014972448349, 0.0860200896859169, 0.09110002219676971, 0.09617996215820312, 0.10125990211963654, 0.10633984208106995, 0.11141978204250336, 0.11649971455335617, 0.12157965451478958, 0.1266595870256424, 0.1317395269870758, 0.13681946694850922, 0.14189940690994263, 0.14697934687137604, 0.15205928683280945, 0.15713922679424286, 0.16221916675567627, 0.1672990918159485, 0.1723790317773819, 0.1774589717388153, 0.18253891170024872]}, "gradients/rnn_cell.weight_hh": {"_type": "histogram", "values": [1.0, 0.0, 1.0, 0.0, 0.0, 0.0, 0.0, 0.0, 1.0, 0.0, 0.0, 1.0, 2.0, 0.0, 2.0, 1.0, 2.0, 3.0, 3.0, 6.0, 5.0, 3.0, 15.0, 20.0, 16.0, 13.0, 36.0, 48.0, 83.0, 180.0, 178.0, 310.0, 325.0, 594.0, 1234.0, 4325.0, 30120.0, 7927.0, 1607.0, 640.0, 397.0, 338.0, 237.0, 197.0, 92.0, 64.0, 32.0, 17.0, 14.0, 19.0, 17.0, 2.0, 1.0, 7.0, 2.0, 5.0, 2.0, 3.0, 0.0, 0.0, 1.0, 2.0, 0.0, 1.0],