{"train_loss": 186.5819091796875, "_timestamp": 1711622650.9485283, "_runtime": 29.71057438850403, "_step": 9999, "epoch_train_loss": 1483.843994140625, "epoch_val_loss": 1780.8875732421875, "gradients/h2o.bias": {"_type": "histogram", "values": [1.0, 0.0, 0.0, 0.0, 0.0, 0.0, 0.0, 0.0, 0.0, 0.0, 0.0, 0.0, 0.0, 0.0, 0.0, 0.0, 0.0, 0.0, 0.0, 0.0, 0.0, 0.0, 0.0, 0.0, 0.0, 0.0, 0.0, 0.0, 0.0, 0.0, 0.0, 0.0, 0.0, 0.0, 0.0, 0.0, 0.0, 0.0, 0.0, 0.0, 0.0, 0.0, 0.0, 0.0, 0.0, 0.0, 0.0, 0.0, 0.0, 0.0, 0.0, 0.0, 0.0, 0.0, 0.0, 0.0, 0.0, 0.0, 0.0, 0.0, 0.0, 0.0, 0.0, 1.0], "bins": [6.484823703765869, 6.48607873916626, 6.48733377456665, 6.488588809967041, 6.489843845367432, 6.491098880767822, 6.492353916168213, 6.493608474731445, 6.494863510131836, 6.496118545532227, 6.497373580932617, 6.498628616333008, 6.499883651733398, 6.501138687133789, 6.50239372253418, 6.50364875793457, 6.504903793334961, 6.506158828735352, 6.507413864135742, 6.508668899536133, 6.509923458099365, 6.511178493499756, 6.5124335289001465, 6.513688564300537, 6.514943599700928, 6.516198635101318, 6.517453670501709, 6.5187087059021, 6.51996374130249, 6.521218776702881, 6.5224738121032715, 6.523728847503662, 6.5249834060668945, 6.526238441467285, 6.527493476867676, 6.528748512268066, 6.530003547668457, 6.531258583068848, 6.532513618469238, 6.533768653869629, 6.5350236892700195, 6.53627872467041, 6.537533760070801, 6.538788795471191, 6.540043830871582, 6.5412983894348145, 6.542553424835205, 6.543808460235596, 6.545063495635986, 6.546318531036377, 6.547573566436768, 6.548828601837158, 6.550083637237549, 6.5513386726379395, 6.55259370803833, 6.553848743438721, 6.555103778839111, 6.556358814239502, 6.557613372802734, 6.558868408203125, 6.560123443603516, 6.561378479003906, 6.562633514404297, 6.5638885498046875, 6.565143585205078]}, "gradients/h2o.weight": {"_type": "histogram", "values": [12.0, 0.0, 0.0, 0.0, 0.0, 0.0, 0.0, 0.0, 0.0, 0.0, 0.0, 0.0, 0.0, 0.0, 0.0, 0.0, 0.0, 0.0, 0.0, 0.0, 0.0, 0.0, 0.0, 0.0, 0.0, 0.0, 0.0, 0.0, 0.0, 0.0, 0.0, 0.0, 0.0, 0.0, 0.0, 0.0, 0.0, 0.0, 0.0, 0.0, 0.0, 0.0, 0.0, 0.0, 0.0, 0.0, 0.0, 0.0, 0.0, 0.0, 0.0, 0.0, 0.0, 0.0, 0.0, 0.0, 0.0, 0.0, 0.0, 0.0, 0.0, 0.0, 0.0, 20.0], "bins": [-6.565143585205078, -6.359982967376709, -6.15482234954834, -5.9496612548828125, -5.744500637054443, -5.539340019226074, -5.334178924560547, -5.129018306732178, -4.923857688903809, -4.7186970710754395, -4.51353645324707, -4.308375358581543, -4.103214740753174, -3.8980541229248047, -3.6928932666778564, -3.487732410430908, -3.282571792602539, -3.07741117477417, -2.8722503185272217, -2.6670894622802734, -2.4619288444519043, -2.256768226623535, -2.051607370376587, -1.8464466333389282, -1.6412858963012695, -1.4361251592636108, -1.2309644222259521, -1.0258036851882935, -0.8206429481506348, -0.6154822111129761, -0.4103214740753174, -0.2051607370376587, 0.0, 0.2051607370376587, 0.4103214740753174, 0.6154822111129761, 0.8206429481506348, 1.0258036851882935, 1.2309644222259521, 1.4361251592636108, 1.6412858963012695, 1.8464466333389282, 2.051607370376587, 2.256768226623535, 2.4619288444519043, 2.6670894622802734, 2.8722503185272217, 3.07741117477417, 3.282571792602539, 3.487732410430908, 3.6928932666778564, 3.8980541229248047, 4.103214740753174, 4.308375358581543, 4.51353645324707, 4.7186970710754395, 4.923857688903809, 5.129018306732178, 5.334178924560547, 5.539340019226074, 5.744500637054443, 5.9496612548828125, 6.15482234954834, 6.359982967376709, 6.565143585205078]}, "gradients/rnn_cell.bias_ih": {"_type": "histogram", "values": [1.0, 0.0, 0.0, 0.0, 0.0, 0.0, 0.0, 0.0, 0.0, 0.0, 0.0, 0.0, 0.0, 0.0, 0.0, 0.0, 0.0, 0.0, 0.0, 0.0, 0.0, 0.0, 0.0, 0.0, 0.0, 0.0, 0.0, 0.0, 0.0, 0.0, 0.0, 0.0, 0.0, 0.0, 0.0, 0.0, 0.0, 0.0, 0.0, 0.0, 0.0, 0.0, 0.0, 0.0, 0.0, 0.0, 0.0, 0.0, 0.0, 0.0, 0.0, 0.0, 0.0, 0.0, 0.0, 0.0, 0.0, 0.0, 0.0, 0.0, 0.0, 0.0, 0.0, 15.0], "bins": [-0.0015822509303689003, -0.0015575282741338015, -0.0015328056178987026, -0.0015080829616636038, -0.001483360305428505, -0.0014586375327780843, -0.0014339148765429854, -0.0014091922203078866, -0.0013844695640727878, -0.001359746907837689, -0.00133502425160259, -0.0013103015953674912, -0.0012855788227170706, -0.0012608561664819717, -0.001236133510246873, -0.001211410854011774, -0.0011866881977766752, -0.0011619655415415764, -0.0011372428853064775, -0.0011125202290713787, -0.0010877975728362799, -0.0010630748001858592, -0.0010383521439507604, -0.0010136294877156615, -0.0009889068314805627, -0.0009641841752454638, -0.000939461519010365, -0.0009147388045676053, -0.0008900161483325064, -0.0008652934920974076, -0.0008405707776546478, -0.000815848121419549, -0.0007911254651844501, -0.0007664028089493513, -0.0007416801527142525, -0.0007169574382714927, -0.0006922347820363939, -0.000667512125801295, -0.0006427894113585353, -0.0006180667551234365, -0.0005933440988883376, -0.0005686214426532388, -0.0005438987864181399, -0.0005191760719753802, -0.0004944534157402813, -0.0004697307595051825, -0.0004450080741662532, -0.0004202853888273239, -0.0003955627325922251, -0.00037084007635712624, -0.00034611739101819694, -0.00032139470567926764, -0.0002966720494441688, -0.00027194939320906997, -0.00024722670787014067, -0.0002225040370831266, -0.00019778136629611254, -0.00017305869550909847, -0.0001483360247220844, -0.00012361335393507034, -9.889068314805627e-05, -7.41680123610422e-05, -4.9445341574028134e-05, -2.4722670787014067e-05, 0.0]}, "gradients/rnn_cell.weight_ih": {"_type": "histogram", "values": [1.0, 0.0, 0.0, 0.0, 0.0, 0.0, 0.0, 0.0, 0.0, 0.0, 0.0, 0.0, 0.0, 0.0, 0.0, 0.0, 0.0, 0.0, 0.0, 0.0, 0.0, 0.0, 0.0, 0.0, 0.0, 0.0, 0.0, 0.0, 0.0, 0.0, 0.0, 0.0, 0.0, 0.0, 0.0, 0.0, 0.0, 0.0, 0.0, 0.0, 0.0, 0.0, 0.0, 0.0, 0.0, 0.0, 0.0, 0.0, 0.0, 0.0, 0.0, 0.0, 0.0, 0.0, 0.0, 0.0, 0.0, 0.0, 0.0, 0.0, 0.0, 0.0, 0.0, 47.0], "bins": [-4.436413288116455, -4.36709451675415, -4.2977752685546875, -4.228456497192383, -4.15913724899292, -4.089818477630615, -4.0204997062683105, -3.9511806964874268, -3.881861686706543, -3.812542676925659, -3.7432236671447754, -3.6739046573638916, -3.604585886001587, -3.535266876220703, -3.4659478664398193, -3.3966288566589355, -3.327310085296631, -3.257991075515747, -3.1886720657348633, -3.1193530559539795, -3.0500340461730957, -2.980715274810791, -2.9113962650299072, -2.8420772552490234, -2.7727582454681396, -2.703439235687256, -2.634120464324951, -2.5648014545440674, -2.4954824447631836, -2.4261634349823, -2.356844663619995, -2.2875256538391113, -2.2182066440582275, -2.1488876342773438, -2.07956862449646, -2.0102498531341553, -1.9409308433532715, -1.8716118335723877, -1.8022929430007935, -1.7329739332199097, -1.6636550426483154, -1.5943360328674316, -1.5250170230865479, -1.4556981325149536, -1.3863791227340698, -1.3170602321624756, -1.2477412223815918, -1.1784223318099976, -1.1091033220291138, -1.03978431224823, -0.9704654216766357, -0.9011464715003967, -0.8318275213241577, -0.7625085115432739, -0.6931895613670349, -0.6238706111907959, -0.5545516610145569, -0.48523271083831787, -0.41591376066207886, -0.34659478068351746, -0.27727583050727844, -0.20795688033103943, -0.13863791525363922, -0.06931895762681961, 0.0]}, "gradients/rnn_cell.bias_hh": {"_type": "histogram", "values": [1.0, 0.0, 0.0, 0.0, 0.0, 0.0, 0.0, 0.0, 0.0, 0.0, 0.0, 0.0, 0.0, 0.0, 0.0, 0.0, 0.0, 0.0, 0.0, 0.0, 0.0, 0.0, 0.0, 0.0, 0.0, 0.0, 0.0, 0.0, 0.0, 0.0, 0.0, 0.0, 0.0, 0.0, 0.0, 0.0, 0.0, 0.0, 0.0, 0.0, 0.0, 0.0, 0.0, 0.0, 0.0, 0.0, 0.0, 0.0, 0.0, 0.0, 0.0, 0.0, 0.0, 0.0, 0.0, 0.0, 0.0, 0.0, 0.0, 0.0, 0.0, 0.0, 0.0, 15.0],