{"train_loss": 242.1216278076172, "_timestamp": 1711628968.7536318, "_runtime": 108.37073373794556, "_step": 36311, "epoch_train_loss": 24134.052734375, "epoch_val_loss": 27277.831260681152, "gradients/h2o.bias": {"_type": "histogram", "values": [1.0, 0.0, 0.0, 0.0, 0.0, 0.0, 0.0, 0.0, 0.0, 0.0, 0.0, 0.0, 0.0, 0.0, 0.0, 0.0, 0.0, 0.0, 0.0, 0.0, 0.0, 0.0, 0.0, 0.0, 0.0, 0.0, 0.0, 0.0, 0.0, 0.0, 0.0, 0.0, 0.0, 0.0, 0.0, 0.0, 0.0, 0.0, 0.0, 0.0, 0.0, 0.0, 0.0, 0.0, 0.0, 0.0, 0.0, 0.0, 0.0, 0.0, 0.0, 0.0, 0.0, 0.0, 0.0, 0.0, 0.0, 0.0, 0.0, 0.0, 0.0, 0.0, 0.0, 1.0], "bins": [-4.396203517913818, -4.395622730255127, -4.3950419425964355, -4.394460678100586, -4.3938798904418945, -4.393299102783203, -4.392718315124512, -4.392137050628662, -4.391556262969971, -4.390975475311279, -4.390394687652588, -4.389813423156738, -4.389232635498047, -4.3886518478393555, -4.388071060180664, -4.3874897956848145, -4.386909008026123, -4.386328220367432, -4.38574743270874, -4.385166645050049, -4.384585380554199, -4.384004592895508, -4.383423805236816, -4.382843017578125, -4.382261753082275, -4.381680965423584, -4.381100177764893, -4.380519390106201, -4.379938125610352, -4.37935733795166, -4.378776550292969, -4.378195762634277, -4.377614974975586, -4.377033710479736, -4.376452922821045, -4.3758721351623535, -4.375291347503662, -4.3747100830078125, -4.374129295349121, -4.37354850769043, -4.372967720031738, -4.372386455535889, -4.371805667877197, -4.371224880218506, -4.3706440925598145, -4.370062828063965, -4.369482040405273, -4.368901252746582, -4.368320465087891, -4.367739677429199, -4.36715841293335, -4.366577625274658, -4.365996837615967, -4.365416049957275, -4.364834785461426, -4.364253997802734, -4.363673210144043, -4.363092422485352, -4.362511157989502, -4.3619303703308105, -4.361349582672119, -4.360768795013428, -4.360187530517578, -4.359606742858887, -4.359025955200195]}, "gradients/h2o.weight": {"_type": "histogram", "values": [2.0, 20.0, 0.0, 0.0, 0.0, 2.0, 0.0, 0.0, 0.0, 0.0, 0.0, 0.0, 0.0, 0.0, 0.0, 0.0, 0.0, 0.0, 2.0, 0.0, 0.0, 2.0, 0.0, 0.0, 0.0, 0.0, 0.0, 2.0, 0.0, 2.0, 0.0, 0.0, 0.0, 0.0, 0.0, 0.0, 0.0, 0.0, 0.0, 26.0, 0.0, 0.0, 0.0, 0.0, 0.0, 2.0, 0.0, 0.0, 0.0, 2.0, 0.0, 0.0, 0.0, 0.0, 0.0, 0.0, 0.0, 0.0, 0.0, 0.0, 0.0, 0.0, 0.0, 2.0], "bins": [-4.624805450439453, -4.399265289306641, -4.173725128173828, -3.9481847286224365, -3.722644567489624, -3.4971044063568115, -3.27156400680542, -3.0460238456726074, -2.820483684539795, -2.5949435234069824, -2.36940336227417, -2.1438629627227783, -1.9183228015899658, -1.6927826404571533, -1.4672423601150513, -1.2417020797729492, -1.0161619186401367, -0.7906216979026794, -0.5650814771652222, -0.3395412564277649, -0.11400103569030762, 0.11153918504714966, 0.33707940578460693, 0.5626196265220642, 0.7881598472595215, 1.013700008392334, 1.239240288734436, 1.464780569076538, 1.6903207302093506, 1.915860891342163, 2.1414012908935547, 2.366941452026367, 2.5924816131591797, 2.818021774291992, 3.0435619354248047, 3.2691023349761963, 3.494642496109009, 3.7201826572418213, 3.945723056793213, 4.171263217926025, 4.396803379058838, 4.62234354019165, 4.847883701324463, 5.073423862457275, 5.298964500427246, 5.524504661560059, 5.750044822692871, 5.975584983825684, 6.201125144958496, 6.426665306091309, 6.652205467224121, 6.877745628356934, 7.103285789489746, 7.328826427459717, 7.554366588592529, 7.779906749725342, 8.005447387695312, 8.230987548828125, 8.456527709960938, 8.68206787109375, 8.907608032226562, 9.133148193359375, 9.358688354492188, 9.584228515625, 9.809768676757812]}, "gradients/rnn_cell.bias_hh": {"_type": "histogram", "values": [94.0, 0.0, 0.0, 0.0, 0.0, 0.0, 0.0, 0.0, 0.0, 0.0, 0.0, 0.0, 0.0, 0.0, 0.0, 0.0, 0.0, 0.0, 0.0, 0.0, 0.0, 0.0, 0.0, 0.0, 0.0, 0.0, 0.0, 0.0, 0.0, 0.0, 0.0, 0.0, 0.0, 0.0, 0.0, 0.0, 0.0, 0.0, 0.0, 0.0, 0.0, 0.0, 0.0, 0.0, 0.0, 0.0, 0.0, 0.0, 0.0, 0.0, 0.0, 0.0, 0.0, 0.0, 0.0, 0.0, 0.0, 0.0, 0.0, 0.0, 0.0, 0.0, 0.0, 2.0], "bins": [-3.5821802609695835e-15, 7.634282095381195e-10, 1.5268600828122203e-09, 2.290291956086321e-09, 3.0537237183381194e-09, 3.817155480589918e-09, 4.580587464886321e-09, 5.344019005093514e-09, 6.107450989389918e-09, 6.870882973686321e-09, 7.634314513893514e-09, 8.397746498189917e-09, 9.16117848248632e-09, 9.924610466782724e-09, 1.0688041562900708e-08, 1.145147354719711e-08, 1.2214905531493514e-08, 1.2978337515789917e-08, 1.374176950008632e-08, 1.4505200596204304e-08, 1.5268632580500707e-08, 1.603206456479711e-08, 1.6795496549093514e-08, 1.7558928533389917e-08, 1.832236051768632e-08, 1.9085792501982723e-08, 1.9849224486279127e-08, 2.061265469421869e-08, 2.1376086678515094e-08, 2.2139518662811497e-08, 2.29029506471079e-08, 2.3666382631404304e-08, 2.4429814615700707e-08, 2.519324659999711e-08, 2.5956678584293513e-08, 2.6720110568589917e-08, 2.748354255288632e-08, 2.8246974537182723e-08, 2.9010404745122287e-08, 2.977383672941869e-08, 3.0537268713715093e-08, 3.1300700698011497e-08, 3.20641326823079e-08, 3.28275646666043e-08, 3.3590996650900706e-08, 3.435442863519711e-08, 3.511786061949351e-08, 3.5881292603789916e-08, 3.664472458808632e-08, 3.740815657238272e-08, 3.8171588556679126e-08, 3.893502054097553e-08, 3.969845252527193e-08, 4.0461884509568335e-08, 4.122531294115106e-08, 4.198874492544746e-08, 4.2752176909743866e-08, 4.351560889404027e-08, 4.427904087833667e-08, 4.5042472862633076e-08, 4.580590484692948e-08, 4.656933683122588e-08, 4.7332768815522286e-08, 4.809620079981869e-08, 4.885963278411509e-08]}, "gradients/rnn_cell.weight_hh": {"_type": "histogram", "values": [2.0, 0.0, 0.0, 0.0, 0.0, 0.0, 0.0, 0.0, 0.0, 0.0, 0.0, 0.0, 0.0, 2.0, 0.0, 0.0, 0.0, 0.0, 2.0, 2.0, 0.0, 1.0, 3.0, 0.0, 6.0, 0.0, 2.0, 0.0, 3.0, 2.0, 3.0, 0.0, 0.0, 4.0, 2.0, 2.0, 0.0, 0.0, 0.0, 0.0, 0.0, 2.0, 3008.0, 0.0, 2.0, 0.0, 0.0, 0.0, 0.0, 0.0, 1.0, 1.0, 0.0, 1.0, 1.0, 1.0, 5.0, 2.0, 2.0, 2.0, 2.0, 0.0, 4.0, 2.0], "bins": [-1.0902626712550045e-07, -1.064575201326079e-07, -1.0388877313971534e-07, -1.0132001904139543e-07, -9.875127204850287e-08, -9.618252505561031e-08, -9.361377806271776e-08, -9.104502396439784e-08, -8.847627697150529e-08, -8.590752997861273e-08, -8.333878298572017e-08, -8.077003599282762e-08, -7.82012818945077e-08, -7.563253490161514e-08, -7.306378790872259e-08, -7.049504091583003e-08, -6.792629392293748e-08, -6.535753982461756e-08, -6.2788792831725e-08, -6.022004583883245e-08, -5.765129529322621e-08, -5.5082548300333656e-08, -5.251379775472742e-08, -4.9945050761834864e-08, -4.737630376894231e-08, -4.480755322333607e-08, -4.2238806230443515e-08, -3.967005568483728e-08, -3.710130869194472e-08, -3.453255814633849e-08, -3.196381115344593e-08, -2.9395062384196535e-08, -2.682631361494714e-08, -2.4257564845697743e-08, -2.1688816076448347e-08, -1.912006730719895e-08, -1.6551318537949555e-08, -1.3982570656878579e-08, -1.1413822775807603e-08, -8.845074006558207e-09, -6.276325237308811e-09, -3.7075766901040197e-09, -1.1388281428992286e-09, 1.4299204043055624e-09, 3.9986689515103535e-09, 6.5674177207597495e-09, 9.136165601830726e-09, 1.1704914371080122e-08, 1.4273663140329518e-08, 1.6842411909578914e-08, 1.941116067882831e-08, 2.1979909448077706e-08, 2.4548658217327102e-08, 2.7117405210219658e-08, 2.9686153979469054e-08, 3.225490274871845e-08, 3.482364974161101e-08, 3.739240028721724e-08, 3.99611472801098e-08, 4.2529897825716034e-08, 4.509864481860859e-08, 4.7667395364214826e-08, 5.023614235710738e-08, 5.280489290271362e-08, 5.5373639895606175e-08]}, "gradients/rnn_cell.bias_ih": {"_type": "histogram", "values": [94.0, 0.0, 0.0, 0.0, 0.0, 0.0, 0.0, 0.0, 0.0, 0.0, 0.0, 0.0, 0.0, 0.0, 0.0, 0.0, 0.0, 0.0, 0.0, 0.0, 0.0, 0.0, 0.0, 0.0, 0.0, 0.0, 0.0, 0.0, 0.0, 0.0, 0.0, 0.0, 0.0, 0.0, 0.0, 0.0, 0.0, 0.0, 0.0, 0.0, 0.0, 0.0, 0.0, 0.0, 0.0, 0.0, 0.0, 0.0, 0.0, 0.0, 0.0, 0.0, 0.0, 0.0, 0.0, 0.0, 0.0, 0.0, 0.0, 0.0, 0.0, 0.0, 0.0, 2.0],