{"loss": 0.7293639146876567, "_timestamp": 1709031941.960557, "_runtime": 69.57940697669983, "_step": 829, "y loss": 14.938025861110502, "avg_loss": 0.7290833536535501, "avg_y_loss": 14.932488739490509, "val_loss": 61.47209808153984}