{"train_loss": 180.4872589111328, "_timestamp": 1711624821.781127, "_runtime": 45.5827739238739, "_step": 10811, "epoch_train_loss": 16820.3046875, "epoch_val_loss": 17256.73845744133, "gradients/h2o.bias": {"_type": "histogram", "values": [1.0, 0.0, 0.0, 0.0, 0.0, 0.0, 0.0, 0.0, 0.0, 0.0, 0.0, 0.0, 0.0, 0.0, 0.0, 0.0, 0.0, 0.0, 0.0, 0.0, 0.0, 0.0, 0.0, 0.0, 0.0, 0.0, 0.0, 0.0, 0.0, 0.0, 0.0, 0.0, 0.0, 0.0, 0.0, 0.0, 0.0, 0.0, 0.0, 0.0, 0.0, 0.0, 0.0, 0.0, 0.0, 0.0, 0.0, 0.0, 0.0, 0.0, 0.0, 0.0, 0.0, 0.0, 0.0, 0.0, 0.0, 0.0, 0.0, 0.0, 0.0, 0.0, 0.0, 1.0], "bins": [0.8080050945281982, 0.8101444840431213, 0.8122838735580444, 0.8144232630729675, 0.8165626525878906, 0.8187020421028137, 0.8208414316177368, 0.8229808211326599, 0.825120210647583, 0.8272596001625061, 0.8293989896774292, 0.8315383791923523, 0.8336777687072754, 0.8358171582221985, 0.8379565477371216, 0.8400959372520447, 0.8422353267669678, 0.8443747162818909, 0.846514105796814, 0.8486534953117371, 0.8507928848266602, 0.8529322743415833, 0.8550716638565063, 0.8572110533714294, 0.8593504428863525, 0.8614898324012756, 0.8636292219161987, 0.8657686114311218, 0.8679080009460449, 0.870047390460968, 0.8721867799758911, 0.8743261694908142, 0.8764655590057373, 0.8786049485206604, 0.8807443380355835, 0.8828837275505066, 0.8850231170654297, 0.8871625065803528, 0.8893018960952759, 0.891441285610199, 0.8935806751251221, 0.8957200646400452, 0.8978594541549683, 0.8999988436698914, 0.9021382331848145, 0.9042776226997375, 0.9064170122146606, 0.9085564017295837, 0.9106957912445068, 0.9128351807594299, 0.914974570274353, 0.9171139597892761, 0.9192533493041992, 0.9213927388191223, 0.9235321283340454, 0.9256715178489685, 0.9278109073638916, 0.9299502968788147, 0.9320896863937378, 0.9342290759086609, 0.936368465423584, 0.9385078549385071, 0.9406472444534302, 0.9427866339683533, 0.9449260234832764]}, "gradients/h2o.weight": {"_type": "histogram", "values": [1.0, 0.0, 0.0, 0.0, 2.0, 0.0, 1.0, 1.0, 1.0, 1.0, 0.0, 1.0, 0.0, 0.0, 1.0, 0.0, 2.0, 0.0, 3.0, 2.0, 0.0, 0.0, 0.0, 0.0, 0.0, 5.0, 3.0, 4.0, 0.0, 6.0, 11.0, 5.0, 0.0, 0.0, 0.0, 0.0, 1.0, 3.0, 2.0, 0.0, 0.0, 1.0, 0.0, 1.0, 1.0, 0.0, 0.0, 1.0, 0.0, 1.0, 0.0, 0.0, 1.0, 0.0, 0.0, 0.0, 0.0, 0.0, 1.0, 0.0, 0.0, 0.0, 0.0, 1.0], "bins": [-464.6824035644531, -448.7223815917969, -432.76239013671875, -416.8023681640625, -400.84234619140625, -384.8823547363281, -368.9223327636719, -352.96234130859375, -337.0023193359375, -321.04229736328125, -305.0823059082031, -289.1222839355469, -273.16229248046875, -257.2022705078125, -241.24224853515625, -225.28224182128906, -209.32223510742188, -193.3622283935547, -177.4022216796875, -161.44219970703125, -145.48219299316406, -129.52218627929688, -113.56217193603516, -97.60215759277344, -81.64215087890625, -65.68214416503906, -49.722129821777344, -33.76211929321289, -17.802108764648438, -1.8420982360839844, 14.117912292480469, 30.077922821044922, 46.03790283203125, 61.9979133605957, 77.95792388916016, 93.91793823242188, 109.87794494628906, 125.83795166015625, 141.7979736328125, 157.7579803466797, 173.71798706054688, 189.67799377441406, 205.63800048828125, 221.5980224609375, 237.5580291748047, 253.51803588867188, 269.4780578613281, 285.43804931640625, 301.3980712890625, 317.35809326171875, 333.3180847167969, 349.2781066894531, 365.23809814453125, 381.1981201171875, 397.15814208984375, 413.1181335449219, 429.0781555175781, 445.0381774902344, 460.9981689453125, 476.95819091796875, 492.918212890625, 508.8782043457031, 524.8381958007812, 540.7982177734375, 556.7582397460938]}, "gradients/i2h.bias": {"_type": "histogram", "values": [1.0, 0.0, 0.0, 0.0, 0.0, 0.0, 0.0, 0.0, 0.0, 0.0, 0.0, 1.0, 1.0, 0.0, 0.0, 0.0, 0.0, 0.0, 1.0, 0.0, 0.0, 1.0, 0.0, 0.0, 0.0, 0.0, 0.0, 0.0, 1.0, 1.0, 1.0, 1.0, 2.0, 2.0, 1.0, 0.0, 2.0, 0.0, 5.0, 1.0, 3.0, 0.0, 0.0, 1.0, 0.0, 0.0, 0.0, 1.0, 0.0, 0.0, 1.0, 0.0, 1.0, 0.0, 0.0, 0.0, 1.0, 0.0, 1.0, 0.0, 0.0, 0.0, 0.0, 1.0], "bins": [-0.31533941626548767, -0.3070624768733978, -0.298785537481308, -0.29050859808921814, -0.2822316586971283, -0.27395471930503845, -0.2656777799129486, -0.25740084052085876, -0.24912388622760773, -0.24084694683551788, -0.23257000744342804, -0.2242930680513382, -0.21601611375808716, -0.20773917436599731, -0.19946223497390747, -0.19118529558181763, -0.18290835618972778, -0.17463141679763794, -0.1663544774055481, -0.15807753801345825, -0.1498005986213684, -0.14152364432811737, -0.13324670493602753, -0.12496976554393768, -0.11669282615184784, -0.108415886759758, -0.10013894736766815, -0.09186200052499771, -0.08358506113290787, -0.07530812174081802, -0.06703117489814758, -0.05875423550605774, -0.05047732591629028, -0.04220038652420044, -0.0339234434068203, -0.025646502152085304, -0.01736956089735031, -0.009092619642615318, -0.0008156783878803253, 0.007461262866854668, 0.01573820412158966, 0.024015145376324654, 0.03229208663105965, 0.04056902974843979, 0.04884596914052963, 0.057122908532619476, 0.06539985537528992, 0.07367679476737976, 0.0819537341594696, 0.09023067355155945, 0.09850761294364929, 0.10678455978631973, 0.11506149917840958, 0.12333843857049942, 0.13161538541316986, 0.1398923248052597, 0.14816926419734955, 0.1564462035894394, 0.16472314298152924, 0.17300008237361908, 0.18127703666687012, 0.18955397605895996, 0.1978309154510498, 0.20610785484313965, 0.2143847942352295]}, "gradients/i2h.weight": {"_type": "histogram", "values": [1.0, 0.0, 0.0, 0.0, 0.0, 0.0, 0.0, 0.0, 0.0, 0.0, 0.0, 1.0, 1.0, 0.0, 0.0, 0.0, 0.0, 0.0, 1.0, 0.0, 0.0, 1.0, 0.0, 0.0, 0.0, 0.0, 0.0, 0.0, 2.0, 1.0, 1.0, 1.0, 5.0, 9.0, 13.0, 14.0, 46.0, 305.0, 606.0, 54.0, 21.0, 18.0, 4.0, 6.0, 1.0, 2.0, 0.0, 1.0, 0.0, 0.0, 1.0, 0.0, 1.0, 0.0, 0.0, 0.0, 1.0, 0.0, 1.0, 0.0, 0.0, 0.0, 0.0, 1.0], "bins": [-725.4494018554688, -706.4080200195312, -687.3666381835938, -668.3251953125, -649.2838134765625, -630.242431640625, -611.2010498046875, -592.15966796875, -573.1182861328125, -554.0768432617188, -535.0354614257812, -515.9940795898438, -496.95269775390625, -477.9112854003906, -458.8699035644531, -439.8284912109375, -420.787109375, -401.7457275390625, -382.7043151855469, -363.6629333496094, -344.62152099609375, -325.58013916015625, -306.53875732421875, -287.4973449707031, -268.4559631347656, -249.41456604003906, -230.3731689453125, -211.331787109375, -192.29039001464844, -173.24899291992188, -154.20761108398438, -135.1662139892578, -116.12484741210938, -97.08345031738281, -78.04206085205078, -59.000667572021484, -39.95927429199219, -20.91788101196289, -1.8764877319335938, 17.164905548095703, 36.206298828125, 55.2476921081543, 74.2890853881836, 93.33047485351562, 112.37187194824219, 131.41326904296875, 150.45465087890625, 169.4960479736328, 188.53744506835938, 207.57884216308594, 226.6202392578125, 245.66162109375, 264.7030029296875, 283.7444152832031, 302.7857971191406, 321.82720947265625, 340.86859130859375, 359.90997314453125, 378.9513854980469, 397.9927673339844, 417.0341796875, 436.0755615234375, 455.116943359375, 474.1583557128906, 493.1997375488281]}, "_wandb": {"runtime": 50}}