{"train_loss": 5662.00146484375, "_timestamp": 1712156135.361682, "_runtime": 24.66555905342102, "_step": 6203, "epoch_train_loss": 0.04386112466454506, "epoch_val_loss": 146123.625, "gradients/h2o.bias": {"_type": "histogram", "values": [2.0, 0.0, 0.0, 0.0, 0.0, 0.0, 0.0, 0.0, 0.0, 0.0, 0.0, 0.0, 0.0, 0.0, 0.0, 0.0, 0.0, 0.0, 0.0, 0.0, 0.0, 0.0, 1.0, 0.0, 0.0, 0.0, 0.0, 0.0, 0.0, 0.0, 0.0, 0.0, 0.0, 0.0, 0.0, 0.0, 0.0, 0.0, 0.0, 0.0, 0.0, 0.0, 0.0, 0.0, 0.0, 0.0, 0.0, 0.0, 0.0, 0.0, 0.0, 0.0, 0.0, 0.0, 0.0, 0.0, 0.0, 0.0, 0.0, 0.0, 0.0, 0.0, 0.0, 1.0], "bins": [-0.0029106372967362404, 0.045745640993118286, 0.09440191835165024, 0.143058180809021, 0.19171446561813354, 0.2403707504272461, 0.28902700543403625, 0.3376832902431488, 0.38633957505226135, 0.4349958598613739, 0.48365214467048645, 0.5323084592819214, 0.5809646844863892, 0.6296209692955017, 0.6782772541046143, 0.7269335389137268, 0.7755898237228394, 0.8242461085319519, 0.8729023933410645, 0.921558678150177, 0.9702149629592896, 1.0188711881637573, 1.0675275325775146, 1.1161837577819824, 1.1648399829864502, 1.2134963274002075, 1.2621525526046753, 1.3108088970184326, 1.3594651222229004, 1.4081214666366577, 1.4567776918411255, 1.5054340362548828, 1.5540902614593506, 1.6027464866638184, 1.6514028310775757, 1.7000590562820435, 1.7487154006958008, 1.7973716259002686, 1.8460279703140259, 1.8946841955184937, 1.943340539932251, 1.9919967651367188, 2.0406529903411865, 2.0893092155456543, 2.137965679168701, 2.186621904373169, 2.2352781295776367, 2.2839343547821045, 2.3325905799865723, 2.381247043609619, 2.429903268814087, 2.4785594940185547, 2.5272159576416016, 2.5758719444274902, 2.624528408050537, 2.673184633255005, 2.7218408584594727, 2.7704973220825195, 2.8191535472869873, 2.867809772491455, 2.916465997695923, 2.9651222229003906, 3.0137786865234375, 3.0624349117279053, 3.111091136932373]}, "gradients/h2o.weight": {"_type": "histogram", "values": [63.0, 0.0, 0.0, 0.0, 0.0, 0.0, 0.0, 0.0, 0.0, 0.0, 0.0, 0.0, 0.0, 0.0, 0.0, 0.0, 0.0, 0.0, 0.0, 0.0, 64.0, 0.0, 0.0, 0.0, 0.0, 0.0, 0.0, 1.0, 0.0, 0.0, 0.0, 128.0, 128.0, 0.0, 0.0, 0.0, 0.0, 0.0, 0.0, 0.0, 0.0, 0.0, 0.0, 64.0, 0.0, 0.0, 0.0, 0.0, 0.0, 0.0, 0.0, 0.0, 0.0, 0.0, 0.0, 0.0, 0.0, 0.0, 0.0, 0.0, 0.0, 0.0, 0.0, 64.0], "bins": [-3.1111583709716797, -3.0139353275299072, -2.9167122840881348, -2.8194892406463623, -2.72226619720459, -2.6250433921813965, -2.527820110321045, -2.4305973052978516, -2.333374261856079, -2.2361512184143066, -2.138928174972534, -2.0417051315307617, -1.9444820880889893, -1.8472590446472168, -1.7500361204147339, -1.6528130769729614, -1.555590033531189, -1.4583669900894165, -1.361143946647644, -1.2639210224151611, -1.1666979789733887, -1.0694749355316162, -0.9722518920898438, -0.8750288486480713, -0.7778058052062988, -0.6805827617645264, -0.5833597183227539, -0.48613691329956055, -0.3889138698577881, -0.2916908264160156, -0.19446778297424316, -0.0972447395324707, -2.1696090698242188e-05, 0.09720134735107422, 0.19442439079284668, 0.29164743423461914, 0.3888704776763916, 0.48609352111816406, 0.5833163261413574, 0.6805393695831299, 0.7777624130249023, 0.8749854564666748, 0.9722084999084473, 1.0694315433502197, 1.1666545867919922, 1.2638776302337646, 1.3611005544662476, 1.45832359790802, 1.5555466413497925, 1.652769684791565, 1.7499927282333374, 1.8472156524658203, 1.9444386959075928, 2.0416617393493652, 2.1388847827911377, 2.23610782623291, 2.3333308696746826, 2.430553913116455, 2.5277767181396484, 2.625, 2.7222228050231934, 2.819445848464966, 2.9166688919067383, 3.0138919353485107, 3.111114978790283]}, "gradients/rnn_cell.bias_hh": {"_type": "histogram", "values": [1.0, 0.0, 0.0, 0.0, 0.0, 0.0, 0.0, 0.0, 0.0, 0.0, 1.0, 0.0, 0.0, 1.0, 1.0, 360.0, 12.0, 0.0, 2.0, 3.0, 0.0, 0.0, 0.0, 0.0, 0.0, 0.0, 0.0, 0.0, 0.0, 0.0, 0.0, 0.0, 0.0, 0.0, 1.0, 1.0, 0.0, 0.0, 0.0, 0.0, 0.0, 0.0, 0.0, 0.0, 0.0, 0.0, 0.0, 0.0, 0.0, 0.0, 0.0, 0.0, 0.0, 0.0, 0.0, 0.0, 0.0, 0.0, 0.0, 0.0, 0.0, 0.0, 0.0, 1.0], "bins": [-7.057756010908633e-05, -6.615482561755925e-05, -6.173209112603217e-05, -5.73093602724839e-05, -5.288662941893563e-05, -4.8463894927408546e-05, -4.4041160435881466e-05, -3.961842958233319e-05, -3.519569509080611e-05, -3.077296059927903e-05, -2.6350229745730758e-05, -2.1927495254203677e-05, -1.7504760762676597e-05, -1.3082029909128323e-05, -8.65929905558005e-06, -4.236564564052969e-06, 1.8616992747411132e-07, 4.608904419001192e-06, 9.031638910528272e-06, 1.3454366126097739e-05, 1.787710061762482e-05, 2.22998351091519e-05, 2.672256960067898e-05, 3.114530409220606e-05, 3.556803858373314e-05, 3.999076579930261e-05, 4.441350029082969e-05, 4.883623478235677e-05, 5.3258961997926235e-05, 5.7681696489453316e-05, 6.21044309809804e-05, 6.652716547250748e-05, 7.094989996403456e-05, 7.537263445556164e-05, 7.979536894708872e-05, 8.42181034386158e-05, 8.864083793014288e-05, 9.306356514571235e-05, 9.748629963723943e-05, 0.00010190903412876651, 0.00010633176134433597, 0.00011075449583586305, 0.00011517723032739013, 0.00011959996481891721, 0.0001240226993104443, 0.00012844543380197138, 0.00013286815374158323, 0.0001372908882331103, 0.0001417136227246374, 0.00014613635721616447, 0.00015055909170769155, 0.00015498182619921863, 0.0001594045606907457, 0.0001638272951822728, 0.00016825002967379987, 0.00017267276416532695, 0.00017709549865685403, 0.00018151823314838111, 0.0001859409676399082, 0.00019036370213143528, 0.00019478642207104713, 0.0001992091565625742, 0.0002036318910541013, 0.00020805462554562837, 0.00021247736003715545]}, "gradients/rnn_cell.weight_hh": {"_type": "histogram", "values": [3.0, 42.0, 1.0, 1.0, 0.0, 2.0, 2.0, 3.0, 2.0, 0.0, 1.0, 2.0, 1.0, 1.0, 1.0, 2.0, 2.0, 0.0, 3.0, 46.0, 46.0, 68.0, 8.0, 4.0, 3.0, 4.0, 5.0, 2.0, 64.0, 147.0, 224.0, 47461.0, 317.0, 253.0, 110.0, 61.0, 6.0, 4.0, 1.0, 2.0, 2.0, 6.0, 64.0, 56.0, 53.0, 3.0, 0.0, 0.0, 1.0, 0.0, 0.0, 0.0, 0.0, 1.0, 1.0, 0.0, 1.0, 2.0, 1.0, 3.0, 1.0, 1.0, 50.0, 1.0], "bins": [-0.0002194287662860006, -0.0002125272440025583, -0.00020562572171911597, -0.00019872418488375843, -0.0001918226626003161, -0.0001849211403168738, -0.00017801960348151624, -0.00017111808119807392, -0.0001642165589146316, -0.0001573150366311893, -0.00015041351434774697, -0.00014351197751238942, -0.0001366104552289471, -0.00012970893294550478, -0.00012280739611014724, -0.00011590587382670492, -0.0001090043515432626, -0.00010210282925982028, -9.520130697637796e-05, -8.829977014102042e-05, -8.13982478575781e-05, -7.449672557413578e-05, -6.759518873877823e-05, -6.0693666455335915e-05, -5.37921441718936e-05, -4.689062188845128e-05, -3.998909960500896e-05, -3.308756276965141e-05, -2.6186040486209095e-05, -1.9284518202766776e-05, -1.238298136740923e-05, -5.481459083966911e-06, 1.4200631994754076e-06, 8.321585482917726e-06, 1.5223107766360044e-05, 2.212464460171759e-05, 2.902616688515991e-05, 3.592768916860223e-05, 4.2829226003959775e-05, 4.9730748287402093e-05, 5.663227057084441e-05, 6.353379285428673e-05, 7.043531513772905e-05, 7.73368519730866e-05, 8.423837425652891e-05, 9.113989653997123e-05, 9.804143337532878e-05, 0.0001049429556587711, 0.00011184447794221342, 0.00011874600022565573, 0.00012564752250909805, 0.0001325490593444556, 0.00013945058162789792, 0.00014635210391134024, 0.00015325364074669778, 0.0001601551630301401, 0.00016705668531358242, 0.00017395820759702474, 0.00018085972988046706, 0.0001877612667158246, 0.00019466278899926692, 0.00020156431128270924, 0.0002084658481180668, 0.0002153673704015091, 0.00022226889268495142]}, "gradients/rnn_cell.bias_ih": {"_type": "histogram", "values": [1.0, 0.0, 0.0, 0.0, 0.0, 0.0, 0.0, 0.0, 1.0, 0.0, 0.0, 0.0, 0.0, 0.0, 0.0, 0.0, 0.0, 0.0, 0.0, 1.0, 1.0, 0.0, 370.0, 2.0, 2.0, 3.0, 0.0, 0.0, 0.0, 0.0, 0.0, 0.0, 0.0, 0.0, 0.0, 0.0, 0.0, 0.0, 1.0, 1.0, 0.0, 0.0, 0.0, 0.0, 0.0, 0.0, 0.0, 0.0, 0.0, 0.0, 0.0, 0.0, 0.0, 0.0, 0.0, 0.0, 0.0, 0.0, 0.0, 0.0, 0.0, 0.0, 0.0, 1.0],