{"loss": 61.60588595741674, "_timestamp": 1709032363.25734, "_runtime": 273.4863049983978, "_step": 1569, "y loss": 1261.9010175869003, "avg_loss": 61.826105028390884, "avg_y_loss": 1266.4239220619202, "val_loss": 62.56558951353416}