{"train_loss": 0.3883657157421112, "_timestamp": 1711630451.0064678, "_runtime": 10.902191877365112, "_step": 1426, "epoch_train_loss": 3.8788435459136963, "epoch_val_loss": 3.9087318181991577, "gradients/h2o.bias": {"_type": "histogram", "values": [1.0, 0.0, 0.0, 0.0, 0.0, 0.0, 0.0, 0.0, 0.0, 0.0, 0.0, 0.0, 0.0, 0.0, 0.0, 0.0, 0.0, 0.0, 0.0, 0.0, 0.0, 0.0, 0.0, 0.0, 0.0, 0.0, 0.0, 0.0, 0.0, 0.0, 0.0, 0.0, 0.0, 0.0, 0.0, 0.0, 0.0, 0.0, 0.0, 0.0, 0.0, 0.0, 0.0, 0.0, 0.0, 0.0, 0.0, 0.0, 0.0, 0.0, 0.0, 0.0, 0.0, 0.0, 0.0, 0.0, 0.0, 0.0, 0.0, 0.0, 0.0, 0.0, 0.0, 1.0], "bins": [-0.24507077038288116, -0.23635703325271606, -0.22764329612255096, -0.21892957389354706, -0.21021583676338196, -0.20150209963321686, -0.19278836250305176, -0.18407462537288666, -0.17536088824272156, -0.16664716601371765, -0.15793342888355255, -0.14921969175338745, -0.14050595462322235, -0.13179221749305725, -0.12307848781347275, -0.11436475813388824, -0.10565102100372314, -0.09693728387355804, -0.08822355419397354, -0.07950981706380844, -0.07079608738422394, -0.06208235025405884, -0.05336861312389374, -0.044654879719018936, -0.035941146314144135, -0.027227412909269333, -0.018513677641749382, -0.009799943305552006, -0.0010862089693546295, 0.007627525366842747, 0.016341259703040123, 0.025054994970560074, 0.03376874327659607, 0.04248247668147087, 0.05119621008634567, 0.05990994721651077, 0.06862367689609528, 0.07733741402626038, 0.08605115115642548, 0.09476488083600998, 0.10347861796617508, 0.11219235509634018, 0.12090608477592468, 0.12961982190608978, 0.13833355903625488, 0.14704729616641998, 0.1557610183954239, 0.164474755525589, 0.1731884926557541, 0.1819022297859192, 0.1906159669160843, 0.1993296891450882, 0.2080434262752533, 0.2167571634054184, 0.2254709005355835, 0.2341846376657486, 0.2428983747959137, 0.2516120970249176, 0.2603258490562439, 0.2690395712852478, 0.2777532935142517, 0.286467045545578, 0.2951807677745819, 0.3038945198059082, 0.3126082420349121]}, "gradients/h2o.weight": {"_type": "histogram", "values": [1.0, 1.0, 0.0, 0.0, 0.0, 1.0, 2.0, 0.0, 0.0, 1.0, 0.0, 1.0, 0.0, 2.0, 3.0, 5.0, 1.0, 2.0, 1.0, 5.0, 29.0, 1.0, 5.0, 32.0, 3.0, 1.0, 2.0, 2.0, 2.0, 2.0, 3.0, 7.0, 3.0, 5.0, 7.0, 5.0, 3.0, 2.0, 5.0, 1.0, 4.0, 0.0, 5.0, 3.0, 27.0, 9.0, 6.0, 32.0, 6.0, 2.0, 3.0, 1.0, 0.0, 1.0, 1.0, 1.0, 1.0, 0.0, 0.0, 0.0, 1.0, 1.0, 3.0, 3.0], "bins": [-0.7937565445899963, -0.7706001400947571, -0.7474437952041626, -0.7242873907089233, -0.7011309862136841, -0.6779746413230896, -0.6548182368278503, -0.6316618919372559, -0.6085054874420166, -0.5853490829467773, -0.5621927380561829, -0.5390363335609436, -0.5158799886703491, -0.49272358417510986, -0.4695671796798706, -0.44641080498695374, -0.42325443029403687, -0.40009805560112, -0.3769416809082031, -0.35378527641296387, -0.330628901720047, -0.3074725270271301, -0.28431612253189087, -0.261159747838974, -0.23800337314605713, -0.21484699845314026, -0.1916906088590622, -0.16853421926498413, -0.14537784457206726, -0.1222214624285698, -0.09906508028507233, -0.07590869814157486, -0.05275237560272217, -0.0295959934592247, -0.006439611315727234, 0.016716770827770233, 0.0398731529712677, 0.06302953511476517, 0.08618591725826263, 0.1093422994017601, 0.13249868154525757, 0.15565505623817444, 0.1788114458322525, 0.20196783542633057, 0.22512421011924744, 0.2482805848121643, 0.27143698930740356, 0.29459336400032043, 0.3177497386932373, 0.3409061133861542, 0.36406248807907104, 0.3872188925743103, 0.4103752672672272, 0.43353164196014404, 0.4566880464553833, 0.47984442114830017, 0.503000795841217, 0.5261572003364563, 0.5493135452270508, 0.57246994972229, 0.5956263542175293, 0.6187826991081238, 0.641939103603363, 0.6650954484939575, 0.6882518529891968]}, "gradients/rnn_cell.bias_ih": {"_type": "histogram", "values": [1.0, 0.0, 0.0, 0.0, 0.0, 0.0, 0.0, 0.0, 0.0, 1.0, 0.0, 1.0, 0.0, 1.0, 0.0, 0.0, 0.0, 0.0, 0.0, 0.0, 1.0, 0.0, 0.0, 2.0, 10.0, 333.0, 19.0, 1.0, 2.0, 0.0, 2.0, 1.0, 0.0, 1.0, 1.0, 1.0, 0.0, 0.0, 0.0, 0.0, 0.0, 1.0, 0.0, 1.0, 1.0, 0.0, 0.0, 0.0, 0.0, 0.0, 0.0, 1.0, 0.0, 1.0, 0.0, 0.0, 0.0, 0.0, 0.0, 0.0, 0.0, 0.0, 0.0, 1.0], "bins": [-0.03160928189754486, -0.03038748726248741, -0.02916569449007511, -0.027943899855017662, -0.026722107082605362, -0.025500312447547913, -0.024278519675135612, -0.023056725040078163, -0.021834932267665863, -0.020613137632608414, -0.019391342997550964, -0.018169550225138664, -0.016947755590081215, -0.015725962817668915, -0.014504168182611465, -0.01328237447887659, -0.012060580775141716, -0.010838787071406841, -0.009616993367671967, -0.008395199663937092, -0.00717340549454093, -0.005951611790806055, -0.004729817621409893, -0.0035080239176750183, -0.0022862302139401436, -0.001064436393789947, 0.00015735742636024952, 0.001379151246510446, 0.0026009450666606426, 0.0038227387703955173, 0.005044532939791679, 0.006266326643526554, 0.007488120347261429, 0.008709914050996304, 0.009931707754731178, 0.011153501458466053, 0.012375295162200928, 0.013597089797258377, 0.014818883500993252, 0.016040677204728127, 0.017262469977140427, 0.018484264612197876, 0.019706059247255325, 0.020927852019667625, 0.022149646654725075, 0.023371439427137375, 0.024593234062194824, 0.025815026834607124, 0.027036821469664574, 0.028258616104722023, 0.029480408877134323, 0.030702203512191772, 0.03192399814724922, 0.03314578905701637, 0.03436758369207382, 0.03558937832713127, 0.03681117296218872, 0.03803296759724617, 0.03925475850701332, 0.04047655314207077, 0.04169834777712822, 0.04292014241218567, 0.04414193332195282, 0.04536372795701027, 0.04658552259206772]}, "gradients/rnn_cell.bias_hh": {"_type": "histogram", "values": [1.0, 0.0, 1.0, 1.0, 0.0, 0.0, 0.0, 0.0, 0.0, 0.0, 0.0, 0.0, 1.0, 0.0, 0.0, 0.0, 2.0, 7.0, 49.0, 309.0, 1.0, 1.0, 1.0, 0.0, 2.0, 1.0, 0.0, 0.0, 1.0, 1.0, 1.0, 0.0, 0.0, 0.0, 0.0, 0.0, 0.0, 0.0, 1.0, 1.0, 0.0, 0.0, 0.0, 0.0, 0.0, 0.0, 0.0, 0.0, 0.0, 1.0, 0.0, 0.0, 0.0, 0.0, 0.0, 0.0, 0.0, 0.0, 0.0, 0.0, 0.0, 0.0, 0.0, 1.0], "bins": [-0.019785789772868156, -0.018747592344880104, -0.017709393054246902, -0.01667119562625885, -0.01563299633562565, -0.014594798907637596, -0.01355660054832697, -0.012518402189016342, -0.011480203829705715, -0.010442005470395088, -0.009403807111084461, -0.008365608751773834, -0.0073274108581244946, -0.006289212498813868, -0.005251014605164528, -0.004212816245853901, -0.003174617886543274, -0.002136419527232647, -0.0010982214007526636, -6.0023157857358456e-05, 0.0009781750850379467, 0.0020163734443485737, 0.003054571570828557, 0.00409276969730854, 0.005130968056619167, 0.006169166415929794, 0.007207364775240421, 0.008245563134551048, 0.0092837605625391, 0.010321958921849728, 0.011360157281160355, 0.012398355640470982, 0.013436555862426758, 0.014474754221737385, 0.015512952581048012, 0.016551150009036064, 0.017589349299669266, 0.018627546727657318, 0.01966574601829052, 0.020703943446278572, 0.021742142736911774, 0.022780340164899826, 0.02381853759288788, 0.02485673688352108, 0.025894934311509132, 0.026933133602142334, 0.027971331030130386, 0.029009530320763588, 0.03004772774875164, 0.031085925176739693, 0.032124124467372894, 0.03316232189536095, 0.034200519323349, 0.03523872047662735, 0.0362769179046154, 0.037315115332603455, 0.03835331276059151, 0.03939151018857956, 0.04042971134185791, 0.04146790876984596, 0.042506106197834015, 0.04354430362582207, 0.04458250477910042, 0.04562070220708847, 0.04665889963507652]}, "gradients/rnn_cell.weight_hh": {"_type": "histogram", "values": [1.0, 0.0, 0.0, 1.0, 0.0, 0.0, 0.0, 1.0, 0.0, 0.0, 2.0, 2.0, 0.0, 1.0, 1.0, 1.0, 2.0, 3.0, 3.0, 3.0, 1.0, 6.0, 4.0, 10.0, 17.0, 21.0, 39.0, 21.0, 50.0, 27.0, 135.0, 119.0, 155.0, 260.0, 47309.0, 331.0, 179.0, 107.0, 123.0, 24.0, 58.0, 18.0, 14.0, 40.0, 9.0, 7.0, 6.0, 7.0, 4.0, 6.0, 6.0, 3.0, 3.0, 0.0, 3.0, 2.0, 2.0, 1.0, 1.0, 1.0, 0.0, 0.0, 0.0, 2.0],