{"train_loss": 211.85147094726562, "_timestamp": 1712223527.572289, "_runtime": 5.119926929473877, "_step": 707, "epoch_train_loss": 2118.2431640625, "epoch_val_loss": 2102.4428100585938, "_wandb": {"runtime": 11}}