{"train_loss": 39.58219528198242, "_timestamp": 1712223735.893203, "_runtime": 11.55207109451294, "_step": 2651, "epoch_train_loss": 395.7453308105469, "epoch_val_loss": 400.3270721435547, "gradients/h2o.bias": {"_type": "histogram", "values": [1.0, 0.0, 0.0, 0.0, 0.0, 0.0, 0.0, 0.0, 0.0, 0.0, 0.0, 0.0, 0.0, 0.0, 0.0, 0.0, 0.0, 0.0, 0.0, 0.0, 0.0, 0.0, 0.0, 0.0, 0.0, 0.0, 0.0, 0.0, 0.0, 1.0, 0.0, 0.0, 0.0, 0.0, 0.0, 0.0, 0.0, 0.0, 0.0, 0.0, 0.0, 0.0, 0.0, 0.0, 0.0, 0.0, 0.0, 0.0, 0.0, 0.0, 0.0, 0.0, 0.0, 0.0, 0.0, 0.0, 0.0, 0.0, 0.0, 0.0, 0.0, 0.0, 0.0, 1.0], "bins": [-25.750320434570312, -25.10527801513672, -24.460233688354492, -23.815189361572266, -23.170146942138672, -22.525104522705078, -21.88006019592285, -21.235015869140625, -20.58997344970703, -19.944931030273438, -19.29988670349121, -18.654842376708984, -18.00979995727539, -17.364757537841797, -16.71971321105957, -16.074668884277344, -15.42962646484375, -14.78458309173584, -14.13953971862793, -13.49449634552002, -12.84945297241211, -12.2044095993042, -11.559366226196289, -10.914322853088379, -10.269279479980469, -9.624236106872559, -8.979192733764648, -8.334149360656738, -7.689105987548828, -7.044062614440918, -6.399019241333008, -5.753975868225098, -5.108933448791504, -4.463890075683594, -3.8188467025756836, -3.1738033294677734, -2.5287599563598633, -1.8837165832519531, -1.238673210144043, -0.5936298370361328, 0.051413536071777344, 0.6964569091796875, 1.3415002822875977, 1.9865436553955078, 2.631587028503418, 3.276630401611328, 3.9216737747192383, 4.566717147827148, 5.211760520935059, 5.856803894042969, 6.501847267150879, 7.146890640258789, 7.791934013366699, 8.43697738647461, 9.08202075958252, 9.72706413269043, 10.37210750579834, 11.01715087890625, 11.66219425201416, 12.30723762512207, 12.95228099822998, 13.59732437133789, 14.2423677444458, 14.887411117553711, 15.532454490661621]}, "gradients/h2o.weight": {"_type": "histogram", "values": [1.0, 0.0, 0.0, 13.0, 0.0, 1.0, 1.0, 0.0, 0.0, 0.0, 0.0, 0.0, 13.0, 0.0, 2.0, 1.0, 0.0, 0.0, 1.0, 1.0, 12.0, 1.0, 1.0, 0.0, 1.0, 0.0, 0.0, 0.0, 0.0, 1.0, 0.0, 0.0, 1.0, 1.0, 11.0, 1.0, 1.0, 0.0, 0.0, 0.0, 1.0, 3.0, 12.0, 0.0, 0.0, 0.0, 0.0, 0.0, 1.0, 0.0, 1.0, 11.0, 0.0, 0.0, 0.0, 0.0, 1.0, 0.0, 0.0, 0.0, 0.0, 0.0, 0.0, 1.0], "bins": [-29.314659118652344, -28.24905776977539, -27.183454513549805, -26.11785125732422, -25.052249908447266, -23.986648559570312, -22.921045303344727, -21.85544204711914, -20.789840698242188, -19.724239349365234, -18.65863609313965, -17.593032836914062, -16.52743148803711, -15.46182918548584, -14.39622688293457, -13.3306245803833, -12.265022277832031, -11.199419975280762, -10.133817672729492, -9.068215370178223, -8.002613067626953, -6.937010765075684, -5.871408462524414, -4.8058061599731445, -3.740203857421875, -2.6746015548706055, -1.608999252319336, -0.5433969497680664, 0.5222053527832031, 1.5878076553344727, 2.653409957885742, 3.7190122604370117, 4.784618377685547, 5.850220680236816, 6.915822982788086, 7.9814252853393555, 9.047027587890625, 10.112629890441895, 11.178232192993164, 12.243834495544434, 13.309436798095703, 14.375039100646973, 15.440641403198242, 16.506244659423828, 17.57184600830078, 18.637447357177734, 19.70305061340332, 20.768653869628906, 21.83425521850586, 22.899856567382812, 23.9654598236084, 25.031063079833984, 26.096664428710938, 27.16226577758789, 28.227869033813477, 29.293472290039062, 30.359073638916016, 31.42467498779297, 32.49028015136719, 33.55588150024414, 34.621482849121094, 35.68708419799805, 36.752685546875, 37.81829071044922, 38.88389205932617]}, "gradients/rnn_cell.bias_ih": {"_type": "histogram", "values": [1.0, 0.0, 0.0, 0.0, 0.0, 0.0, 0.0, 0.0, 0.0, 0.0, 0.0, 0.0, 0.0, 0.0, 0.0, 0.0, 0.0, 0.0, 0.0, 0.0, 0.0, 0.0, 0.0, 0.0, 0.0, 0.0, 0.0, 0.0, 0.0, 0.0, 0.0, 0.0, 0.0, 0.0, 0.0, 0.0, 0.0, 0.0, 0.0, 1.0, 0.0, 0.0, 0.0, 0.0, 0.0, 0.0, 0.0, 0.0, 0.0, 0.0, 0.0, 0.0, 0.0, 0.0, 1.0, 3.0, 80.0, 6.0, 1.0, 1.0, 0.0, 0.0, 0.0, 2.0], "bins": [-0.44971728324890137, -0.4418133497238159, -0.43390944600105286, -0.4260055124759674, -0.41810160875320435, -0.4101976752281189, -0.40229374170303345, -0.3943898379802704, -0.38648590445518494, -0.3785819709300995, -0.3706780672073364, -0.362774133682251, -0.3548702001571655, -0.34696629643440247, -0.339062362909317, -0.33115845918655396, -0.3232545256614685, -0.31535059213638306, -0.30744668841362, -0.29954275488853455, -0.2916388511657715, -0.28373491764068604, -0.2758309841156006, -0.2679270803928375, -0.2600231468677521, -0.2521192133426666, -0.24421530961990356, -0.23631137609481812, -0.22840745747089386, -0.2205035388469696, -0.21259960532188416, -0.2046956866979599, -0.19679178297519684, -0.18888786435127258, -0.18098393082618713, -0.17308001220226288, -0.16517609357833862, -0.15727217495441437, -0.1493682563304901, -0.14146432280540466, -0.1335604041814804, -0.12565648555755615, -0.1177525594830513, -0.10984863340854645, -0.10194471478462219, -0.09404079616069794, -0.08613687008619308, -0.07823294401168823, -0.07032902538776398, -0.06242510303854942, -0.05452118068933487, -0.046617258340120316, -0.03871333599090576, -0.030809413641691208, -0.022905491292476654, -0.0150015689432621, -0.007097646594047546, 0.0008062757551670074, 0.008710198104381561, 0.016614120453596115, 0.02451804280281067, 0.03242196515202522, 0.04032588750123978, 0.04822980985045433, 0.056133732199668884]}, "gradients/rnn_cell.bias_hh": {"_type": "histogram", "values": [1.0, 0.0, 0.0, 0.0, 0.0, 0.0, 0.0, 0.0, 0.0, 0.0, 0.0, 0.0, 0.0, 0.0, 0.0, 0.0, 0.0, 0.0, 0.0, 0.0, 0.0, 0.0, 0.0, 0.0, 0.0, 0.0, 0.0, 0.0, 0.0, 0.0, 0.0, 0.0, 0.0, 0.0, 0.0, 0.0, 0.0, 0.0, 0.0, 0.0, 0.0, 0.0, 0.0, 0.0, 0.0, 0.0, 0.0, 0.0, 0.0, 0.0, 0.0, 0.0, 0.0, 0.0, 0.0, 3.0, 4.0, 84.0, 2.0, 0.0, 1.0, 0.0, 0.0, 1.0], "bins": [-0.4408089518547058, -0.4331112205982208, -0.42541348934173584, -0.41771575808525085, -0.41001802682876587, -0.4023202955722809, -0.3946225643157959, -0.3869248330593109, -0.3792271018028259, -0.37152937054634094, -0.36383163928985596, -0.35613390803337097, -0.348436176776886, -0.340738445520401, -0.333040714263916, -0.32534298300743103, -0.31764525175094604, -0.30994752049446106, -0.3022497892379761, -0.2945520579814911, -0.2868543267250061, -0.2791565954685211, -0.27145886421203613, -0.26376113295555115, -0.25606340169906616, -0.24836565554141998, -0.240667924284935, -0.23297019302845, -0.22527246177196503, -0.21757473051548004, -0.20987699925899506, -0.20217926800251007, -0.19448155164718628, -0.1867838203907013, -0.1790860891342163, -0.17138835787773132, -0.16369062662124634, -0.15599289536476135, -0.14829516410827637, -0.14059743285179138, -0.1328997015953064, -0.12520195543766022, -0.11750423163175583, -0.10980650037527084, -0.10210876911878586, -0.09441103786230087, -0.08671330660581589, -0.0790155753493309, -0.07131783664226532, -0.06362010538578033, -0.05592237785458565, -0.04822464659810066, -0.04052691161632538, -0.03282918035984039, -0.025131449103355408, -0.017433717846870422, -0.009735986590385437, -0.0020382548682391644, 0.005659476853907108, 0.013357209041714668, 0.021054940298199654, 0.02875267155468464, 0.036450404673814774, 0.04414813593029976, 0.051845867186784744]}, "gradients/rnn_cell.weight_hh": {"_type": "histogram", "values": [12.0, 0.0, 1.0, 0.0, 0.0, 0.0, 0.0, 0.0, 1.0, 0.0, 0.0, 0.0, 0.0, 0.0, 0.0, 0.0, 0.0, 0.0, 0.0, 0.0, 2.0, 0.0, 0.0, 11.0, 2.0, 61.0, 2895.0, 58.0, 1.0, 13.0, 0.0, 0.0, 0.0, 0.0, 0.0, 0.0, 0.0, 0.0, 0.0, 0.0, 0.0, 0.0, 0.0, 0.0, 1.0, 0.0, 0.0, 0.0, 1.0, 0.0, 0.0, 1.0, 11.0, 0.0, 0.0, 0.0, 0.0, 0.0, 0.0, 0.0, 0.0, 0.0, 0.0, 1.0],