{"train_loss": 0.392494261264801, "_timestamp": 1711630471.6764507, "_runtime": 5.353734731674194, "_step": 635, "epoch_train_loss": 3.749852180480957, "epoch_val_loss": 3.941336452960968, "_wandb": {"runtime": 12}}