{"train_loss": 0.011987954378128052, "_timestamp": 1712225695.9880633, "_runtime": 11.46889042854309, "_step": 895, "epoch_train_loss": 0.004932257812470198, "epoch_val_loss": 0.005758296785643324, "_wandb": {"runtime": 10}}