{"train_loss": 4.8282470703125, "_timestamp": 1712226933.0791643, "_runtime": 18.206465244293213, "_step": 1679, "epoch_train_loss": 11.102401733398438, "epoch_val_loss": 12.294942617416382, "gradients/h2o.bias": {"_type": "histogram", "values": [1.0], "bins": [-47.85520935058594, -47.85520935058594]}, "gradients/h2o.weight": {"_type": "histogram", "values": [2.0, 0.0, 2.0, 4.0, 5.0, 7.0, 3.0, 2.0, 3.0, 7.0, 16.0, 19.0, 28.0, 22.0, 32.0, 30.0, 28.0, 30.0, 27.0, 34.0, 23.0, 23.0, 16.0, 13.0, 19.0, 14.0, 14.0, 11.0, 21.0, 25.0, 23.0, 31.0, 17.0, 13.0, 23.0, 19.0, 21.0, 16.0, 22.0, 13.0, 15.0, 24.0, 33.0, 21.0, 34.0, 35.0, 19.0, 28.0, 29.0, 22.0, 19.0, 19.0, 13.0, 9.0, 5.0, 4.0, 1.0, 5.0, 4.0, 4.0, 2.0, 0.0, 0.0, 1.0], "bins": [-56.66645050048828, -54.851417541503906, -53.036380767822266, -51.22134780883789, -49.406314849853516, -47.591278076171875, -45.7762451171875, -43.961212158203125, -42.14617919921875, -40.33114242553711, -38.516109466552734, -36.70107650756836, -34.88603973388672, -33.071006774902344, -31.255971908569336, -29.44093894958496, -27.625904083251953, -25.810869216918945, -23.99583625793457, -22.180801391601562, -20.365768432617188, -18.55073356628418, -16.735698699951172, -14.92066478729248, -13.105630874633789, -11.290596961975098, -9.475563049316406, -7.660528182983398, -5.845494270324707, -4.030460357666016, -2.215425968170166, -0.4003918170928955, 1.414642333984375, 3.2296764850616455, 5.044710636138916, 6.859745025634766, 8.674778938293457, 10.489812850952148, 12.304847717285156, 14.119881629943848, 15.934915542602539, 17.749950408935547, 19.564983367919922, 21.38001823425293, 23.195053100585938, 25.010086059570312, 26.82512092590332, 28.640153884887695, 30.455188751220703, 32.27022171020508, 34.08525848388672, 35.900291442871094, 37.71532440185547, 39.53036117553711, 41.345394134521484, 43.16042709350586, 44.9754638671875, 46.790496826171875, 48.60552978515625, 50.420562744140625, 52.235599517822266, 54.05063247680664, 55.865665435791016, 57.680702209472656, 59.49573516845703]}, "gradients/lstm_cell.bias_ih": {"_type": "histogram", "values": [1.0, 0.0, 0.0, 0.0, 0.0, 0.0, 1.0, 0.0, 1.0, 1.0, 1.0, 3.0, 2.0, 0.0, 5.0, 5.0, 4.0, 3.0, 7.0, 12.0, 9.0, 13.0, 9.0, 8.0, 10.0, 32.0, 35.0, 53.0, 98.0, 123.0, 214.0, 971.0, 1589.0, 433.0, 169.0, 90.0, 49.0, 41.0, 18.0, 10.0, 12.0, 8.0, 9.0, 6.0, 7.0, 5.0, 2.0, 5.0, 3.0, 3.0, 2.0, 6.0, 0.0, 0.0, 2.0, 1.0, 2.0, 0.0, 0.0, 0.0, 2.0, 0.0, 0.0, 1.0], "bins": [-4.729545593261719, -4.58210563659668, -4.434665679931641, -4.287225723266602, -4.1397857666015625, -3.9923455715179443, -3.844905376434326, -3.697465419769287, -3.550025463104248, -3.402585506439209, -3.25514554977417, -3.1077053546905518, -2.9602653980255127, -2.8128254413604736, -2.6653852462768555, -2.5179452896118164, -2.3705053329467773, -2.2230653762817383, -2.075625419616699, -1.928185224533081, -1.780745267868042, -1.633305311203003, -1.4858652353286743, -1.3384251594543457, -1.1909852027893066, -1.0435452461242676, -0.896105170249939, -0.7486651539802551, -0.6012251377105713, -0.45378512144088745, -0.3063451051712036, -0.15890508890151978, -0.01146554946899414, 0.1359744668006897, 0.28341448307037354, 0.4308544993400574, 0.5782945156097412, 0.725734531879425, 0.8731745481491089, 1.0206146240234375, 1.1680545806884766, 1.3154945373535156, 1.4629346132278442, 1.6103746891021729, 1.757814645767212, 1.905254602432251, 2.052694797515869, 2.200134754180908, 2.3475747108459473, 2.4950146675109863, 2.6424546241760254, 2.7898948192596436, 2.9373347759246826, 3.0847747325897217, 3.23221492767334, 3.379654884338379, 3.527094841003418, 3.674534797668457, 3.821974754333496, 3.9694149494171143, 4.116854667663574, 4.2642951011657715, 4.4117350578308105, 4.55917501449585, 4.706614971160889]}, "gradients/lstm_cell.bias_hh": {"_type": "histogram", "values": [1.0, 0.0, 0.0, 0.0, 0.0, 0.0, 1.0, 0.0, 1.0, 1.0, 1.0, 3.0, 2.0, 0.0, 5.0, 5.0, 4.0, 3.0, 7.0, 12.0, 9.0, 13.0, 9.0, 8.0, 10.0, 32.0, 35.0, 53.0, 98.0, 123.0, 214.0, 971.0, 1589.0, 433.0, 169.0, 90.0, 49.0, 41.0, 18.0, 10.0, 12.0, 8.0, 9.0, 6.0, 7.0, 5.0, 2.0, 5.0, 3.0, 3.0, 2.0, 6.0, 0.0, 0.0, 2.0, 1.0, 2.0, 0.0, 0.0, 0.0, 2.0, 0.0, 0.0, 1.0], "bins": [-4.729545593261719, -4.58210563659668, -4.434665679931641, -4.287225723266602, -4.1397857666015625, -3.9923455715179443, -3.844905376434326, -3.697465419769287, -3.550025463104248, -3.402585506439209, -3.25514554977417, -3.1077053546905518, -2.9602653980255127, -2.8128254413604736, -2.6653852462768555, -2.5179452896118164, -2.3705053329467773, -2.2230653762817383, -2.075625419616699, -1.928185224533081, -1.780745267868042, -1.633305311203003, -1.4858652353286743, -1.3384251594543457, -1.1909852027893066, -1.0435452461242676, -0.896105170249939, -0.7486651539802551, -0.6012251377105713, -0.45378512144088745, -0.3063451051712036, -0.15890508890151978, -0.01146554946899414, 0.1359744668006897, 0.28341448307037354, 0.4308544993400574, 0.5782945156097412, 0.725734531879425, 0.8731745481491089, 1.0206146240234375, 1.1680545806884766, 1.3154945373535156, 1.4629346132278442, 1.6103746891021729, 1.757814645767212, 1.905254602432251, 2.052694797515869, 2.200134754180908, 2.3475747108459473, 2.4950146675109863, 2.6424546241760254, 2.7898948192596436, 2.9373347759246826, 3.0847747325897217, 3.23221492767334, 3.379654884338379, 3.527094841003418, 3.674534797668457, 3.821974754333496, 3.9694149494171143, 4.116854667663574, 4.2642951011657715, 4.4117350578308105, 4.55917501449585, 4.706614971160889]}, "gradients/lstm_cell.weight_hh": {"_type": "histogram", "values": [2.0, 2.0, 0.0, 5.0, 0.0, 3.0, 12.0, 7.0, 11.0, 30.0, 32.0, 31.0, 47.0, 74.0, 102.0, 161.0, 252.0, 345.0, 538.0, 710.0, 1071.0, 1463.0, 2172.0, 3193.0, 4684.0, 7014.0, 11325.0, 20199.0, 43457.0, 135249.0, 871681.0, 2691781.0, 263824.0, 67854.0, 26718.0, 14095.0, 8601.0, 5598.0, 3728.0, 2637.0, 1695.0, 1243.0, 849.0, 548.0, 416.0, 256.0, 172.0, 132.0, 93.0, 64.0, 43.0, 19.0, 23.0, 17.0, 7.0, 7.0, 7.0, 0.0, 1.0, 2.0, 1.0, 0.0, 0.0, 1.0], "bins": [-5.975717067718506, -5.7842864990234375, -5.592855453491211, -5.401424884796143, -5.209994316101074, -5.018563270568848, -4.827132701873779, -4.635702133178711, -4.444271087646484, -4.252840518951416, -4.061409950256348, -3.869978904724121, -3.6785483360290527, -3.4871175289154053, -3.295686721801758, -3.1042561531066895, -2.912825345993042, -2.7213945388793945, -2.529963970184326, -2.3385331630706787, -2.1471023559570312, -1.9556716680526733, -1.7642409801483154, -1.572810173034668, -1.38137948513031, -1.1899487972259521, -0.9985179901123047, -0.8070873022079468, -0.6156565546989441, -0.4242258071899414, -0.2327950894832611, -0.04136435687541962, 0.15006637573242188, 0.34149712324142456, 0.5329278707504272, 0.7243585586547852, 0.9157893061637878, 1.1072200536727905, 1.2986507415771484, 1.490081548690796, 1.6815122365951538, 1.8729429244995117, 2.064373731613159, 2.2558045387268066, 2.447235107421875, 2.6386659145355225, 2.83009672164917, 3.0215272903442383, 3.2129580974578857, 3.404388904571533, 3.5958194732666016, 3.787250280380249, 3.9786810874938965, 4.170111656188965, 4.361542701721191, 4.55297327041626, 4.744403839111328, 4.935834884643555, 5.127265453338623, 5.318696022033691, 5.510127067565918, 5.701557636260986, 5.892988204956055, 6.084419250488281, 6.27584981918335]}, "gradients/lstm_cell.weight_ih": {"_type": "histogram", "values": [1.0, 0.0, 0.0, 0.0, 0.0, 0.0, 1.0, 0.0, 1.0, 1.0, 0.0, 1.0, 0.0, 1.0, 0.0, 0.0, 4.0, 1.0, 1.0, 3.0, 3.0, 4.0, 5.0, 10.0, 21.0, 32.0, 46.0, 97.0, 175.0, 7430.0, 201.0, 57.0, 26.0, 22.0, 15.0, 2.0, 10.0, 7.0, 1.0, 1.0, 1.0, 0.0, 2.0, 0.0, 0.0, 0.0, 1.0, 0.0, 1.0, 0.0, 1.0, 2.0, 1.0, 0.0, 0.0, 0.0, 0.0, 0.0, 1.0, 0.0, 0.0, 0.0, 1.0, 1.0],