{"loss": 443.867829767863, "_timestamp": 1709030164.066591, "_runtime": 76.3904550075531, "_step": 833, "y loss": 1232.7457449355563, "avg_loss": 60.94824239611626, "avg_y_loss": 1248.4621171951294, "val_loss": 62.98172642634465}