{"train_loss": 562.7086791992188, "_timestamp": 1712139352.7743812, "_runtime": 9.997615098953247, "_step": 1370, "epoch_train_loss": 557.5520629882812, "epoch_val_loss": 615.1780395507812}