{"loss": 3.9667727121492713, "_timestamp": 1709030646.7455392, "_runtime": 69.26107811927795, "_step": 825, "y loss": 1252.5459349097275, "avg_loss": 61.42925360798836, "avg_y_loss": 1258.3010926246643, "val_loss": 62.55855545630822}