{"loss": 1930.0598279237747, "_timestamp": 1709029550.79876, "_runtime": 118.5211169719696, "_step": 1353, "y loss": 1258.3494612375896, "avg_loss": 61.17976227402687, "avg_y_loss": 1253.1926980018616, "val_loss": 62.3410157423753}