{"train_loss": 254.5191192626953, "_timestamp": 1711628842.9878702, "_runtime": 3.682791233062744, "_step": 1121, "epoch_train_loss": 25397.3828125, "epoch_val_loss": 27486.136047124863, "gradients/h2o.bias": {"_type": "histogram", "values": [1.0, 0.0, 0.0, 0.0, 0.0, 0.0, 0.0, 0.0, 0.0, 0.0, 0.0, 0.0, 0.0, 0.0, 0.0, 0.0, 0.0, 0.0, 0.0, 0.0, 0.0, 0.0, 0.0, 0.0, 0.0, 0.0, 0.0, 0.0, 0.0, 0.0, 0.0, 0.0, 0.0, 0.0, 0.0, 0.0, 0.0, 0.0, 0.0, 0.0, 0.0, 0.0, 0.0, 0.0, 0.0, 0.0, 0.0, 0.0, 0.0, 0.0, 0.0, 0.0, 0.0, 0.0, 0.0, 0.0, 0.0, 0.0, 0.0, 0.0, 0.0, 0.0, 0.0, 1.0], "bins": [10.466354370117188, 10.466607093811035, 10.466858863830566, 10.467111587524414, 10.467364311218262, 10.46761703491211, 10.46786880493164, 10.468121528625488, 10.468374252319336, 10.468626022338867, 10.468878746032715, 10.469131469726562, 10.469383239746094, 10.469635963439941, 10.469888687133789, 10.470141410827637, 10.470393180847168, 10.470645904541016, 10.470898628234863, 10.471150398254395, 10.471403121948242, 10.47165584564209, 10.471907615661621, 10.472160339355469, 10.472413063049316, 10.472665786743164, 10.472917556762695, 10.473170280456543, 10.47342300415039, 10.473674774169922, 10.47392749786377, 10.474180221557617, 10.474431991577148, 10.474684715270996, 10.474937438964844, 10.475190162658691, 10.475441932678223, 10.47569465637207, 10.475947380065918, 10.47619915008545, 10.476451873779297, 10.476704597473145, 10.476957321166992, 10.477209091186523, 10.477461814880371, 10.477714538574219, 10.47796630859375, 10.478219032287598, 10.478471755981445, 10.478723526000977, 10.478976249694824, 10.479228973388672, 10.47948169708252, 10.47973346710205, 10.479986190795898, 10.480238914489746, 10.480490684509277, 10.480743408203125, 10.480996131896973, 10.481247901916504, 10.481500625610352, 10.4817533493042, 10.482006072998047, 10.482257843017578, 10.482510566711426]}, "gradients/h2o.weight": {"_type": "histogram", "values": [10.0, 0.0, 2.0, 0.0, 0.0, 0.0, 2.0, 0.0, 0.0, 4.0, 2.0, 0.0, 0.0, 0.0, 0.0, 2.0, 0.0, 2.0, 0.0, 0.0, 2.0, 0.0, 0.0, 0.0, 2.0, 2.0, 0.0, 0.0, 2.0, 2.0, 0.0, 0.0, 0.0, 2.0, 0.0, 0.0, 0.0, 0.0, 0.0, 4.0, 0.0, 0.0, 0.0, 0.0, 0.0, 2.0, 0.0, 20.0, 0.0, 0.0, 0.0, 0.0, 0.0, 0.0, 0.0, 0.0, 0.0, 0.0, 0.0, 0.0, 0.0, 0.0, 0.0, 2.0], "bins": [-10.482510566711426, -10.04078197479248, -9.599052429199219, -9.157323837280273, -8.715595245361328, -8.273866653442383, -7.832137584686279, -7.390408515930176, -6.9486799240112305, -6.506951332092285, -6.065222263336182, -5.623493194580078, -5.181764602661133, -4.7400360107421875, -4.298306941986084, -3.8565781116485596, -3.414849281311035, -2.9731204509735107, -2.5313916206359863, -2.089662790298462, -1.6479339599609375, -1.206205129623413, -0.7644762992858887, -0.32274746894836426, 0.11898136138916016, 0.5607101917266846, 1.002439022064209, 1.4441678524017334, 1.8858966827392578, 2.3276255130767822, 2.7693543434143066, 3.211083173751831, 3.652811050415039, 4.094539642333984, 4.536268711090088, 4.977997779846191, 5.419726371765137, 5.861454963684082, 6.3031840324401855, 6.744913101196289, 7.186641693115234, 7.62837028503418, 8.070098876953125, 8.511828422546387, 8.953557014465332, 9.395285606384277, 9.837015151977539, 10.278743743896484, 10.72047233581543, 11.162200927734375, 11.60392951965332, 12.045659065246582, 12.487387657165527, 12.929116249084473, 13.370845794677734, 13.81257438659668, 14.254302978515625, 14.69603157043457, 15.137760162353516, 15.579489707946777, 16.021217346191406, 16.462947845458984, 16.90467643737793, 17.346405029296875, 17.78813362121582]}, "gradients/rnn_cell.bias_hh": {"_type": "histogram", "values": [95.0, 0.0, 0.0, 0.0, 0.0, 0.0, 0.0, 0.0, 0.0, 0.0, 0.0, 0.0, 0.0, 0.0, 0.0, 0.0, 0.0, 0.0, 0.0, 0.0, 0.0, 0.0, 0.0, 0.0, 0.0, 0.0, 0.0, 0.0, 0.0, 0.0, 0.0, 0.0, 0.0, 0.0, 0.0, 0.0, 0.0, 0.0, 0.0, 0.0, 0.0, 0.0, 0.0, 0.0, 0.0, 0.0, 0.0, 0.0, 0.0, 0.0, 0.0, 0.0, 0.0, 0.0, 0.0, 0.0, 0.0, 0.0, 0.0, 0.0, 0.0, 0.0, 0.0, 1.0], "bins": [0.0, 4.9695621538756814e-17, 9.939124307751363e-17, 1.4908686461627044e-16, 1.9878248615502725e-16, 2.4847812092867387e-16, 2.981737292325409e-16, 3.478693375364079e-16, 3.975649723100545e-16, 4.472606070837011e-16, 4.969562418573477e-16, 5.466518236914351e-16, 5.963474584650818e-16, 6.460430932387284e-16, 6.957386750728158e-16, 7.454343098464624e-16, 7.95129944620109e-16, 8.448255793937556e-16, 8.945212141674022e-16, 9.442168489410489e-16, 9.939124837146955e-16, 1.0436080126092237e-15, 1.0933036473828703e-15, 1.142999282156517e-15, 1.1926949169301635e-15, 1.2423905517038101e-15, 1.2920861864774568e-15, 1.3417818212511034e-15, 1.3914773501456316e-15, 1.4411729849192782e-15, 1.4908686196929248e-15, 1.5405642544665714e-15, 1.590259889240218e-15, 1.6399555240138647e-15, 1.6896511587875113e-15, 1.7393467935611579e-15, 1.7890424283348045e-15, 1.838738063108451e-15, 1.8884336978820977e-15, 1.9381293326557443e-15, 1.987824967429391e-15, 2.0375203904448008e-15, 2.0872160252184474e-15, 2.136911659992094e-15, 2.1866072947657406e-15, 2.2363029295393872e-15, 2.285998564313034e-15, 2.3356941990866804e-15, 2.385389833860327e-15, 2.4350854686339737e-15, 2.4847811034076203e-15, 2.534476738181267e-15, 2.5841723729549135e-15, 2.63386800772856e-15, 2.6835636425022067e-15, 2.7332592772758534e-15, 2.782954700291263e-15, 2.8326503350649098e-15, 2.8823459698385564e-15, 2.932041604612203e-15, 2.9817372393858496e-15, 3.0314328741594962e-15, 3.081128508933143e-15, 3.1308241437067895e-15, 3.180519778480436e-15]}, "gradients/rnn_cell.weight_hh": {"_type": "histogram", "values": [2.0, 0.0, 0.0, 0.0, 0.0, 0.0, 1.0, 0.0, 0.0, 0.0, 1.0, 1.0, 0.0, 2.0, 1.0, 0.0, 0.0, 0.0, 1.0, 0.0, 1.0, 1.0, 0.0, 1.0, 0.0, 1.0, 3041.0, 0.0, 1.0, 0.0, 0.0, 1.0, 1.0, 1.0, 0.0, 1.0, 1.0, 0.0, 0.0, 2.0, 1.0, 1.0, 0.0, 2.0, 1.0, 0.0, 1.0, 1.0, 1.0, 0.0, 0.0, 0.0, 0.0, 0.0, 0.0, 0.0, 1.0, 0.0, 0.0, 0.0, 0.0, 0.0, 0.0, 1.0], "bins": [-3.836661145576771e-15, -3.692383059055631e-15, -3.5481049725344903e-15, -3.4038270977715867e-15, -3.2595490112504464e-15, -3.115270924729306e-15, -2.9709928382081656e-15, -2.8267147516870253e-15, -2.6824368769241217e-15, -2.5381587904029813e-15, -2.393880703881841e-15, -2.2496026173607006e-15, -2.1053245308395602e-15, -1.96104644431842e-15, -1.8167685695555163e-15, -1.672490483034376e-15, -1.5282123965132356e-15, -1.3839343099920952e-15, -1.2396563293500733e-15, -1.0953782428289329e-15, -9.51100262186911e-16, -8.068221756657706e-16, -6.625440891446302e-16, -5.18266055563049e-16, -3.7398802198146787e-16, -2.297099883998867e-16, -8.543192834852594e-17, 5.884611846794502e-17, 2.0312416528441598e-16, 3.4740219886599715e-16, 4.916802853871375e-16, 6.359583189687187e-16, 7.802363525502998e-16, 9.245144390714402e-16, 1.0687924197134622e-15, 1.2130705062346025e-15, 1.3573484868766245e-15, 1.5016265733977649e-15, 1.6459046599189052e-15, 1.7901827464400456e-15, 1.934460621202949e-15, 2.0787387077240895e-15, 2.22301679424523e-15, 2.3672948807663702e-15, 2.5115729672875106e-15, 2.655851053808651e-15, 2.8001289285715545e-15, 2.944407015092695e-15, 3.0886851016138353e-15, 3.2329631881349756e-15, 3.377241274656116e-15, 3.5215191494190196e-15, 3.66579723594016e-15, 3.8100753224613e-15, 3.954353408982441e-15, 4.098631495503581e-15, 4.242909582024721e-15, 4.387187668545862e-15, 4.531465755067002e-15, 4.675743418071669e-15, 4.820021504592809e-15, 4.9642995911139496e-15, 5.10857767763509e-15, 5.25285576415623e-15, 5.397133850677371e-15]}, "gradients/rnn_cell.bias_ih": {"_type": "histogram", "values": [95.0, 0.0, 0.0, 0.0, 0.0, 0.0, 0.0, 0.0, 0.0, 0.0, 0.0, 0.0, 0.0, 0.0, 0.0, 0.0, 0.0, 0.0, 0.0, 0.0, 0.0, 0.0, 0.0, 0.0, 0.0, 0.0, 0.0, 0.0, 0.0, 0.0, 0.0, 0.0, 0.0, 0.0, 0.0, 0.0, 0.0, 0.0, 0.0, 0.0, 0.0, 0.0, 0.0, 0.0, 0.0, 0.0, 0.0, 0.0, 0.0, 0.0, 0.0, 0.0, 0.0, 0.0, 0.0, 0.0, 0.0, 0.0, 0.0, 0.0, 0.0, 0.0, 0.0, 1.0],