{"train_loss": 3.8843607902526855, "_timestamp": 1711629705.361268, "_runtime": 10.01923394203186, "_step": 2957, "epoch_train_loss": 388.3702087402344, "epoch_val_loss": 393.8804109096527, "gradients/h2o.bias": {"_type": "histogram", "values": [1.0, 0.0, 0.0, 0.0, 0.0, 0.0, 0.0, 0.0, 0.0, 0.0, 0.0, 0.0, 0.0, 0.0, 0.0, 0.0, 0.0, 0.0, 0.0, 0.0, 0.0, 0.0, 0.0, 0.0, 0.0, 0.0, 0.0, 0.0, 0.0, 0.0, 0.0, 0.0, 0.0, 0.0, 0.0, 0.0, 0.0, 0.0, 0.0, 0.0, 0.0, 0.0, 0.0, 0.0, 0.0, 0.0, 0.0, 0.0, 0.0, 0.0, 0.0, 0.0, 0.0, 0.0, 0.0, 0.0, 0.0, 0.0, 0.0, 0.0, 0.0, 0.0, 0.0, 1.0], "bins": [0.3591717481613159, 0.3785730302333832, 0.39797431230545044, 0.4173755943775177, 0.43677687644958496, 0.4561781585216522, 0.4755794405937195, 0.49498072266578674, 0.514382004737854, 0.5337833166122437, 0.5531845688819885, 0.5725858807563782, 0.591987133026123, 0.6113884449005127, 0.6307896971702576, 0.6501910090446472, 0.6695922613143921, 0.6889935731887817, 0.7083948850631714, 0.7277961373329163, 0.7471974492073059, 0.7665987014770508, 0.7860000133514404, 0.8054012656211853, 0.824802577495575, 0.8442038297653198, 0.8636051416397095, 0.8830063939094543, 0.902407705783844, 0.9218089580535889, 0.9412102699279785, 0.9606115221977234, 0.980012834072113, 0.9994141459465027, 1.0188153982162476, 1.0382167100906372, 1.0576180219650269, 1.077019214630127, 1.0964205265045166, 1.1158218383789062, 1.135223150253296, 1.154624342918396, 1.1740256547927856, 1.1934269666671753, 1.212828278541565, 1.232229471206665, 1.2516307830810547, 1.2710320949554443, 1.290433406829834, 1.3098347187042236, 1.3292359113693237, 1.3486372232437134, 1.368038535118103, 1.3874398469924927, 1.4068410396575928, 1.4262423515319824, 1.445643663406372, 1.4650449752807617, 1.4844461679458618, 1.5038474798202515, 1.5232487916946411, 1.5426501035690308, 1.5620512962341309, 1.5814526081085205, 1.6008539199829102]}, "gradients/h2o.weight": {"_type": "histogram", "values": [1.0, 0.0, 0.0, 0.0, 0.0, 0.0, 0.0, 0.0, 0.0, 0.0, 0.0, 0.0, 0.0, 0.0, 10.0, 3.0, 0.0, 0.0, 0.0, 0.0, 0.0, 0.0, 0.0, 0.0, 0.0, 0.0, 1.0, 0.0, 0.0, 1.0, 0.0, 0.0, 3.0, 11.0, 2.0, 2.0, 0.0, 1.0, 1.0, 0.0, 0.0, 0.0, 0.0, 10.0, 3.0, 1.0, 1.0, 0.0, 0.0, 0.0, 0.0, 0.0, 0.0, 0.0, 1.0, 0.0, 0.0, 0.0, 0.0, 0.0, 0.0, 2.0, 11.0, 1.0], "bins": [-2.6156325340270996, -2.5478007793426514, -2.479969024658203, -2.412137269973755, -2.3443055152893066, -2.2764735221862793, -2.208641767501831, -2.140810012817383, -2.0729782581329346, -2.0051465034484863, -1.937314748764038, -1.8694828748703003, -1.801651120185852, -1.7338193655014038, -1.665987491607666, -1.5981557369232178, -1.5303239822387695, -1.4624922275543213, -1.394660472869873, -1.3268285989761353, -1.258996844291687, -1.1911650896072388, -1.123333215713501, -1.0555014610290527, -0.9876697063446045, -0.9198379516601562, -0.8520061373710632, -0.7841743230819702, -0.716342568397522, -0.6485108137130737, -0.5806789994239807, -0.5128471851348877, -0.44501519203186035, -0.3771834075450897, -0.3093516230583191, -0.24151983857154846, -0.17368805408477783, -0.1058562695980072, -0.03802448511123657, 0.029807299375534058, 0.09763908386230469, 0.16547086834907532, 0.23330265283584595, 0.3011344373226166, 0.3689662218093872, 0.43679800629615784, 0.5046297907829285, 0.5724616050720215, 0.6402933597564697, 0.708125114440918, 0.775956928730011, 0.843788743019104, 0.9116204977035522, 0.9794522523880005, 1.0472841262817383, 1.1151158809661865, 1.1829476356506348, 1.250779390335083, 1.3186111450195312, 1.386443018913269, 1.4542747735977173, 1.5221065282821655, 1.5899384021759033, 1.6577701568603516, 1.7256019115447998]}, "gradients/rnn_cell.bias_hh": {"_type": "histogram", "values": [1.0, 0.0, 0.0, 0.0, 0.0, 0.0, 0.0, 0.0, 0.0, 0.0, 0.0, 0.0, 0.0, 0.0, 0.0, 0.0, 0.0, 0.0, 0.0, 0.0, 0.0, 0.0, 0.0, 0.0, 0.0, 0.0, 0.0, 0.0, 1.0, 0.0, 1.0, 0.0, 0.0, 1.0, 0.0, 0.0, 1.0, 0.0, 4.0, 6.0, 73.0, 4.0, 0.0, 2.0, 0.0, 0.0, 1.0, 2.0, 0.0, 0.0, 1.0, 0.0, 0.0, 0.0, 0.0, 0.0, 0.0, 0.0, 0.0, 0.0, 0.0, 0.0, 0.0, 1.0], "bins": [-0.008250342682003975, -0.008045446127653122, -0.007840550504624844, -0.007635653950273991, -0.007430757861584425, -0.007225861772894859, -0.007020965684205294, -0.006816069129854441, -0.006611173041164875, -0.006406276952475309, -0.006201380863785744, -0.005996484775096178, -0.005791588220745325, -0.005586692132055759, -0.005381796043366194, -0.005176899954676628, -0.004972003400325775, -0.0047671073116362095, -0.004562211222946644, -0.004357315134257078, -0.0041524190455675125, -0.0039475224912166595, -0.003742626402527094, -0.0035377303138375282, -0.0033328342251479626, -0.0031279379036277533, -0.0029230418149381876, -0.0027181454934179783, -0.0025132494047284126, -0.0023083530832082033, -0.0021034569945186377, -0.0018985607894137502, -0.0016936645843088627, -0.0014887683792039752, -0.0012838721740990877, -0.0010789759689942002, -0.0008740798220969737, -0.0006691836169920862, -0.00046428744099102914, -0.0002593912649899721, -5.449505988508463e-05, 0.00015040113066788763, 0.0003552973212208599, 0.0005601934972219169, 0.0007650897023268044, 0.0009699859074316919, 0.0011748820543289185, 0.001379778259433806, 0.0015846744645386934, 0.001789570669643581, 0.0019944668747484684, 0.002199362963438034, 0.0024042592849582434, 0.002609155373647809, 0.0028140516951680183, 0.003018947783857584, 0.0032238438725471497, 0.003428740194067359, 0.0036336362827569246, 0.003838532604277134, 0.0040434286929667, 0.004248324781656265, 0.004453221336007118, 0.004658117424696684, 0.0048630135133862495]}, "gradients/rnn_cell.weight_hh": {"_type": "histogram", "values": [5.0, 4.0, 1.0, 0.0, 0.0, 0.0, 0.0, 1.0, 0.0, 2.0, 1.0, 1.0, 0.0, 0.0, 0.0, 4.0, 0.0, 3.0, 3.0, 0.0, 4.0, 1.0, 7.0, 16.0, 9.0, 12.0, 14.0, 16.0, 28.0, 50.0, 127.0, 2589.0, 169.0, 52.0, 38.0, 15.0, 14.0, 19.0, 6.0, 24.0, 3.0, 0.0, 3.0, 3.0, 0.0, 2.0, 2.0, 1.0, 2.0, 2.0, 0.0, 0.0, 1.0, 0.0, 1.0, 1.0, 0.0, 0.0, 1.0, 1.0, 1.0, 1.0, 3.0, 4.0], "bins": [-0.008527235127985477, -0.008257580921053886, -0.00798792764544487, -0.007718273438513279, -0.007448619697242975, -0.0071789659559726715, -0.006909312214702368, -0.006639658473432064, -0.006370004266500473, -0.006100350525230169, -0.005830696783959866, -0.005561043042689562, -0.005291389301419258, -0.005021735560148954, -0.004752081353217363, -0.00448242761194706, -0.004212773870676756, -0.003943120129406452, -0.003673466155305505, -0.003403812414035201, -0.0031341584399342537, -0.00286450469866395, -0.0025948509573936462, -0.002325196983292699, -0.002055543242022395, -0.0017858893843367696, -0.001516235526651144, -0.0012465817853808403, -0.0009769279276952147, -0.0007072740700095892, -0.00043762027053162456, -0.00016796644194982946, 0.00010168738663196564, 0.00037134121521376073, 0.0006409950437955558, 0.0009106488432735205, 0.001180302700959146, 0.0014499565586447716, 0.0017196102999150753, 0.0019892642740160227, 0.0022589180152863264, 0.00252857175655663, 0.0027982257306575775, 0.0030678794719278812, 0.003337533213198185, 0.0036071871872991323, 0.003876840928569436, 0.0041464949026703835, 0.004416148643940687, 0.004685802385210991, 0.004955456126481295, 0.005225110333412886, 0.005494764074683189, 0.005764417815953493, 0.006034071557223797, 0.006303725298494101, 0.006573379039764404, 0.006843033246695995, 0.007112686987966299, 0.007382340729236603, 0.0076519944705069065, 0.00792164821177721, 0.008191302418708801, 0.008460955694317818, 0.008730609901249409]}, "gradients/rnn_cell.bias_ih": {"_type": "histogram", "values": [1.0, 0.0, 0.0, 0.0, 0.0, 0.0, 0.0, 0.0, 1.0, 0.0, 0.0, 0.0, 0.0, 0.0, 0.0, 0.0, 0.0, 0.0, 0.0, 0.0, 0.0, 0.0, 0.0, 0.0, 0.0, 0.0, 0.0, 0.0, 0.0, 1.0, 1.0, 0.0, 0.0, 0.0, 1.0, 1.0, 1.0, 0.0, 3.0, 4.0, 73.0, 4.0, 1.0, 0.0, 0.0, 1.0, 1.0, 2.0, 0.0, 0.0, 0.0, 1.0, 0.0, 0.0, 1.0, 0.0, 0.0, 0.0, 0.0, 0.0, 0.0, 0.0, 0.0, 1.0],