{"train_loss": 179.54476928710938, "_timestamp": 1711624196.5262735, "_runtime": 21.18023657798767, "_step": 9999, "epoch_train_loss": 1279.554931640625, "epoch_val_loss": 1277.4886521100998, "gradients/h2o.bias": {"_type": "histogram", "values": [1.0, 0.0, 0.0, 0.0, 0.0, 0.0, 0.0, 0.0, 0.0, 0.0, 0.0, 0.0, 0.0, 0.0, 0.0, 0.0, 0.0, 0.0, 0.0, 0.0, 0.0, 0.0, 0.0, 0.0, 0.0, 0.0, 0.0, 0.0, 0.0, 0.0, 0.0, 0.0, 0.0, 0.0, 0.0, 0.0, 0.0, 0.0, 0.0, 0.0, 0.0, 0.0, 0.0, 0.0, 0.0, 0.0, 0.0, 0.0, 0.0, 0.0, 0.0, 0.0, 0.0, 0.0, 0.0, 0.0, 0.0, 0.0, 0.0, 0.0, 0.0, 0.0, 0.0, 1.0], "bins": [-4.923902988433838, -4.923754692077637, -4.923605918884277, -4.923457145690918, -4.923308849334717, -4.923160552978516, -4.923011779785156, -4.922863006591797, -4.922714710235596, -4.9225664138793945, -4.922417640686035, -4.922268867492676, -4.922120571136475, -4.921972274780273, -4.921823501586914, -4.921674728393555, -4.9215264320373535, -4.921378135681152, -4.921229362487793, -4.921080589294434, -4.920932292938232, -4.920783996582031, -4.920635223388672, -4.9204864501953125, -4.920338153839111, -4.92018985748291, -4.920041084289551, -4.919892311096191, -4.91974401473999, -4.919595718383789, -4.91944694519043, -4.91929817199707, -4.919149875640869, -4.919001579284668, -4.918852806091309, -4.918704032897949, -4.918555736541748, -4.918407440185547, -4.9182586669921875, -4.918109893798828, -4.917961597442627, -4.917813301086426, -4.917664527893066, -4.917515754699707, -4.917367458343506, -4.917219161987305, -4.917070388793945, -4.916921615600586, -4.916773319244385, -4.916625022888184, -4.916476249694824, -4.916327476501465, -4.916179180145264, -4.9160308837890625, -4.915882110595703, -4.915733337402344, -4.915585041046143, -4.915436744689941, -4.915287971496582, -4.915139198303223, -4.9149909019470215, -4.91484260559082, -4.914693832397461, -4.914545059204102, -4.9143967628479]}, "gradients/h2o.weight": {"_type": "histogram", "values": [4.0, 0.0, 0.0, 0.0, 0.0, 2.0, 0.0, 0.0, 0.0, 0.0, 0.0, 2.0, 2.0, 0.0, 0.0, 4.0, 0.0, 2.0, 0.0, 4.0, 4.0, 0.0, 0.0, 4.0, 2.0, 0.0, 8.0, 4.0, 2.0, 4.0, 0.0, 4.0, 6.0, 4.0, 0.0, 8.0, 4.0, 2.0, 4.0, 2.0, 6.0, 3.0, 3.0, 2.0, 8.0, 0.0, 0.0, 0.0, 0.0, 3.0, 3.0, 4.0, 2.0, 0.0, 4.0, 0.0, 0.0, 0.0, 0.0, 2.0, 2.0, 0.0, 1.0, 3.0], "bins": [-2240.589599609375, -2173.04443359375, -2105.49951171875, -2037.9544677734375, -1970.409423828125, -1902.8643798828125, -1835.3193359375, -1767.7742919921875, -1700.229248046875, -1632.68408203125, -1565.1390380859375, -1497.593994140625, -1430.0489501953125, -1362.50390625, -1294.9588623046875, -1227.413818359375, -1159.8687744140625, -1092.32373046875, -1024.7786865234375, -957.233642578125, -889.6885986328125, -822.1434936523438, -754.5984497070312, -687.0534057617188, -619.5083618164062, -551.9633178710938, -484.41827392578125, -416.8731994628906, -349.3281555175781, -281.7831115722656, -214.23805236816406, -146.6929931640625, -79.14794921875, -11.602897644042969, 55.94215393066406, 123.4872055053711, 191.03225708007812, 258.5773010253906, 326.12237548828125, 393.66741943359375, 461.21246337890625, 528.7575073242188, 596.3025512695312, 663.8475952148438, 731.3927001953125, 798.937744140625, 866.4827880859375, 934.02783203125, 1001.5728759765625, 1069.117919921875, 1136.6629638671875, 1204.2080078125, 1271.7530517578125, 1339.298095703125, 1406.8431396484375, 1474.38818359375, 1541.933349609375, 1609.4783935546875, 1677.0234375, 1744.5684814453125, 1812.113525390625, 1879.6585693359375, 1947.20361328125, 2014.7486572265625, 2082.293701171875]}, "gradients/i2h.bias": {"_type": "histogram", "values": [1.0, 0.0, 0.0, 0.0, 0.0, 0.0, 0.0, 0.0, 1.0, 1.0, 0.0, 1.0, 1.0, 2.0, 1.0, 3.0, 0.0, 2.0, 2.0, 3.0, 1.0, 0.0, 2.0, 1.0, 2.0, 3.0, 3.0, 2.0, 1.0, 0.0, 1.0, 1.0, 2.0, 2.0, 4.0, 3.0, 1.0, 0.0, 1.0, 1.0, 0.0, 1.0, 0.0, 2.0, 1.0, 1.0, 0.0, 2.0, 1.0, 1.0, 0.0, 1.0, 1.0, 0.0, 1.0, 0.0, 0.0, 0.0, 0.0, 0.0, 0.0, 0.0, 1.0, 2.0], "bins": [-2.7200541496276855, -2.630537509918213, -2.5410208702087402, -2.4515042304992676, -2.361987590789795, -2.2724711894989014, -2.1829545497894287, -2.093437910079956, -2.0039212703704834, -1.9144046306610107, -1.824887990951538, -1.735371470451355, -1.6458548307418823, -1.5563381910324097, -1.4668216705322266, -1.377305030822754, -1.2877883911132812, -1.1982717514038086, -1.108755111694336, -1.0192385911941528, -0.9297219514846802, -0.8402053117752075, -0.7506887316703796, -0.6611721515655518, -0.5716555118560791, -0.48213890194892883, -0.39262229204177856, -0.3031056821346283, -0.21358907222747803, -0.12407246232032776, -0.03455585241317749, 0.05496075749397278, 0.14447712898254395, 0.2339937388896942, 0.3235103487968445, 0.41302695870399475, 0.502543568611145, 0.5920602083206177, 0.6815767884254456, 0.7710933685302734, 0.8606100082397461, 0.9501266479492188, 1.0396432876586914, 1.1291598081588745, 1.2186764478683472, 1.3081930875778198, 1.397709608078003, 1.4872262477874756, 1.5767428874969482, 1.666259527206421, 1.7557761669158936, 1.8452926874160767, 1.9348093271255493, 2.0243258476257324, 2.113842487335205, 2.2033591270446777, 2.2928757667541504, 2.382392406463623, 2.4719090461730957, 2.5614256858825684, 2.650942325592041, 2.7404587268829346, 2.8299753665924072, 2.91949200630188, 3.0090086460113525]}, "gradients/i2h.weight": {"_type": "histogram", "values": [1.0, 0.0, 0.0, 0.0, 0.0, 0.0, 0.0, 0.0, 1.0, 1.0, 0.0, 1.0, 1.0, 2.0, 1.0, 3.0, 0.0, 2.0, 2.0, 3.0, 1.0, 0.0, 2.0, 1.0, 2.0, 3.0, 6.0, 22.0, 111.0, 617.0, 2978.0, 415.0, 69.0, 13.0, 9.0, 3.0, 1.0, 0.0, 1.0, 1.0, 0.0, 1.0, 0.0, 2.0, 1.0, 1.0, 0.0, 2.0, 1.0, 1.0, 0.0, 1.0, 1.0, 0.0, 1.0, 0.0, 0.0, 0.0, 0.0, 0.0, 0.0, 0.0, 1.0, 2.0], "bins": [-10809.146484375, -10453.4189453125, -10097.69140625, -9741.9638671875, -9386.236328125, -9030.5087890625, -8674.78125, -8319.0537109375, -7963.326171875, -7607.59912109375, -7251.87158203125, -6896.14404296875, -6540.41650390625, -6184.68896484375, -5828.96142578125, -5473.23388671875, -5117.50634765625, -4761.77880859375, -4406.05126953125, -4050.32373046875, -3694.59619140625, -3338.868896484375, -2983.141357421875, -2627.413818359375, -2271.686279296875, -1915.958740234375, -1560.231201171875, -1204.5037841796875, -848.7762451171875, -493.0487365722656, -137.32122802734375, 218.40628051757812, 574.1337890625, 929.861328125, 1285.5888671875, 1641.3162841796875, 1997.0438232421875, 2352.771240234375, 2708.498779296875, 3064.226318359375, 3419.953857421875, 3775.681396484375, 4131.40869140625, 4487.13623046875, 4842.86376953125, 5198.59130859375, 5554.31884765625, 5910.04638671875, 6265.77392578125, 6621.50146484375, 6977.22900390625, 7332.95654296875, 7688.68408203125, 8044.41162109375, 8400.138671875, 8755.8662109375, 9111.59375, 9467.3212890625, 9823.048828125, 10178.7763671875, 10534.50390625, 10890.2314453125, 11245.958984375, 11601.6865234375, 11957.4140625]}, "_wandb": {"runtime": 52}}