{"loss": 441.1539340019226, "_timestamp": 1709025993.3191638, "_runtime": 67.35051679611206, "_step": 772, "y loss": 1264.198187828064, "avg_loss": 61.49609795212746, "avg_y_loss": 1259.6275968551636, "val_loss": 62.46727703779172}