{"train_loss": 39.45073699951172, "_timestamp": 1712223625.1877596, "_runtime": 21.44495964050293, "_step": 4583, "epoch_train_loss": 394.55902099609375, "epoch_val_loss": 405.4676094055176, "gradients/h2o.bias": {"_type": "histogram", "values": [1.0, 0.0, 0.0, 0.0, 0.0, 0.0, 0.0, 0.0, 0.0, 0.0, 0.0, 0.0, 0.0, 0.0, 0.0, 0.0, 0.0, 0.0, 0.0, 1.0, 0.0, 0.0, 0.0, 0.0, 0.0, 0.0, 0.0, 0.0, 0.0, 0.0, 0.0, 0.0, 0.0, 0.0, 0.0, 0.0, 0.0, 0.0, 0.0, 0.0, 0.0, 0.0, 0.0, 0.0, 0.0, 0.0, 0.0, 0.0, 0.0, 0.0, 0.0, 0.0, 0.0, 0.0, 0.0, 0.0, 0.0, 0.0, 0.0, 0.0, 0.0, 0.0, 0.0, 1.0], "bins": [-23.808252334594727, -23.068824768066406, -22.329397201538086, -21.589969635009766, -20.850542068481445, -20.111114501953125, -19.371686935424805, -18.632259368896484, -17.892833709716797, -17.153406143188477, -16.413978576660156, -15.67455005645752, -14.935123443603516, -14.195695877075195, -13.456268310546875, -12.716840744018555, -11.977413177490234, -11.237985610961914, -10.498558044433594, -9.759130477905273, -9.019702911376953, -8.28027629852295, -7.540848731994629, -6.801421165466309, -6.061993598937988, -5.322566032409668, -4.583138465881348, -3.8437113761901855, -3.1042838096618652, -2.364856243133545, -1.6254289150238037, -0.886001467704773, -0.1465740203857422, 0.5928534269332886, 1.3322808742523193, 2.0717082023620605, 2.811135768890381, 3.550563335418701, 4.289990425109863, 5.029417991638184, 5.768845558166504, 6.508273124694824, 7.2477006912231445, 7.987127780914307, 8.726554870605469, 9.465982437133789, 10.20541000366211, 10.94483757019043, 11.68426513671875, 12.42369270324707, 13.16312026977539, 13.902547836303711, 14.641975402832031, 15.381402015686035, 16.120830535888672, 16.860258102416992, 17.599685668945312, 18.339111328125, 19.07853889465332, 19.81796646118164, 20.55739402770996, 21.29682159423828, 22.0362491607666, 22.775676727294922, 23.515104293823242]}, "gradients/h2o.weight": {"_type": "histogram", "values": [1.0, 0.0, 1.0, 2.0, 2.0, 0.0, 2.0, 0.0, 0.0, 2.0, 1.0, 1.0, 3.0, 7.0, 5.0, 1.0, 5.0, 71.0, 5.0, 3.0, 5.0, 4.0, 3.0, 40.0, 9.0, 7.0, 7.0, 8.0, 5.0, 4.0, 7.0, 3.0, 43.0, 3.0, 3.0, 6.0, 2.0, 6.0, 2.0, 75.0, 4.0, 4.0, 3.0, 3.0, 1.0, 0.0, 3.0, 3.0, 1.0, 2.0, 0.0, 1.0, 1.0, 1.0, 1.0, 0.0, 1.0, 0.0, 0.0, 0.0, 0.0, 0.0, 0.0, 1.0], "bins": [-60.538692474365234, -58.398643493652344, -56.25859069824219, -54.11853790283203, -51.97848892211914, -49.83843994140625, -47.698387145996094, -45.55833435058594, -43.41828536987305, -41.278236389160156, -39.13818359375, -36.998130798339844, -34.85808181762695, -32.71803283691406, -30.577980041503906, -28.437929153442383, -26.29787826538086, -24.157827377319336, -22.017776489257812, -19.87772560119629, -17.737674713134766, -15.597623825073242, -13.457572937011719, -11.317522048950195, -9.177471160888672, -7.037420272827148, -4.897369384765625, -2.7573184967041016, -0.6172676086425781, 1.5227832794189453, 3.6628341674804688, 5.802885055541992, 7.942939758300781, 10.082990646362305, 12.223041534423828, 14.363092422485352, 16.503143310546875, 18.6431941986084, 20.783245086669922, 22.923295974731445, 25.06334686279297, 27.203397750854492, 29.343448638916016, 31.48349952697754, 33.62355041503906, 35.76360321044922, 37.90365219116211, 40.043701171875, 42.183753967285156, 44.32380676269531, 46.4638557434082, 48.603904724121094, 50.74395751953125, 52.884010314941406, 55.0240592956543, 57.16410827636719, 59.304161071777344, 61.4442138671875, 63.58426284790039, 65.72431182861328, 67.86436462402344, 70.0044174194336, 72.14447021484375, 74.28451538085938, 76.42456817626953]}, "gradients/rnn_cell.bias_ih": {"_type": "histogram", "values": [1.0, 0.0, 0.0, 0.0, 0.0, 0.0, 0.0, 0.0, 0.0, 1.0, 0.0, 0.0, 0.0, 1.0, 0.0, 0.0, 2.0, 1.0, 3.0, 2.0, 4.0, 4.0, 4.0, 9.0, 298.0, 27.0, 7.0, 4.0, 2.0, 2.0, 3.0, 3.0, 0.0, 3.0, 0.0, 1.0, 1.0, 0.0, 0.0, 0.0, 0.0, 0.0, 0.0, 0.0, 0.0, 0.0, 0.0, 0.0, 0.0, 0.0, 0.0, 0.0, 0.0, 0.0, 0.0, 0.0, 0.0, 0.0, 0.0, 0.0, 0.0, 0.0, 0.0, 1.0], "bins": [-0.02946738712489605, -0.02827892079949379, -0.02709045447409153, -0.02590198814868927, -0.02471352182328701, -0.02352505549788475, -0.02233658917248249, -0.02114812284708023, -0.01995965652167797, -0.01877119019627571, -0.01758272387087345, -0.01639425754547119, -0.015205791220068932, -0.014017324894666672, -0.012828858569264412, -0.011640392243862152, -0.010451925918459892, -0.009263459593057632, -0.008074993267655373, -0.006886526942253113, -0.005698060616850853, -0.004509594291448593, -0.0033211279660463333, -0.0021326616406440735, -0.0009441953152418137, 0.00024427101016044617, 0.001432737335562706, 0.002621203660964966, 0.0038096699863672256, 0.0049981363117694855, 0.006186602637171745, 0.007375068962574005, 0.008563537150621414, 0.009752003476023674, 0.010940469801425934, 0.012128936126828194, 0.013317402452230453, 0.014505868777632713, 0.015694335103034973, 0.016882801428437233, 0.018071267753839493, 0.019259734079241753, 0.020448200404644012, 0.021636666730046272, 0.022825133055448532, 0.024013599380850792, 0.025202065706253052, 0.02639053203165531, 0.02757899835705757, 0.02876746468245983, 0.02995593100786209, 0.03114439733326435, 0.03233286365866661, 0.03352133184671402, 0.03470979630947113, 0.03589826077222824, 0.03708672896027565, 0.03827519714832306, 0.03946366161108017, 0.04065212607383728, 0.04184059426188469, 0.0430290624499321, 0.04421752691268921, 0.04540599137544632, 0.04659445956349373]}, "gradients/rnn_cell.bias_hh": {"_type": "histogram", "values": [1.0, 0.0, 0.0, 0.0, 0.0, 0.0, 0.0, 0.0, 0.0, 1.0, 0.0, 0.0, 0.0, 0.0, 0.0, 0.0, 0.0, 0.0, 3.0, 2.0, 3.0, 5.0, 4.0, 9.0, 303.0, 28.0, 5.0, 4.0, 2.0, 2.0, 3.0, 3.0, 0.0, 3.0, 0.0, 1.0, 1.0, 0.0, 0.0, 0.0, 0.0, 0.0, 0.0, 0.0, 0.0, 0.0, 0.0, 0.0, 0.0, 0.0, 0.0, 0.0, 0.0, 0.0, 0.0, 0.0, 0.0, 0.0, 0.0, 0.0, 0.0, 0.0, 0.0, 1.0], "bins": [-0.02946738712489605, -0.02827891707420349, -0.027090448886156082, -0.025901980698108673, -0.024713510647416115, -0.023525040596723557, -0.022336572408676147, -0.02114810422062874, -0.01995963416993618, -0.018771164119243622, -0.017582695931196213, -0.016394227743148804, -0.015205757692456245, -0.014017288573086262, -0.012828819453716278, -0.011640350334346294, -0.01045188121497631, -0.009263412095606327, -0.008074942976236343, -0.00688647385686636, -0.005698004737496376, -0.004509535618126392, -0.0033210664987564087, -0.002132597379386425, -0.0009441282600164413, 0.00024434085935354233, 0.001432809978723526, 0.0026212790980935097, 0.0038097482174634933, 0.004998217336833477, 0.006186686456203461, 0.007375155575573444, 0.008563626557588577, 0.009752095676958561, 0.010940564796328545, 0.012129033915698528, 0.013317503035068512, 0.014505972154438496, 0.01569444127380848, 0.016882911324501038, 0.018071379512548447, 0.019259847700595856, 0.020448317751288414, 0.021636787801980972, 0.02282525599002838, 0.02401372417807579, 0.02520219422876835, 0.026390664279460907, 0.027579132467508316, 0.028767600655555725, 0.029956070706248283, 0.03114454075694084, 0.03233300894498825, 0.03352147713303566, 0.03470994532108307, 0.035898417234420776, 0.037086885422468185, 0.038275353610515594, 0.0394638255238533, 0.04065229371190071, 0.04184076189994812, 0.04302923008799553, 0.04421769827604294, 0.045406170189380646, 0.046594638377428055]}, "gradients/rnn_cell.weight_hh": {"_type": "histogram", "values": [1.0, 0.0, 0.0, 0.0, 0.0, 0.0, 0.0, 0.0, 0.0, 0.0, 0.0, 0.0, 0.0, 1.0, 0.0, 1.0, 1.0, 0.0, 0.0, 0.0, 1.0, 1.0, 0.0, 1.0, 1.0, 2.0, 2.0, 2.0, 39.0, 4.0, 7.0, 5.0, 47.0, 26.0, 44.0, 64.0, 165.0, 506.0, 2075.0, 44308.0, 1227.0, 259.0, 144.0, 56.0, 26.0, 23.0, 45.0, 9.0, 3.0, 2.0, 35.0, 4.0, 3.0, 1.0, 3.0, 0.0, 3.0, 0.0, 0.0, 2.0, 1.0, 0.0, 1.0, 1.0],